Iteration	Posterior	Likelihood	Prior	rate_log_sd	rate_loss	rate_neo	root_freqs[1]	root_freqs[2]	tree_length
0	-524.8442	-550.8476	26.00334	1.071008	5.289987	0.1954806	0.0204358	0.979564	3.219408
6	-528.3628	-552.507	24.1442	0.8135586	5.289987	0.1954806	0.564589	0.435411	4.43823
12	-530.0714	-554.471	24.39961	0.7997799	4.870985	0.2187679	0.310414	0.689586	4.328857
18	-526.4828	-553.3917	26.90881	0.7973218	5.109083	0.2187679	0.310414	0.689586	2.829418
24	-522.1002	-548.1257	26.02555	0.8941623	6.327667	0.2187679	0.25222	0.74778	3.117717
30	-522.8331	-549.4273	26.59428	1.157616	8.660615	0.2486423	0.428452	0.571548	2.265883
36	-526.8409	-553.4336	26.59264	1.307907	9.022657	0.2486423	0.302146	0.697854	2.128699
42	-528.305	-552.2928	23.98787	1.096075	9.698707	0.2436803	0.441198	0.558802	3.773465
48	-525.6698	-551.3034	25.63359	0.8686999	6.822729	0.2436803	0.594305	0.405695	3.259039
54	-526.516	-553.8801	27.36409	1.291892	6.822729	0.09936359	0.594305	0.405695	2.233085
60	-528.4948	-555.7068	27.21191	1.312617	7.162063	0.09936359	0.229886	0.770114	2.271212
66	-526.0595	-548.3709	22.3114	0.6481424	7.483293	0.09936359	0.589139	0.410861	5.459358
72	-530.0902	-552.357	22.26687	0.6395939	8.516535	0.0677788	0.501745	0.498255	5.459358
78	-528.0639	-550.8807	22.81683	0.5739928	8.516535	0.0972617	0.47532	0.52468	5.117639
84	-523.243	-546.1143	22.87123	0.4505635	8.906651	0.0972617	0.471067	0.528933	5.117639
90	-526.3176	-551.5302	25.21255	0.9890402	11.60169	0.0972617	0.731178	0.268822	3.240444
96	-531.8288	-556.5076	24.67875	1.240456	45.85771	0.06907383	0.757323	0.242677	1.97073
102	-533.92	-557.7867	23.86669	1.559247	45.85771	0.06907383	0.454202	0.545798	2.293113
108	-529.1484	-553.1196	23.97123	1.173942	45.85771	0.117188	0.526939	0.473061	2.338021
114	-525.8475	-552.0707	26.22325	1.151612	12.70409	0.09356231	0.764769	0.235231	2.447843
120	-524.8039	-549.3405	24.53664	0.5666334	9.983086	0.09356231	0.484743	0.515257	4.025876
126	-522.1874	-547.7055	25.51817	0.7835895	9.983086	0.1210222	0.765093	0.234907	3.265344
132	-523.3262	-548.7202	25.39407	1.054475	17.64164	0.06529085	0.599013	0.400987	2.761259
138	-526.3039	-551.3935	25.08957	1.093773	17.64164	0.1725315	0.685889	0.314111	2.662183
144	-522.2332	-547.8107	25.57755	0.9369007	10.26888	0.1491766	0.796876	0.203124	3.050603
150	-523.5565	-548.9115	25.35498	0.7675521	7.671545	0.1491766	0.0870437	0.912956	3.54738
156	-528.5417	-553.4456	24.90399	1.000074	8.048304	0.1491766	0.0858321	0.914168	3.632084
162	-525.2227	-550.9834	25.7607	0.9463243	8.048304	0.1527914	0.0626155	0.937385	3.153674
168	-530.8752	-558.7054	27.83018	1.280479	11.20513	0.06463788	0.658025	0.341975	1.505397
174	-530.7716	-558.1652	27.3936	1.32189	15.45647	0.06463788	0.546443	0.453557	1.40348
180	-529.5047	-557.2199	27.71518	1.331453	4.654036	0.2829661	0.664031	0.335969	1.955716
186	-532.3659	-560.6664	28.30044	0.9702272	2.697005	0.2829661	0.303848	0.696152	2.279323
192	-531.3658	-560.0514	28.6856	1.89467	2.697005	0.2829661	0.422341	0.577659	1.369975
198	-530.6366	-557.7945	27.15795	1.57146	6.509489	0.6497117	0.446381	0.553619	1.369121
204	-532.9139	-558.9651	26.05116	1.906256	4.529502	1.487786	0.0758615	0.924138	1.712548
210	-530.2521	-556.7218	26.4697	2.204748	4.87616	1.487786	0.0619582	0.938042	1.065739
216	-533.2154	-561.7387	28.52337	2.115326	6.312121	0.08528871	0.145699	0.854301	0.8421643
222	-534.5083	-561.2379	26.72961	1.545341	13.30729	0.1811346	0.647642	0.352358	1.578381
228	-537.7137	-563.1013	25.38758	1.357138	7.971977	0.1242068	0.396914	0.603086	3.201898
234	-535.8195	-562.5358	26.71632	1.088444	4.328857	0.3206333	0.410902	0.589098	2.753839
240	-534.8229	-562.2321	27.40924	1.500307	5.689834	0.3206333	0.592054	0.407946	1.796412
246	-540.0009	-567.4881	27.48725	2.831968	1.84784	0.3415565	0.504631	0.495369	1.796412
252	-546.0534	-574.6938	28.64039	2.619854	1.84784	0.3517822	0.443331	0.556669	1.043408
258	-549.6921	-576.6834	26.99124	1.577379	1.84784	0.291068	0.850508	0.149492	2.982015
264	-542.056	-567.6666	25.61056	1.151421	19.17944	0.03679249	0.379414	0.620586	2.566293
270	-531.9199	-558.3495	26.4296	1.018768	3.284673	0.258059	0.166271	0.833729	3.277657
276	-536.6237	-561.4355	24.81172	1.398976	2.032265	1.13227	0.424031	0.575969	3.617107
282	-528.7321	-556.4951	27.76306	1.524808	2.919218	0.202096	0.312577	0.687423	2.342742
288	-530.8077	-559.5887	28.78098	1.734168	2.919218	0.4439948	0.189688	0.810312	1.055527
294	-530.4942	-556.5652	26.07107	1.046634	25.85208	0.0404575	0.826198	0.173802	1.986448
300	-536.7498	-563.5018	26.75202	2.726585	5.448643	0.8032352	0.0792525	0.920748	0.663566
306	-534.7966	-563.0217	28.22509	2.953962	3.43949	0.1823865	0.225623	0.774377	0.7563669
312	-534.8575	-564.5254	29.66793	2.581853	1.690438	0.1211537	0.545049	0.454951	0.7708989
318	-539.9394	-566.7137	26.77431	1.739929	2.825118	0.9442645	0.620526	0.379474	2.079404
324	-535.8984	-561.1725	25.27418	0.7513793	22.66371	0.06419747	0.723906	0.276094	2.755288
330	-528.267	-553.1615	24.89452	0.9815168	5.829704	0.06419747	0.603914	0.396086	4.125186
336	-528.9925	-554.1783	25.18581	1.392329	9.532767	0.06419747	0.331773	0.668227	3.291952
342	-528.4189	-555.7284	27.30953	1.479781	5.00668	0.2542463	0.471927	0.528073	2.106533
348	-528.6889	-555.3777	26.68881	1.772573	6.484922	0.2412499	0.442187	0.557813	2.100524
354	-526.3357	-554.2392	27.9035	1.764833	4.187524	0.3074313	0.0893246	0.910675	1.582645
360	-528.1057	-554.7367	26.631	2.310587	5.237523	0.1716633	0.27267	0.72733	2.121762
366	-524.656	-551.4509	26.79485	2.113967	5.237523	0.3813589	0.286905	0.713095	1.790052
372	-529.668	-557.1292	27.46126	1.338455	5.237523	0.4388818	0.338241	0.661759	1.790052
378	-521.3979	-548.0379	26.64001	1.44287	6.629565	0.194125	0.411061	0.588939	2.409202
384	-523.9298	-549.8605	25.93073	1.181482	4.760365	0.5174351	0.304781	0.695219	2.869672
390	-525.5621	-553.158	27.59589	1.656835	3.132074	0.9486057	0.148809	0.851191	1.468278
396	-529.3586	-557.458	28.09943	1.826747	6.18669	0.1216083	0.395795	0.604205	1.38612
402	-530.9341	-557.4601	26.52598	2.350209	10.17577	0.05872162	0.217459	0.782541	1.804511
408	-523.8253	-552.066	28.24076	1.468898	5.126898	0.173285	0.406616	0.593384	1.613115
414	-522.2031	-547.995	25.79189	1.794136	15.72582	0.1418091	0.172329	0.827671	1.957595
420	-525.2595	-551.5665	26.30703	0.9583886	7.487993	0.1623115	0.309442	0.690558	2.864741
426	-528.8633	-553.8581	24.99482	1.147042	12.36022	0.11763	0.749817	0.250183	3.165317
432	-528.3146	-554.9357	26.62111	1.331395	5.47268	0.11763	0.336552	0.663448	2.825081
438	-530.2399	-555.9302	25.69028	2.318394	8.12463	0.6579961	0.0717405	0.928259	1.65193
444	-529.6012	-555.2415	25.64026	2.114496	6.576394	2.060351	0.412811	0.587189	1.173948
450	-528.689	-555.205	26.51598	2.101836	3.545672	2.060351	0.158171	0.841829	1.172102
456	-530.6714	-557.0694	26.39805	2.168028	3.545672	2.294498	0.0413121	0.958688	1.103582
462	-536.5129	-562.8015	26.28867	1.65455	4.935926	1.064464	0.433272	0.566728	1.884998
468	-532.7149	-561.6552	28.94031	2.227896	1.720371	0.5730556	0.467085	0.532915	0.8062875
474	-528.7109	-558.3372	29.62625	2.085372	1.720371	0.1942187	0.467085	0.532915	1.067352
480	-530.393	-557.1952	26.80216	1.671154	10.32069	0.397219	0.285622	0.714378	1.338638
486	-529.5794	-557.3347	27.7553	1.633196	7.645956	0.3138941	0.37813	0.62187	1.103373
492	-531.2999	-557.8689	26.56901	1.633196	6.344837	0.2570146	0.0559322	0.944068	2.262625
498	-536.7867	-565.4432	28.65651	1.863918	2.148179	0.2570146	0.603135	0.396865	1.66999
504	-542.4617	-569.7962	27.33457	2.166171	1.359404	1.157136	0.282997	0.717003	1.853022
510	-545.2672	-574.5568	29.28957	2.664187	1.002856	0.4329893	0.539587	0.460413	0.2694603
516	-544.2545	-572.949	28.69452	2.406726	2.417126	0.4329893	0.570494	0.429506	0.3830723
522	-538.435	-566.2644	27.82937	2.524094	2.108846	0.275593	0.17226	0.82774	1.770267
528	-540.1304	-569.8136	29.68318	2.46723	1.628039	0.06915428	0.592822	0.407178	1.157978
534	-534.7625	-561.0654	26.3029	2.188919	1.628039	1.483311	0.833546	0.166454	2.215039
540	-536.5219	-566.0522	29.53026	2.649702	1.139424	0.3249923	0.731155	0.268845	0.411748
546	-534.5511	-563.4051	28.85407	2.482349	1.190391	0.6657599	0.76861	0.23139	0.9261754
552	-535.4536	-565.1756	29.72202	2.305699	1.190391	0.2535302	0.76861	0.23139	0.9884228
558	-536.7314	-565.4573	28.72592	1.961972	1.190391	0.2535302	0.667374	0.332626	2.014293
564	-530.0352	-557.556	27.52075	1.252587	4.370314	0.3026517	0.0804061	0.919594	2.162643
570	-533.1243	-560.6402	27.5159	1.557603	4.467267	0.1468538	0.20504	0.79496	2.234772
576	-532.4687	-559.4795	27.01078	2.296245	3.741512	0.769469	0.329284	0.670716	1.402489
582	-526.1696	-554.2893	28.11966	2.038026	3.631027	0.3949244	0.329284	0.670716	1.204991
588	-527.3357	-554.7068	27.37103	1.809637	3.631027	0.443383	0.186912	0.813088	1.867229
594	-530.1498	-556.5223	26.37245	1.628961	3.631027	1.396849	0.397227	0.602773	1.935367
600	-538.1299	-565.1335	27.00362	3.076307	1.563683	1.74637	0.461269	0.538731	0.2391088
606	-535.2163	-563.4048	28.1885	3.16347	1.3972	0.4935888	0.629108	0.370892	0.2029416
612	-531.2693	-559.6401	28.37085	1.71614	2.212174	0.3513609	0.469535	0.530465	1.79627
618	-531.3968	-555.8918	24.49499	1.240436	12.75621	0.09640339	0.619598	0.380402	3.426177
624	-536.5571	-561.8355	25.27835	1.402683	12.75621	0.5333348	0.0607162	0.939284	2.192064
630	-531.6855	-558.6166	26.93102	1.552375	6.762224	0.552714	0.198096	0.801904	1.618116
636	-533.348	-559.627	26.27903	1.574874	2.074648	1.044669	0.444919	0.555081	2.673244
642	-536.1377	-564.3813	28.24365	3.198421	1.125872	0.5423153	0.629929	0.370071	0.1842024
648	-546.9617	-575.2277	28.26608	3.198421	1.125872	0.4242176	0.569075	0.430925	0.1415548
654	-532.2062	-559.1101	26.9039	2.310475	2.147531	2.469599	0.259814	0.740186	0.9994625
660	-537.1299	-564.3748	27.24492	2.3246	2.147531	1.934107	0.10681	0.89319	0.9342434
666	-536.6612	-562.9489	26.28775	2.270086	2.147531	2.225174	0.30098	0.69902	1.637926
672	-534.211	-559.689	25.47803	1.939107	2.765553	2.225174	0.0757231	0.924277	2.201511
678	-524.3302	-551.7219	27.39171	1.939107	6.821896	0.4266586	0.0620528	0.937947	1.101812
684	-528.5334	-554.3524	25.81895	1.468805	20.0164	0.2766119	0.199836	0.800164	1.599545
690	-528.7778	-552.982	24.20418	1.177872	30.86301	0.1857892	0.227408	0.772592	2.513038
696	-526.5015	-551.443	24.94144	1.356914	19.13191	0.07404985	0.416379	0.583621	2.741771
702	-535.4969	-562.1898	26.69292	1.555293	10.69522	0.04872311	0.707564	0.292436	2.204009
708	-532.1536	-560.8451	28.69154	2.112094	5.017767	0.04498441	0.500167	0.499833	1.197399
714	-534.236	-560.9122	26.67622	1.322183	4.756114	0.1686629	0.17037	0.82963	2.805526
720	-530.3578	-557.5895	27.23166	1.160726	4.756114	0.3192236	0.544811	0.455189	2.308558
726	-529.5866	-556.38	26.7934	1.017494	10.37609	0.2495875	0.131576	0.868424	2.041946
732	-529.4314	-555.6566	26.22516	0.9403605	6.194633	0.2007766	0.371195	0.628805	3.020637
738	-530.6922	-556.7601	26.06794	1.592164	8.536029	0.1719858	0.371195	0.628805	2.479691
744	-530.655	-557.6902	27.0352	1.364165	13.73241	0.1719858	0.643452	0.356548	1.468969
750	-539.5379	-563.1514	23.61351	0.8854546	13.73241	0.09080785	0.100724	0.899276	4.083699
756	-537.5277	-563.7309	26.20325	0.6793242	13.46093	0.09080785	0.60758	0.39242	2.70186
762	-532.4919	-558.5158	26.02388	0.8205813	9.112527	0.1577337	0.592659	0.407341	2.947152
768	-534.4397	-560.9118	26.4721	1.365459	9.112527	0.3254746	0.40403	0.59597	2.038544
774	-530.6869	-556.3551	25.66825	1.033578	4.583364	0.4370606	0.333062	0.666938	3.22879
780	-526.1073	-552.6456	26.53829	0.81149	4.026734	0.1717279	0.555789	0.444211	3.323487
786	-530.602	-557.6012	26.99916	1.71222	9.116707	0.1738424	0.471532	0.528468	1.716217
792	-527.9708	-552.0441	24.07328	1.631173	6.331102	0.31433	0.175186	0.824814	3.688424
798	-522.1675	-550.3325	28.16503	1.643909	6.331102	0.2289931	0.390055	0.609945	1.167146
804	-526.9305	-552.2097	25.27927	1.600807	6.331102	0.5299036	0.334971	0.665029	2.751457
810	-527.9866	-555.0939	27.10736	1.294899	5.51771	0.2708555	0.474065	0.525935	2.241242
816	-528.7929	-557.1595	28.36657	2.329171	5.020709	0.1711787	0.420875	0.579125	0.7655538
822	-528.0814	-556.499	28.41761	2.096335	4.175517	0.1711787	0.516871	0.483129	1.214366
828	-530.3567	-559.1709	28.81421	1.996405	4.404039	0.06912152	0.586978	0.413022	1.243483
834	-525.4914	-552.7565	27.26515	1.364093	11.80921	0.06912152	0.366673	0.633327	1.775474
840	-534.5523	-562.6482	28.09585	1.536582	11.80921	0.06912152	0.811784	0.188216	0.9733286
846	-526.2924	-552.149	25.85654	1.323969	11.80921	0.06912152	0.474504	0.525496	2.711569
852	-529.7086	-555.5925	25.88393	1.23008	12.30335	0.06912152	0.00991711	0.990083	2.711569
858	-521.1415	-545.1527	24.01117	0.6106763	12.30335	0.07726348	0.244104	0.755896	4.151338
864	-525.4921	-546.6798	21.18768	0.9421899	33.37714	0.05640962	0.159424	0.840576	4.627703
870	-535.7253	-561.7342	26.0089	1.220088	10.66263	0.3074067	0.702267	0.297733	2.300034
876	-535.1228	-559.6216	24.49884	1.558143	4.165945	1.768035	0.388346	0.611654	2.883802
882	-526.4556	-552.0937	25.63817	1.343217	7.235025	0.5916564	0.437906	0.562094	2.5089
888	-522.9722	-550.8837	27.91148	1.366815	2.006415	0.1282776	0.315346	0.684654	2.786713
894	-527.6384	-557.4919	29.85351	1.763393	2.074087	0.246165	0.217008	0.782992	0.7689058
900	-526.465	-554.7391	28.27402	1.950685	3.328105	0.1841756	0.111818	0.888182	1.6388
906	-522.8961	-550.3453	27.44924	1.457487	4.819516	0.1841756	0.124624	0.875376	2.194411
912	-524.598	-550.8239	26.22596	1.153452	2.713296	0.3155623	0.25703	0.74297	3.380159
918	-524.4716	-552.3111	27.83948	1.322722	1.87071	0.298955	0.25703	0.74297	2.600356
924	-527.8642	-555.53	27.66574	1.478685	1.87071	0.8133945	0.165621	0.834379	2.087372
930	-524.8269	-550.6881	25.86124	1.35243	4.252409	0.6039713	0.0659576	0.934042	2.822145
936	-531.8295	-557.9998	26.17035	1.630702	5.062647	0.9768457	0.0804349	0.919565	2.014751
942	-533.5384	-559.3928	25.85441	1.950657	7.191391	1.106647	0.0804349	0.919565	1.571011
948	-529.5744	-558.0806	28.50623	2.018036	7.191391	0.08650231	0.658685	0.341315	0.7264238
954	-529.2953	-555.5784	26.28304	2.018036	18.37594	0.3158506	0.656963	0.343037	0.7264238
960	-534.5397	-561.0514	26.51165	2.0455	18.37594	0.2188911	0.656963	0.343037	0.7068363
966	-534.4416	-560.7085	26.26693	2.1211	11.05848	0.1075038	0.391636	0.608364	1.896335
972	-536.0201	-560.9459	24.92578	1.753335	17.47778	0.1990604	0.405102	0.594898	2.309968
978	-535.2984	-561.29	25.99165	1.922164	11.15505	0.1334311	0.819811	0.180189	2.135045
984	-540.4966	-564.4578	23.96118	1.772352	32.31073	0.1803054	0.595225	0.404775	2.24734
990	-540.1546	-563.1029	22.94836	1.806187	19.02864	0.1996972	0.0469678	0.953032	3.389693
996	-542.7387	-566.2513	23.51263	1.201902	19.02864	0.1907602	0.0410936	0.958906	3.429006
1002	-534.9682	-559.4816	24.51342	1.055683	10.36515	0.1907602	0.339963	0.660037	3.519072
1008	-534.4565	-557.0311	22.57468	0.9689458	10.36515	0.0909089	0.141367	0.858633	4.877824
1014	-533.2414	-557.0936	23.85224	0.3638394	11.59895	0.08830774	0.447402	0.552598	4.40667
1020	-538.8098	-562.8994	24.08958	0.8668689	6.840617	0.09299903	0.557602	0.442398	4.438049
1026	-543.6047	-569.903	26.29827	0.7768366	6.840617	0.08077767	0.70709	0.29291	3.250374
1032	-537.4335	-561.462	24.02847	1.474431	5.35344	0.05993214	0.51181	0.48819	4.417403
1038	-538.5914	-565.7807	27.18929	1.554062	2.978768	0.2954013	0.532936	0.467064	2.514651
1044	-532.2383	-556.8059	24.56765	1.340497	4.268711	0.3459034	0.0492599	0.95074	3.851982
1050	-533.1631	-560.5445	27.38139	1.453814	3.54532	0.2903591	0.236946	0.763054	2.322159
1056	-527.8279	-554.4694	26.64148	1.458044	5.940573	0.2903591	0.40407	0.59593	2.336722
1062	-529.2078	-555.7622	26.55446	2.203311	7.980857	0.456804	0.426265	0.573735	1.342203
1068	-537.0346	-563.7617	26.72702	2.232472	10.64817	0.456804	0.230636	0.769364	0.6688778
1074	-535.9312	-562.2999	26.36873	2.428591	1.785036	0.4498148	0.443378	0.556622	2.669931
1080	-531.3298	-558.7673	27.43752	2.9022	2.014019	0.8776518	0.0805763	0.919424	1.081504
1086	-529.016	-554.3873	25.37135	2.596557	3.73041	3.950768	0.0519441	0.948056	0.9448889
1092	-528.6071	-554.8562	26.24909	1.926819	2.798803	0.6994445	0.0523138	0.947686	2.486044
1098	-528.6571	-556.2178	27.56073	1.25083	1.625117	0.2491784	0.44377	0.55623	2.986565
1104	-527.6692	-554.8404	27.17127	1.155413	2.612775	0.2534297	0.205211	0.794789	2.93431
1110	-535.168	-559.6384	24.4704	1.000824	6.187169	0.1771002	0.243256	0.756744	4.05212
1116	-534.9136	-559.3623	24.44868	0.9342861	6.187169	0.0682795	0.473546	0.526454	4.344646
1122	-529.5144	-554.1309	24.61645	0.494291	11.2622	0.0682795	0.424202	0.575798	3.978358
1128	-527.0593	-552.6401	25.58073	0.7185929	4.70442	0.1877104	0.403149	0.596851	3.781508
1134	-530.979	-557.131	26.15197	0.7376418	7.412929	0.1172716	0.254333	0.745667	3.197137
1140	-527.3225	-553.4051	26.08266	0.795064	6.229666	0.1952449	0.426671	0.573329	3.197137
1146	-527.1382	-552.6963	25.5581	0.674434	6.229666	0.167574	0.464864	0.535136	3.626486
1152	-528.0716	-553.4761	25.40452	0.6001016	6.229666	0.2448755	0.381559	0.618441	3.626486
1158	-531.1104	-559.0559	27.94551	1.516963	5.489849	0.1955381	0.460337	0.539663	1.671031
1164	-538.598	-562.6098	24.01174	1.556365	17.55138	0.2964359	0.565611	0.434389	2.835727
1170	-524.9967	-550.8059	25.80921	0.9209188	10.03216	0.1790031	0.577236	0.422764	2.883075
1176	-526.0543	-552.5516	26.49725	1.350997	10.03216	0.1790031	0.467956	0.532044	2.185516
1182	-527.6169	-554.7728	27.15595	1.154859	10.36345	0.1790031	0.709219	0.290781	1.843453
1188	-527.864	-553.9828	26.11882	1.225375	8.328936	0.1890597	0.244373	0.755627	2.665548
1194	-523.0373	-547.9528	24.91554	1.178161	12.03113	0.2185681	0.494445	0.505555	3.019773
1200	-526.852	-552.8737	26.02171	1.203931	12.03113	0.2185681	0.590495	0.409505	2.322541
1206	-533.1285	-559.2434	26.11488	1.349542	14.5206	0.3471313	0.196939	0.803061	1.750222
1212	-529.5597	-553.228	23.66827	0.5085939	7.420202	0.1446985	0.40119	0.59881	4.693162
1218	-536.5989	-561.1216	24.52271	0.8988168	3.403593	0.2287782	0.40119	0.59881	4.460967
1224	-533.3581	-558.4738	25.11569	0.8466132	3.403593	0.2287782	0.531785	0.468215	4.155061
1230	-533.4656	-558.6838	25.21825	0.8788839	2.568127	0.2287782	0.216764	0.783236	4.281641
1236	-532.2239	-557.6944	25.47048	0.4813838	2.568127	0.2287782	0.379636	0.620364	4.363777
1242	-532.0371	-556.5005	24.46345	0.5209256	4.7136	0.2960067	0.481031	0.518969	4.363777
1248	-531.1542	-556.0105	24.85631	0.5085653	4.7136	0.1600481	0.285254	0.714746	4.363777
1254	-529.7954	-554.148	24.35256	0.5121587	7.073144	0.1363583	0.509921	0.490079	4.363777
1260	-530.302	-555.167	24.86502	0.5039532	6.067388	0.1575725	0.335008	0.664992	4.163261
1266	-532.3319	-558.9748	26.64294	0.677012	6.888023	0.1575725	0.663652	0.336348	2.916854
1272	-533.4041	-559.817	26.41291	0.8242487	5.460398	0.2468587	0.54511	0.45489	3.009266
1278	-529.3946	-551.943	22.54837	0.3978389	3.873346	0.2249491	0.224539	0.775461	5.744927
1284	-533.025	-555.6703	22.64526	0.5911219	3.873346	0.2249491	0.262961	0.737039	5.585796
1290	-536.3409	-561.1235	24.78265	0.9497024	3.52919	0.1783182	0.271158	0.728842	4.343198
1296	-542.2828	-568.71	26.42715	1.177171	2.737226	0.2613068	0.185449	0.814551	3.317809
1302	-530.5153	-556.8517	26.33647	1.112312	9.48556	0.1832975	0.132173	0.867827	2.487038
1308	-530.8511	-557.4464	26.59538	1.136771	4.263134	0.5152915	0.0411048	0.958895	2.585146
1314	-530.808	-557.0883	26.28027	1.080672	2.737226	0.2393553	0.17771	0.82229	3.49405
1320	-537.1503	-564.2273	27.07697	1.56946	5.08049	0.2712683	0.600265	0.399735	2.158256
1326	-538.9395	-564.519	25.57947	1.654727	9.429846	0.3072114	0.387255	0.612745	2.41989
1332	-531.2675	-555.9216	24.65402	1.16901	7.153186	0.544097	0.37863	0.62137	3.264109
1338	-532.8025	-559.0413	26.23876	1.435864	2.485524	0.544097	0.37863	0.62137	3.017756
1344	-528.2017	-553.7013	25.49966	1.347188	13.78699	0.1457871	0.504245	0.495755	2.565258
1350	-526.7556	-554.2482	27.49257	0.9541603	4.828138	0.1457871	0.532418	0.467582	2.565258
1356	-525.3076	-550.3406	25.03302	0.9684175	4.676314	0.1015601	0.149054	0.850946	4.134303
1362	-522.6758	-547.9141	25.2383	0.9029901	3.694888	0.3687455	0.386599	0.613401	3.802237
1368	-524.6777	-549.564	24.88631	0.9824919	3.067093	0.3687455	0.103094	0.896906	4.097205
1374	-525.8386	-551.032	25.19334	0.9212774	4.630813	0.172678	0.318868	0.681132	3.927583
1380	-528.4483	-554.3903	25.94199	0.8962873	3.00333	0.1302649	0.188805	0.811195	3.927583
1386	-524.3464	-550.4047	26.05827	0.5086994	3.00333	0.2129701	0.396688	0.603312	3.927583
1392	-523.3027	-547.8938	24.59109	0.7998787	4.652797	0.2196974	0.396688	0.603312	4.255001
1398	-521.4766	-547.9003	26.4237	0.9929726	5.043542	0.1131216	0.320023	0.679977	3.226123
1404	-531.9653	-555.229	23.26375	1.086713	3.342975	0.4429532	0.00115815	0.998842	4.810068
1410	-526.5828	-552.3849	25.80215	1.090394	3.342975	0.2078537	0.244344	0.755656	3.669175
1416	-531.2187	-557.0867	25.86801	0.8385304	4.846254	0.2078537	0.458811	0.541189	3.486302
1422	-527.0152	-552.7482	25.73293	0.8600156	5.254439	0.2078537	0.282929	0.717071	3.486302
1428	-522.8434	-548.8288	25.98546	0.8888102	6.386138	0.1717957	0.464388	0.535612	3.221344
1434	-534.2414	-561.2376	26.99613	1.029094	2.388567	0.1717957	0.551638	0.448362	3.320174
1440	-530.4448	-557.3382	26.8934	1.011564	2.388567	0.1987378	0.281727	0.718273	3.341403
1446	-533.1924	-560.1173	26.92493	1.457281	1.306241	0.7367134	0.469742	0.530258	2.874427
1452	-535.5351	-560.7498	25.21468	0.9675469	3.661323	0.4656836	0.431747	0.568253	3.680558
1458	-536.3785	-560.161	23.78247	1.114108	3.661323	0.1414801	0.527512	0.472488	4.85501
1464	-542.9275	-567.211	24.28345	1.379156	3.993147	0.1032147	0.311626	0.688374	4.444246
1470	-532.8165	-558.2211	25.40458	1.061688	3.993147	0.1720072	0.220287	0.779713	3.843056
1476	-536.7431	-560.8831	24.14002	0.857176	4.502972	0.1720072	0.52458	0.47542	4.583967
1482	-543.3696	-568.702	25.33237	0.9230464	26.2496	0.06160596	0.86637	0.13363	2.457416
1488	-531.1111	-556.0549	24.94375	1.311664	26.2496	0.06160596	0.809095	0.190905	2.457416
1494	-524.8756	-551.3739	26.49832	1.356686	10.23995	0.06160596	0.63946	0.36054	2.457416
1500	-529.226	-556.6705	27.44453	1.47294	8.00658	0.06331751	0.101707	0.898293	2.013023
1506	-527.1009	-553.8293	26.72842	1.421009	8.136451	0.06331751	0.575831	0.424169	2.491401
1512	-524.3404	-551.0241	26.68367	1.122853	7.442021	0.1855422	0.692941	0.307059	2.491401
1518	-526.4975	-552.784	26.28643	1.099174	7.35129	0.1855422	0.212211	0.787789	2.762748
1524	-528.23	-552.7534	24.52348	0.7839668	7.35129	0.1855422	0.101097	0.898903	3.984982
1530	-539.0332	-565.4589	26.42572	0.9380171	4.336864	0.1855422	0.366154	0.633846	3.229835
1536	-536.7528	-564.6234	27.87058	1.670808	5.921838	0.2039445	0.570303	0.429697	1.515946
1542	-539.5965	-566.1673	26.57081	1.579311	16.28169	0.1385772	0.454738	0.545262	1.528186
1548	-535.4781	-561.498	26.01986	1.579311	6.396131	0.2754888	0.425512	0.574488	2.605601
1554	-538.4089	-565.1558	26.74691	1.608742	3.470905	0.1709498	0.521496	0.478504	2.842391
1560	-533.4475	-559.4053	25.95786	0.9342538	8.339952	0.1190762	0.506063	0.493937	3.085225
1566	-533.6837	-559.3406	25.65697	0.8357232	11.8804	0.0818897	0.710414	0.289586	3.085225
1572	-538.8844	-564.737	25.85255	1.123083	11.48118	0.2392301	0.517404	0.482596	2.492069
1578	-543.252	-569.5516	26.29957	1.980129	17.51635	0.2392301	0.449637	0.550363	1.0626
1584	-533.3963	-560.1545	26.75819	1.229655	5.673662	0.133155	0.699317	0.300683	2.735799
1590	-529.694	-556.5613	26.8673	0.9894056	5.649148	0.133155	0.302565	0.697435	2.819548
1596	-537.5077	-563.5922	26.08455	1.391983	18.22737	0.133155	0.417728	0.582272	1.882682
1602	-528.4075	-554.4409	26.03339	1.253015	7.305444	0.1201502	0.141463	0.858537	2.966605
1608	-530.0727	-555.2646	25.19188	0.8479039	9.414023	0.2459685	0.529528	0.470472	3.239537
1614	-527.8065	-554.5562	26.74977	0.8334644	4.782385	0.2079784	0.297305	0.702695	2.978264
1620	-528.4195	-554.9327	26.51316	0.9872616	4.437265	0.1605418	0.723294	0.276706	3.178373
1626	-530.2437	-555.7771	25.53334	1.205812	4.437265	0.1605418	0.147563	0.852437	3.624711
1632	-533.2099	-558.2326	25.02269	1.051278	11.99377	0.2344805	0.594423	0.405577	3.008139
1638	-525.8573	-552.807	26.94965	1.019718	3.27065	0.2344805	0.315469	0.684531	3.008139
1644	-529.622	-553.724	24.10194	0.5901002	4.075796	0.2344805	0.114164	0.885836	4.727137
1650	-530.3061	-557.6995	27.39347	1.061092	4.075796	0.3029807	0.106479	0.893521	2.426692
1656	-530.0049	-555.3721	25.36724	1.345423	4.075796	0.3029807	0.214442	0.785558	3.477542
1662	-532.4916	-558.0273	25.53571	1.600386	3.698518	1.095392	0.21364	0.78636	2.638872
1668	-531.1435	-556.3675	25.22401	1.346411	3.698518	0.5373591	0.231452	0.768548	3.377631
1674	-524.1868	-552.9981	28.81127	1.93039	4.176504	0.1831887	0.528157	0.471843	0.9674659
1680	-526.8631	-555.1236	28.26046	1.839399	4.176504	0.1259724	0.528157	0.471843	1.656182
1686	-529.7853	-553.4547	23.66937	1.744356	9.633045	0.1795663	0.528157	0.471843	3.696549
1692	-519.0248	-546.5067	27.48189	1.057254	4.459206	0.3054427	0.562427	0.437573	2.291691
1698	-521.3748	-548.842	27.46721	1.507522	4.459206	0.4084607	0.368233	0.631767	1.862777
1704	-522.1738	-548.2787	26.10485	1.486285	4.275633	0.5477616	0.536832	0.463168	2.638069
1710	-526.234	-552.5634	26.32946	1.202997	17.69835	0.2212996	0.236823	0.763177	1.681467
1716	-524.3531	-551.2328	26.87966	1.165676	7.30755	0.255678	0.377831	0.622169	2.231306
1722	-517.1313	-544.4992	27.36789	0.9448903	7.30755	0.1641661	0.498277	0.501723	2.231306
1728	-526.6406	-552.8893	26.2487	1.695441	7.30755	0.2968521	0.492203	0.507797	2.231306
1734	-524.7739	-552.7943	28.0204	1.519772	3.602243	0.2680409	0.464942	0.535058	1.881076
1740	-534.1002	-560.508	26.40779	1.195932	3.602243	0.3928241	0.29322	0.70678	2.93427
1746	-538.1994	-564.3928	26.1934	1.324306	6.172761	0.1106931	0.445158	0.554842	2.999698
1752	-542.6127	-570.2234	27.61071	1.971999	6.172761	0.1106931	0.445158	0.554842	1.676209
1758	-537.9499	-565.8615	27.91162	2.871544	6.172761	0.07613727	0.561964	0.438036	0.7478125
1764	-532.7212	-560.352	27.63082	1.617048	3.383426	0.1254591	0.223063	0.776937	2.411096
1770	-533.2682	-560.4074	27.13923	1.679716	5.929128	0.7042538	0.542905	0.457095	1.348361
1776	-528.7046	-557.0744	28.36978	2.118217	2.759108	0.3222702	0.250069	0.749931	1.348361
1782	-533.413	-559.4778	26.0648	1.961101	7.468092	0.4121392	0.195553	0.804447	1.997905
1788	-536.068	-559.9759	23.90788	1.538191	11.14424	0.2109564	0.461089	0.538911	3.488344
1794	-531.6414	-555.2263	23.58489	1.496334	11.14424	0.0909343	0.0619304	0.93807	3.945108
1800	-525.7845	-552.5397	26.75521	0.7916645	6.11174	0.08193276	0.663234	0.336766	3.065119
1806	-525.4682	-553.7202	28.25202	1.622506	1.965562	0.1980405	0.396836	0.603164	2.283657
1812	-531.751	-559.4289	27.67787	1.495402	3.323865	0.3963973	0.346143	0.653857	2.009408
1818	-523.2278	-550.7304	27.50256	1.481905	4.57569	0.3336285	0.47006	0.52994	1.935206
1824	-522.8475	-550.7911	27.94359	1.547818	4.57569	0.3336285	0.495017	0.504983	1.580495
1830	-528.1474	-556.5125	28.36512	2.521052	5.116157	0.116933	0.148403	0.851597	0.7322636
1836	-533.8975	-562.5436	28.64614	1.905257	3.040789	0.3120849	0.732092	0.267908	1.214158
1842	-531.5674	-560.922	29.35465	1.533518	3.040789	0.1445986	0.290597	0.709403	1.325225
1848	-531.215	-557.0644	25.8494	2.217133	9.490718	1.122386	0.312772	0.687228	0.9903977
1854	-521.3994	-549.82	28.4206	1.51288	4.277481	0.3271138	0.165164	0.834836	1.32444
1860	-523.4944	-551.5638	28.06937	1.815517	4.277481	0.2423057	0.11142	0.88858	1.52015
1866	-527.8826	-553.2109	25.3283	2.158565	7.39102	1.0645	0.115092	0.884908	1.796495
1872	-526.995	-555.4713	28.47631	1.957019	2.583563	0.609522	0.488339	0.511661	1.026389
1878	-529.5658	-558.5551	28.98932	2.20867	2.583563	0.1204718	0.40146	0.59854	1.313344
1884	-535.0218	-562.4574	27.43557	1.962829	4.004668	0.9745813	0.265401	0.734599	1.055111
1890	-534.3562	-560.9688	26.61257	2.080307	4.004668	2.025811	0.301758	0.698242	0.9676327
1896	-529.4342	-557.5511	28.11689	1.569857	4.029564	0.4582293	0.579332	0.420668	1.380441
1902	-529.6067	-555.5379	25.93121	1.646065	3.346321	1.009111	0.319662	0.680338	2.498197
1908	-524.0864	-551.6061	27.51975	1.422527	7.839148	0.2580206	0.253157	0.746843	1.542284
1914	-525.136	-551.0581	25.92213	1.80564	4.953835	1.245097	0.123087	0.876913	1.917639
1920	-531.3881	-557.6557	26.26756	2.623015	5.218062	1.245097	0.126228	0.873772	0.946827
1926	-525.811	-551.8578	26.04681	2.513625	5.218062	2.086776	0.251306	0.748694	0.5626201
1932	-520.7535	-546.9336	26.18013	1.572433	12.80543	0.2603597	0.151658	0.848342	1.834047
1938	-527.7794	-554.2695	26.49007	1.590981	3.95931	0.9684614	0.0770425	0.922957	2.058818
1944	-543.61	-565.6508	22.04078	3.811067	3.506226	18.7169	0.364727	0.635273	0.691993
1950	-538.5534	-565.7207	27.16728	1.571132	10.5092	0.0579926	0.395885	0.604115	1.866581
1956	-538.1351	-566.1383	28.00315	1.306634	4.876486	0.1971685	0.709299	0.290701	1.890081
1962	-527.3134	-554.3008	26.98731	1.566375	4.876486	0.1971685	0.235266	0.764734	2.384265
1968	-528.983	-555.331	26.34803	1.228542	4.876486	0.7184222	0.0417874	0.958213	2.384265
1974	-526.8974	-553.8969	26.99958	1.407539	8.079039	0.2084641	0.261225	0.738775	1.979425
1980	-528.1354	-555.3997	27.26439	1.482801	5.291012	0.2084641	0.292144	0.707856	2.165222
1986	-522.8778	-549.9761	27.09834	1.23491	5.658628	0.3958866	0.412682	0.587318	2.084707
1992	-525.447	-551.5291	26.08202	1.726831	5.658628	0.7139666	0.465012	0.534988	2.102985
1998	-527.4507	-554.2	26.74927	2.188561	6.742631	0.7139666	0.487949	0.512051	1.075846
2004	-528.5888	-554.5935	26.00468	1.48921	6.742631	0.6299273	0.34653	0.65347	2.215319
2010	-529.0792	-553.0172	23.93799	1.205312	5.886933	0.376628	0.0298086	0.970191	3.995509
2016	-524.6803	-549.6621	24.98188	0.6288463	7.018151	0.09501082	0.390598	0.609402	4.040615
2022	-524.2841	-548.8692	24.58508	0.7053302	7.018151	0.1819955	0.106494	0.893506	4.040615
2028	-522.3637	-547.0131	24.64932	1.079347	8.353993	0.1819955	0.394262	0.605738	3.637474
2034	-520.4973	-546.0861	25.58875	0.9101251	7.384557	0.1829489	0.549274	0.450726	3.29486
2040	-522.4702	-550.7046	28.23443	1.888455	3.011489	0.3803443	0.23727	0.76273	1.451221
2046	-531.0948	-559.722	28.62717	2.052326	3.011489	0.4698628	0.592059	0.407941	0.7787331
2052	-522.8341	-551.9907	29.15656	2.368326	3.428002	0.111091	0.51302	0.48698	0.5797383
2058	-522.5361	-551.5346	28.99849	1.754456	3.428002	0.2121174	0.504671	0.495329	1.125545
2064	-522.6423	-550.9337	28.29137	1.652995	5.271816	0.2325224	0.561455	0.438545	1.267532
2070	-524.7531	-551.8323	27.07913	1.398126	2.608664	0.9519866	0.248446	0.751554	2.16351
2076	-525.9355	-553.2809	27.34534	1.675509	2.588907	0.9519866	0.719554	0.280446	1.806158
2082	-526.5695	-554.2717	27.70217	1.329415	4.842846	0.3052895	0.317442	0.682558	1.89296
2088	-522.8559	-551.1388	28.28286	1.256964	2.252836	0.1271366	0.833617	0.166383	2.543643
2094	-524.4976	-552.6773	28.17976	0.9713393	3.80204	0.2647395	0.511017	0.488983	2.098667
2100	-521.9006	-548.1612	26.26057	1.276563	3.80204	0.5160801	0.47537	0.52463	2.798898
2106	-526.0764	-553.0043	26.9279	1.708822	3.80204	0.09812252	0.47537	0.52463	2.763211
2112	-524.1156	-551.4247	27.30911	1.437966	2.456452	0.157291	0.772454	0.227546	2.898408
2118	-521.7395	-548.9272	27.18761	1.519281	2.456452	0.157291	0.745882	0.254118	2.922668
2124	-527.7988	-554.542	26.74321	1.811334	2.35226	1.511515	0.799234	0.200766	1.875128
2130	-530.9354	-554.8157	23.8803	1.268526	2.596794	1.511515	0.572289	0.427711	3.881068
2136	-525.3496	-549.7202	24.3706	1.919202	2.022339	1.676361	0.240061	0.759939	3.326667
2142	-525.5548	-551.7093	26.15452	1.919202	2.727063	1.676361	0.226771	0.773229	1.99854
2148	-526.0622	-552.768	26.70588	2.007693	2.223311	1.676361	0.0602657	0.939734	1.73223
2154	-525.5722	-552.0146	26.44242	1.942607	3.783027	0.3404281	0.200783	0.799217	2.480775
2160	-529.3619	-557.1418	27.7799	2.621787	4.616819	0.3408442	0.722801	0.277199	0.7142615
2166	-525.6496	-554.4445	28.79494	1.968606	3.077295	0.3383697	0.377527	0.622473	0.9472718
2172	-525.1272	-552.5523	27.42509	1.683003	3.265266	0.5863562	0.338276	0.661724	1.852965
2178	-527.9176	-554.7448	26.82717	1.315873	3.265266	1.195353	0.370022	0.629978	2.044312
2184	-522.7722	-549.5468	26.77458	1.599624	2.907506	0.6703298	0.258055	0.741945	2.35503
2190	-524.141	-552.086	27.945	1.94054	3.213347	0.09766276	0.354607	0.645393	2.117026
2196	-519.3375	-546.871	27.53346	1.694578	7.606119	0.2421348	0.585459	0.414541	1.391532
2202	-523.7525	-551.5544	27.80197	1.5337	5.48678	0.1375659	0.346303	0.653697	1.893747
2208	-526.613	-554.0927	27.47974	1.443093	5.48678	0.2765074	0.270525	0.729475	1.893747
2214	-527.3567	-552.9133	25.55663	0.7872121	4.097911	0.2765074	0.0212613	0.978739	3.724088
2220	-524.284	-549.3321	25.04809	1.175293	8.572356	0.2765074	0.332598	0.667402	3.17067
2226	-525.6058	-552.4644	26.85863	1.944913	7.951842	0.2638929	0.364068	0.635932	1.617017
2232	-525.7665	-553.4949	27.72836	2.139611	5.745657	0.2400713	0.512873	0.487127	1.211553
2238	-528.5967	-555.9751	27.37844	2.065791	4.734482	0.2323989	0.193602	0.806398	1.756169
2244	-530.8944	-558.7751	27.88071	1.793738	6.12104	0.2805128	0.175013	0.824987	1.210609
2250	-531.8471	-561.0089	29.16189	2.309731	2.366549	0.2702496	0.194438	0.805562	0.3825203
2256	-531.4388	-558.2382	26.79949	2.309731	2.468264	1.197458	0.377307	0.622693	1.620576
2262	-533.9346	-560.6655	26.73083	1.468708	5.639212	0.6715224	0.377307	0.622693	1.882575
2268	-535.9575	-563.114	27.15653	1.774793	3.825643	0.8775966	0.671858	0.328142	1.569151
2274	-526.6431	-554.0149	27.37175	1.947553	1.98943	0.5766062	0.304531	0.695469	2.129956
2280	-529.3726	-557.0389	27.66626	2.785356	4.911905	0.2451884	0.230384	0.769616	0.8422472
2286	-527.6494	-556.0027	28.35335	1.884285	4.911905	0.2869712	0.564084	0.435916	0.964353
2292	-530.0444	-559.9806	29.9362	1.795105	1.448988	0.2869712	0.694169	0.305831	0.9915753
2298	-528.8716	-557.8163	28.94467	2.116656	2.119782	0.4108521	0.762299	0.237701	0.9641673
2304	-527.5488	-557.0328	29.48406	2.111604	2.767625	0.1663266	0.668359	0.331641	0.583813
2310	-529.317	-557.8072	28.49024	2.432261	2.767625	0.04411669	0.504856	0.495144	1.715134
2316	-536.2906	-563.292	27.00134	1.847029	2.414848	0.1172726	0.611994	0.388006	2.938618
2322	-533.9207	-561.7546	27.8339	1.756757	10.63228	0.1172726	0.0597191	0.940281	0.9730477
2328	-529.1542	-556.0794	26.92529	1.409765	5.98507	0.3063886	0.0128258	0.987174	2.154143
2334	-528.8563	-557.5564	28.70011	1.614125	3.635974	0.1996843	0.302191	0.697809	1.451642
2340	-529.1941	-554.0884	24.89429	1.067158	3.635974	0.4375631	0.539498	0.460502	3.841951
2346	-531.5431	-557.0285	25.48541	1.480022	3.635974	0.4030859	0.28995	0.71005	3.295365
2352	-534.7082	-561.2972	26.58898	1.734909	11.30307	0.4030859	0.28817	0.71183	1.333124
2358	-531.3202	-559.1098	27.78964	1.700261	4.535209	0.296092	0.417799	0.582201	1.651872
2364	-534.9578	-562.4926	27.53479	2.0051	4.840442	0.1147122	0.462059	0.537941	1.934322
2370	-533.1648	-561.1055	27.94067	1.822563	3.243188	0.4350204	0.462473	0.537527	1.571037
2376	-529.1893	-557.3294	28.14008	1.682707	1.98949	0.6216135	0.606282	0.393718	1.746075
2382	-528.9236	-557.0438	28.12019	1.752494	1.98949	0.5011732	0.606282	0.393718	1.839046
2388	-537.2458	-564.2437	26.99784	1.58625	1.777289	0.4764703	0.62795	0.37205	2.775112
2394	-540.386	-568.4914	28.10539	1.414105	1.777289	0.4764703	0.11181	0.88819	2.188726
2400	-537.7151	-564.0212	26.30609	1.254659	6.287166	0.1290164	0.351631	0.648369	2.914473
2406	-535.6618	-561.4687	25.80693	1.091304	3.264028	0.511559	0.174744	0.825256	3.305502
2412	-533.6069	-557.8087	24.20176	0.9387272	8.705502	0.1941215	0.518735	0.481265	3.918327
2418	-526.5426	-551.819	25.27641	0.682397	11.37664	0.1459613	0.418055	0.581945	3.290208
2424	-535.3683	-561.4594	26.09108	1.312921	11.37664	0.07030955	0.418055	0.581945	2.607498
2430	-528.3581	-554.0575	25.69938	1.18034	12.88721	0.06400801	0.647277	0.352723	2.823461
2436	-526.9544	-551.6201	24.66576	0.9585205	21.731	0.06400801	0.647277	0.352723	3.043415
2442	-532.0625	-555.4127	23.35011	0.5206609	21.90836	0.06400801	0.797167	0.202833	4.056666
2448	-524.5206	-549.584	25.06347	0.7944507	16.99709	0.133436	0.68298	0.31702	2.981284
2454	-524.4038	-550.2442	25.84037	0.7043088	11.22839	0.133436	0.523884	0.476116	2.981284
2460	-527.7303	-552.3698	24.63947	1.071228	12.20092	0.1102523	0.647826	0.352174	3.449192
2466	-530.1111	-555.2108	25.0997	1.007917	9.511868	0.1102523	0.293214	0.706786	3.449192
2472	-529.3939	-556.1912	26.79738	1.561415	3.243935	0.1695553	0.470545	0.529455	2.896596
2478	-531.7437	-556.6961	24.9524	1.123273	3.243935	0.1695553	0.482789	0.517211	4.227155
2484	-529.6611	-555.3961	25.73495	0.8780107	7.644167	0.3085205	0.175878	0.824122	2.997063
2490	-530.0794	-553.7753	23.69594	0.9325981	4.674049	0.3674836	0.266882	0.733118	4.482836
2496	-525.8614	-552.3515	26.4901	1.551829	4.674049	0.05873544	0.759978	0.240022	3.062924
2502	-530.3242	-559.3167	28.9925	1.412888	2.605064	0.09042304	0.697049	0.302951	1.96953
2508	-529.8521	-558.9945	29.1424	1.790386	2.605064	0.09042304	0.578788	0.421212	1.602817
2514	-531.9096	-558.7833	26.8737	1.507508	2.605064	0.2143407	0.578788	0.421212	2.96782
2520	-526.1073	-554.9262	28.81899	1.533312	2.605064	0.2143407	0.878884	0.121116	1.705201
2526	-531.0016	-557.9227	26.92116	1.583957	2.052181	1.18448	0.537723	0.462277	2.189867
2532	-531.8086	-558.354	26.54539	1.899323	3.519904	0.1693088	0.472318	0.527682	2.780301
2538	-527.4966	-553.707	26.2104	0.9657895	3.519904	0.3753575	0.296381	0.703619	3.228322
2544	-530.876	-557.2241	26.34814	1.625144	3.806687	0.3894423	0.33616	0.66384	2.668735
2550	-525.8101	-551.9982	26.18807	0.8884122	3.806687	0.1360998	0.534522	0.465478	3.59937
2556	-524.1846	-550.7215	26.53688	1.690787	3.806687	0.1462059	0.417153	0.582847	2.896945
2562	-527.37	-552.6082	25.23817	1.083014	8.584118	0.292997	0.431486	0.568514	3.08757
2568	-525.2358	-552.8758	27.64003	1.125527	2.977599	0.1930455	0.639542	0.360458	2.670392
2574	-528.8265	-556.1299	27.30337	1.436915	3.037189	0.1930455	0.461522	0.538478	2.670392
2580	-527.1937	-551.2488	24.05514	0.9650076	10.24727	0.1930455	0.403863	0.596137	3.843158
2586	-532.2987	-556.6436	24.34489	0.7510303	9.880729	0.1870924	0.554675	0.445325	3.843158
2592	-528.3191	-553.1462	24.82709	0.7713609	9.880729	0.07510247	0.615359	0.384641	3.799207
2598	-528.4275	-552.63	24.20246	1.060066	17.09035	0.07510247	0.711129	0.288871	3.472614
2604	-539.639	-559.584	19.94507	1.543255	49.5378	0.1565021	0.15507	0.84493	4.325871
2610	-536.0007	-560.6801	24.67942	1.777698	54.60794	0.08795969	0.499263	0.500737	1.262711
2616	-535.5243	-561.3099	25.78561	1.553404	38.08676	0.1019591	0.230484	0.769516	1.05267
2622	-527.1837	-551.1832	23.99954	1.106485	14.46933	0.1019591	0.18406	0.81594	3.657633
2628	-524.5229	-550.2644	25.74147	1.467628	14.46933	0.1531498	0.0592088	0.940791	2.269903
2634	-522.697	-548.2772	25.58018	1.378033	13.79464	0.2299885	0.422746	0.577254	2.32977
2640	-528.5208	-553.6226	25.10177	2.138662	31.83503	0.1949851	0.781712	0.218288	1.149979
2646	-525.7607	-552.2972	26.53654	1.18914	10.05748	0.1949851	0.438432	0.561568	2.230073
2652	-526.1168	-549.3273	23.2105	1.042329	13.31039	0.11145	0.0707267	0.929273	4.20336
2658	-526.6423	-548.2813	21.63901	1.160624	31.49097	0.09754505	0.694669	0.305331	4.20336
2664	-527.2011	-550.2858	23.08474	0.821949	40.34221	0.05205049	0.628998	0.371002	3.418683
2670	-525.9865	-549.9164	23.92987	1.048793	18.33727	0.136408	0.471882	0.528118	3.418683
2676	-523.217	-548.9234	25.70646	1.000621	10.87617	0.07149299	0.84485	0.15515	3.070974
2682	-523.1474	-547.8967	24.74938	0.746687	21.2525	0.07149299	0.8311	0.1689	3.121855
2688	-526.687	-552.1157	25.42868	0.3674479	23.83334	0.05817816	0.853309	0.146691	2.858227
2694	-524.8641	-551.2818	26.41768	0.7299589	10.94068	0.05817816	0.844405	0.155595	2.839155
2700	-525.2632	-550.3784	25.1152	0.620708	10.94068	0.06192436	0.6814	0.3186	3.663173
2706	-525.9547	-549.7073	23.75254	0.7900676	22.19848	0.06192436	0.276243	0.723757	3.663173
2712	-522.4319	-547.3512	24.91934	0.8430761	14.14352	0.1077403	0.55402	0.44598	3.282226
2718	-522.9107	-548.6609	25.75019	1.106782	7.603908	0.2796128	0.369284	0.630716	2.896014
2724	-526.187	-553.285	27.09806	0.9559211	4.235741	0.2418547	0.0873007	0.912699	2.73689
2730	-530.7054	-557.0843	26.37889	1.270714	6.415594	0.5805428	0.12741	0.87259	2.208077
2736	-528.0893	-554.5692	26.47989	1.174302	6.857809	0.09645035	0.650851	0.349149	2.860171
2742	-529.5824	-556.8265	27.24408	1.512683	7.863684	0.2191025	0.292173	0.707827	1.747536
2748	-534.4241	-559.778	25.35389	0.879699	7.863684	0.2678263	0.629652	0.370348	3.255359
2754	-530.6233	-556.5167	25.89341	0.967243	12.96759	0.2678263	0.0640532	0.935947	2.393343
2760	-523.8892	-550.4396	26.55033	1.233089	12.96759	0.2678263	0.582062	0.417938	1.785452
2766	-523.9329	-551.4251	27.49225	1.229881	10.67068	0.08091977	0.487714	0.512286	1.785452
2772	-525.3909	-552.0588	26.66783	1.274773	10.67068	0.08091977	0.532886	0.467114	2.302343
2778	-528.2206	-554.2221	26.00148	1.34986	8.726692	0.2556817	0.152466	0.847534	2.500395
2784	-528.0899	-556.3754	28.28549	2.063899	2.888681	0.2302468	0.203807	0.796193	1.582184
2790	-529.8042	-556.4967	26.6925	1.306983	7.15404	0.1040149	0.461	0.539	2.590545
2796	-529.4886	-558.0713	28.58266	1.926632	7.15404	0.08610584	0.564936	0.435064	0.7637297
2802	-533.0263	-560.1536	27.12736	2.021959	9.13472	0.167793	0.650951	0.349049	1.405862
2808	-525.336	-552.0828	26.74676	1.52661	10.84623	0.1160069	0.379604	0.620396	1.971345
2814	-525.5444	-551.8322	26.28781	1.283442	10.84623	0.1286189	0.0509594	0.949041	2.395327
2820	-529.5423	-556.5987	27.05641	1.378822	10.84623	0.09552612	0.66894	0.33106	1.919569
2826	-530.1599	-555.6165	25.45657	0.8524734	5.564171	0.2733431	0.228371	0.771629	3.501917
2832	-527.9544	-553.0536	25.09923	0.8802457	8.187053	0.1169487	0.533666	0.466334	3.642963
2838	-526.653	-552.0285	25.37548	0.7239805	8.187053	0.08838725	0.321916	0.678084	3.642963
2844	-523.1668	-549.538	26.37121	0.8156309	8.187053	0.1451984	0.204494	0.795506	2.866329
2850	-525.1213	-550.0368	24.91555	1.160202	13.27328	0.1451984	0.457056	0.542944	3.073598
2856	-527.996	-555.3069	27.31091	0.9604287	4.936219	0.1733294	0.42726	0.57274	2.596882
2862	-532.5286	-561.2489	28.72026	2.401905	3.285662	0.18278	0.238444	0.761556	0.9021017
2868	-528.1375	-556.9238	28.78625	2.640671	3.839511	0.08805691	0.39658	0.60342	0.3489909
2874	-523.3231	-551.5123	28.18922	2.640671	3.839511	0.1887401	0.150455	0.849545	0.2117737
2880	-524.5375	-552.6413	28.10381	2.640671	3.839511	0.217568	0.35496	0.64504	0.2117737
2886	-523.7923	-551.9947	28.20236	2.580296	3.903228	0.217568	0.258583	0.741417	0.236156
2892	-528.3126	-555.3785	27.0659	3.20532	8.959068	0.06899747	0.40292	0.59708	0.7267233
2898	-523.4953	-550.4216	26.92627	2.931605	8.959068	0.06899747	0.522786	0.477214	0.1524104
2904	-525.1898	-552.3577	27.16796	2.931605	8.959068	0.06899747	0.381905	0.618095	0.2239189
2910	-526.8371	-553.1331	26.29606	3.182113	8.959068	0.06899747	0.670947	0.329053	0.09248183
2916	-524.8154	-551.4704	26.65499	3.313312	6.310067	0.09677493	0.670947	0.329053	0.1033418
2922	-528.1043	-554.5471	26.44282	3.313312	6.310067	0.09677493	0.801841	0.198159	0.07973098
2928	-527.2256	-554.4766	27.25094	3.313312	4.160384	0.09677493	0.604216	0.395784	0.1045584
2934	-521.6093	-548.3112	26.70194	3.313312	4.160384	0.1653535	0.481009	0.518991	0.07351281
2940	-523.4975	-550.2988	26.80134	3.313312	3.692416	0.1907951	0.754109	0.245891	0.07531471
2946	-520.684	-547.4391	26.75507	3.313312	3.581574	0.2114224	0.520549	0.479451	0.07312509
2952	-523.1128	-550.2458	27.13302	3.389087	2.894239	0.2114224	0.47484	0.52516	0.09049249
2958	-526.4966	-555.0553	28.55867	2.278434	3.377969	0.3675946	0.570435	0.429565	0.5111178
2964	-526.7419	-554.1269	27.38495	2.112901	3.08872	0.4657704	0.566571	0.433429	1.766435
2970	-520.5404	-548.1606	27.62022	1.514265	2.927367	0.1096054	0.327039	0.672961	2.637076
2976	-522.6899	-547.5361	24.84622	1.509111	4.578971	0.400289	0.327039	0.672961	3.473609
2982	-527.8341	-553.0169	25.18281	1.458346	9.614252	0.1508931	0.0460633	0.953937	3.033226
2988	-530.4397	-556.2443	25.80457	1.444629	8.008576	0.3926348	0.0809712	0.919029	2.455238
2994	-527.135	-553.7085	26.5736	1.444629	8.008576	0.3926348	0.390761	0.609239	1.957427
3000	-527.5152	-553.717	26.20188	1.057115	6.767476	0.3249071	0.264003	0.735997	2.693089
3006	-529.6947	-556.8038	27.1091	1.212572	3.151807	0.3850444	0.110644	0.889356	2.6118
3012	-527.7126	-553.191	25.4784	1.333898	3.414508	0.9077517	0.450839	0.549161	3.013667
3018	-525.5055	-552.8048	27.29932	1.53188	4.29673	0.9077517	0.366412	0.633588	1.502822
3024	-527.894	-556.8501	28.95611	2.017996	5.649132	0.072663	0.650689	0.349311	0.668352
3030	-533.6782	-561.4442	27.76596	2.458144	3.519873	0.7190433	0.565076	0.434924	0.4984274
3036	-535.7172	-563.3093	27.59209	2.843497	5.770083	0.2061343	0.136751	0.863249	0.6928283
3042	-537.2454	-563.118	25.87262	2.470033	9.597447	0.7332686	0.296386	0.703614	1.106838
3048	-542.1819	-569.1414	26.95943	1.94629	4.820474	0.6867311	0.0899822	0.910018	1.524796
3054	-543.7915	-571.089	27.29747	2.977492	3.145277	0.3279541	0.674782	0.325218	0.1093483
3060	-529.0801	-556.3147	27.23463	3.10556	4.084754	0.1730587	0.526903	0.473097	0.1093483
3066	-527.5157	-554.0268	26.51102	2.908366	6.999455	0.2825434	0.415229	0.584771	0.1330491
3072	-530.3844	-558.2628	27.8784	2.629011	3.593586	0.2825434	0.446494	0.553506	0.1653111
3078	-531.9588	-558.6953	26.73644	2.629011	8.343564	0.1870864	0.505019	0.494981	0.1244315
3084	-524.6714	-552.1433	27.47194	2.769543	7.579363	0.08447432	0.546281	0.453719	0.2082254
3090	-521.3305	-548.5073	27.17678	2.769543	8.577828	0.08447432	0.537943	0.462057	0.1751497
3096	-527.5994	-554.7762	27.17678	2.769543	8.577828	0.08447432	0.705674	0.294326	0.1751497
3102	-525.47	-552.5846	27.11456	2.762531	9.128095	0.09338475	0.410981	0.589019	0.1946033
3108	-521.6682	-548.8565	27.18825	2.681371	9.242853	0.09285331	0.673116	0.326884	0.1977101
3114	-526.2215	-552.7408	26.51929	2.835155	12.72676	0.09393006	0.358598	0.641402	0.1977101
3120	-527.8004	-554.2709	26.47051	3.16823	9.242648	0.09393006	0.347917	0.652083	0.1406874
3126	-529.4067	-556.1538	26.7471	2.758933	9.242648	0.1165181	0.819252	0.180748	0.133361
3132	-529.8891	-557.6305	27.7414	2.662953	3.209442	0.4554517	0.167586	0.832414	0.1945626
3138	-527.1989	-554.9234	27.72449	2.868972	3.209442	0.347828	0.0316876	0.968312	0.1888452
3144	-525.4551	-553.5437	28.08857	2.871483	3.209442	0.2023053	0.195323	0.804677	0.190202
3150	-521.4024	-549.3461	27.94376	2.871483	3.27859	0.2023053	0.210009	0.789991	0.1588969
3156	-528.2054	-556.5156	28.31029	2.796467	2.755987	0.1794784	0.519679	0.480321	0.1588969
3162	-531.1515	-556.7601	25.60859	2.842284	9.6503	0.935631	0.236052	0.763948	0.3355206
3168	-534.8782	-560.5938	25.7156	2.842284	8.943761	0.935631	0.161026	0.838974	0.3244603
3174	-534.6286	-559.804	25.17544	2.616073	13.97613	0.935631	0.526542	0.473458	0.2851308
3180	-532.687	-559.3705	26.68345	2.935742	3.932355	0.935631	0.531195	0.468805	0.2430428
3186	-529.7222	-555.7348	26.01264	2.935742	6.134935	0.935631	0.365473	0.634527	0.2217613
3192	-529.0923	-555.3341	26.24172	1.340805	3.828257	0.3010599	0.222872	0.777128	3.015672
3198	-528.919	-554.613	25.69402	1.218517	4.065278	0.3010599	0.222872	0.777128	3.365152
3204	-533.7801	-560.0807	26.30063	1.32799	8.840732	0.1443102	0.322665	0.677335	2.524582
3210	-529.6912	-556.0893	26.39809	1.193574	5.764625	0.1788667	0.51743	0.48257	2.867319
3216	-526.7499	-552.0757	25.32579	1.18026	6.378154	0.1788667	0.392697	0.607303	3.425742
3222	-524.7837	-550.5302	25.74651	1.427676	6.378154	0.09904087	0.380943	0.619057	3.2049
3228	-530.6643	-555.0189	24.35457	1.303811	6.378154	0.2906367	0.0647501	0.93525	3.740523
3234	-533.5974	-560.6963	27.09888	1.802177	3.267888	0.3414882	0.00940661	0.990593	2.274391
3240	-531.9689	-558.9056	26.93667	1.538881	3.623335	0.3414882	0.42691	0.57309	2.458486
3246	-538.7409	-564.1834	25.44246	2.265055	9.730124	0.3757528	0.467074	0.532926	1.986515
3252	-533.6081	-556.4815	22.87336	0.7277609	3.324561	0.2273987	0.625421	0.374579	5.492382
3258	-522.6974	-548.7788	26.08143	1.257498	5.48496	0.2273987	0.540241	0.459759	2.975882
3264	-525.5537	-552.5523	26.99859	1.300853	8.141968	0.1773738	0.527851	0.472149	2.105756
3270	-523.3807	-550.8608	27.48003	1.156807	5.626086	0.1702307	0.639861	0.360139	2.256303
3276	-524.602	-552.9995	28.3975	1.488376	4.091369	0.1702307	0.25262	0.74738	1.71688
3282	-523.5141	-552.606	29.09194	2.328112	4.091369	0.0645071	0.422	0.578	0.7417113
3288	-524.4103	-553.2115	28.80117	2.240816	4.091369	0.135669	0.387031	0.612969	0.2654728
3294	-524.5671	-552.3719	27.80487	2.333602	4.091369	0.5667642	0.222818	0.777182	0.3114282
3300	-526.3766	-552.8442	26.46764	1.773708	8.082894	0.6036542	0.541132	0.458868	1.543785
3306	-527.84	-555.7773	27.9373	2.071019	5.900124	0.1762995	0.0930136	0.906986	1.218466
3312	-532.2249	-559.8215	27.59659	2.071019	5.900124	0.1762995	0.272991	0.727009	1.489115
3318	-531.6763	-556.5663	24.88996	2.70152	5.900124	1.017969	0.0866757	0.913324	1.981597
3324	-529.5359	-554.6324	25.09653	1.778956	5.900124	0.1693666	0.175237	0.824763	3.293286
3330	-527.3587	-552.7801	25.42138	1.088043	6.618736	0.1693666	0.364814	0.635186	3.40993
3336	-534.1316	-556.5371	22.40551	1.043121	6.618736	0.1917745	0.364814	0.635186	5.106746
3342	-532.1201	-557.3103	25.19024	1.091539	6.294791	0.1577327	0.396502	0.603498	3.608277
3348	-538.4419	-564.7296	26.28764	1.480568	12.83493	0.1120528	0.79259	0.20741	2.135809
3354	-536.2717	-560.9474	24.67576	1.445529	12.55249	0.04334548	0.603874	0.396126	3.36312
3360	-533.6348	-559.2914	25.6566	1.129469	4.067437	0.3302877	0.267513	0.732487	3.400256
3366	-536.5664	-562.3866	25.82018	1.944971	4.067437	0.3302877	0.0610898	0.93891	2.816544
3372	-537.2234	-563.6415	26.41811	1.942074	4.067437	0.3513189	0.24978	0.75022	2.420756
3378	-540.7752	-569.0089	28.23367	2.324094	6.289742	0.08748542	0.24978	0.75022	0.929781
3384	-535.5373	-563.8034	28.26614	2.302478	5.24615	0.03957048	0.481223	0.518777	1.360944
3390	-535.4453	-562.5028	27.05749	1.710063	4.138977	0.6237285	0.297957	0.702043	1.833918
3396	-527.0153	-554.5766	27.56132	1.480257	4.463234	0.628937	0.280054	0.719946	1.561312
3402	-524.5172	-553.084	28.56688	1.804925	4.463234	0.2241917	0.353724	0.646276	1.119214
3408	-533.2583	-561.203	27.94464	2.05201	7.03141	0.2241917	0.499186	0.500814	0.8354047
3414	-531.4895	-559.9235	28.43405	2.099281	6.027693	0.1274789	0.638739	0.361261	0.8393169
3420	-534.9547	-562.4617	27.50704	2.014358	5.611357	0.5955358	0.426174	0.573826	0.9207511
3426	-540.2984	-566.8911	26.59263	1.923531	5.611357	0.5955358	0.218266	0.781734	1.742238
3432	-533.6768	-558.5873	24.9105	0.4125593	5.753375	0.170199	0.202311	0.797689	4.20894
3438	-533.9916	-558.7668	24.77519	0.6514846	5.753375	0.1401283	0.645043	0.354957	4.20894
3444	-528.9805	-554.0634	25.08293	0.6430014	4.653838	0.1401283	0.556226	0.443774	4.20894
3450	-524.7866	-549.7957	25.00909	0.5479716	4.653838	0.1907801	0.401255	0.598745	4.20894
3456	-527.0662	-551.8381	24.7719	0.5111392	4.923406	0.1907801	0.0850949	0.914905	4.319769
3462	-524.8005	-551.4416	26.64105	1.022912	4.923406	0.2053081	0.322693	0.677307	2.909939
3468	-530.7552	-558.4122	27.65699	1.340255	6.202471	0.1860905	0.486704	0.513296	1.892425
3474	-530.04	-558.7714	28.7314	1.711213	5.688176	0.1991412	0.8285	0.1715	0.7487881
3480	-531.8187	-560.3451	28.52641	2.034785	6.806767	0.1138928	0.773565	0.226435	0.439841
3486	-521.6199	-550.7673	29.1474	1.910926	4.731633	0.1183929	0.171239	0.828761	0.5894802
3492	-525.2292	-554.339	29.10986	1.874316	3.957894	0.1934005	0.684343	0.315657	0.7167096
3498	-523.3382	-551.8175	28.47933	1.216728	4.573724	0.1934005	0.12434	0.87566	1.691691
3504	-525.7164	-551.8302	26.11376	1.552866	1.682062	0.3177249	0.474171	0.525829	3.541937
3510	-529.3799	-555.0908	25.71083	1.523555	1.626773	0.5768208	0.385064	0.614936	3.541937
3516	-525.421	-552.6873	27.2663	1.192804	6.961812	0.1396664	0.74401	0.25599	2.238585
3522	-527.095	-554.3526	27.2576	1.375739	6.961812	0.1124231	0.0945377	0.905462	2.193435
3528	-526.9564	-555.4106	28.45419	1.650143	2.647032	0.3041319	0.45979	0.54021	1.703546
3534	-524.9147	-552.651	27.73627	2.190942	5.401171	0.5169707	0.116716	0.883284	0.4900553
3540	-535.7992	-563.2262	27.42703	2.268535	6.193145	0.5169707	0.399228	0.600772	0.3791339
3546	-528.4513	-554.84	26.38866	1.604823	6.203828	0.5169707	0.109183	0.890817	2.080049
3552	-525.9293	-553.0939	27.16454	1.156	4.513836	0.315144	0.486159	0.513841	2.405873
3558	-527.8886	-554.9161	27.02754	1.370239	4.785744	0.2499279	0.441498	0.558502	2.405873
3564	-523.4397	-549.8999	26.46019	1.247219	5.974998	0.2566066	0.0565393	0.943461	2.629324
3570	-518.2869	-545.0271	26.74015	1.457977	9.343355	0.1159472	0.357892	0.642108	2.176134
3576	-523.1661	-548.4189	25.25281	1.497765	30.94879	0.2226576	0.200737	0.799263	1.520494
3582	-524.2276	-552.2818	28.05417	2.334511	3.744232	0.3491205	0.294324	0.705676	1.043626
3588	-532.9718	-555.9936	23.02187	3.569457	28.4416	0.4709052	0.300013	0.699987	1.349615
3594	-533.0507	-556.6997	23.64904	2.093544	27.97936	0.4709052	0.0789704	0.92103	1.980881
3600	-533.1362	-556.6265	23.49035	1.091918	27.97936	0.08084084	0.453012	0.546988	3.343974
3606	-532.0687	-555.4823	23.41356	1.697831	14.32829	0.2748814	0.106507	0.893493	3.343974
3612	-521.6637	-547.6694	26.00571	1.354603	15.95831	0.1116331	0.554139	0.445861	2.166345
3618	-521.48	-546.8089	25.32892	1.053845	11.50293	0.0534561	0.659969	0.340031	3.262701
3624	-520.7739	-545.9986	25.22471	1.195982	8.709867	0.05986375	0.503637	0.496363	3.479036
3630	-520.8037	-547.079	26.27528	1.304303	6.972476	0.05986375	0.546997	0.453003	2.992639
3636	-518.5397	-545.7107	27.17104	0.9963676	5.404916	0.2140696	0.610118	0.389882	2.504714
3642	-519.5384	-546.9377	27.3993	0.8911905	5.404916	0.2140696	0.419284	0.580716	2.427522
3648	-520.9715	-546.1613	25.18987	1.23519	5.404916	0.2140696	0.416916	0.583084	3.550321
3654	-522.0863	-549.5295	27.44316	1.192167	6.88	0.2140696	0.114128	0.885872	1.977358
3660	-526.6044	-553.0929	26.48845	2.28502	2.744119	2.312351	0.3824	0.6176	1.202842
3666	-522.2303	-548.4126	26.18226	2.28502	4.221394	2.312351	0.0883489	0.911651	0.9639301
3672	-519.1513	-547.1194	27.96812	2.657377	3.635369	0.3391885	0.432709	0.567291	0.259482
3678	-516.6953	-545.4774	28.78208	2.354109	4.546215	0.1154285	0.210512	0.789488	0.4591829
3684	-523.1956	-551.1435	27.9479	2.241928	4.546215	0.4432747	0.451876	0.548124	0.7644217
3690	-521.6486	-550.1419	28.49332	2.191992	4.546215	0.2477926	0.213835	0.786165	0.3875495
3696	-523.6385	-552.2037	28.56522	2.416788	4.316339	0.1795944	0.431671	0.568329	0.4776574
3702	-522.0453	-549.5713	27.52602	1.772115	4.316339	0.3652395	0.465713	0.534287	1.728626
3708	-521.2827	-549.0493	27.7666	1.337033	3.930422	0.2834093	0.339415	0.660585	2.070352
3714	-521.7779	-550.7466	28.9686	1.866455	3.324539	0.2976632	0.569418	0.430582	0.8576401
3720	-523.683	-549.1224	25.43945	1.339012	2.71281	0.3812344	0.702952	0.297048	3.649586
3726	-524.2312	-550.7762	26.54505	1.856215	2.71281	1.227821	0.438359	0.561641	2.010855
3732	-526.2386	-554.0612	27.8227	3.293629	1.983953	0.4859785	0.447263	0.552737	0.839346
3738	-526.7052	-553.1198	26.41456	1.591643	3.772166	0.4859785	0.384187	0.615813	2.5474
3744	-529.5308	-555.6156	26.08484	2.024862	3.772166	0.4272433	0.367254	0.632746	2.5474
3750	-526.1266	-554.9056	28.77902	1.640221	3.309439	0.1486688	0.69316	0.30684	1.588542
3756	-526.834	-554.5129	27.67884	1.488705	1.91003	0.1177894	0.520072	0.479928	2.913361
3762	-528.48	-556.1251	27.64502	2.004375	6.504246	0.2185584	0.446251	0.553749	1.292914
3768	-531.1164	-559.5752	28.45877	2.208513	3.333102	0.372277	0.309069	0.690931	0.8603516
3774	-532.7059	-560.8804	28.17459	2.179445	2.951465	0.2201	0.0237292	0.976271	1.579521
3780	-527.2113	-553.479	26.26772	1.028649	4.614764	0.1435728	0.34136	0.65864	3.301997
3786	-526.3579	-553.0365	26.67862	0.8837641	5.777661	0.1435728	0.106773	0.893227	2.954988
3792	-527.5269	-553.2668	25.73983	1.116129	14.5418	0.1406861	0.680732	0.319268	2.515812
3798	-528.3711	-553.0134	24.64233	1.059202	8.326772	0.1406861	0.221642	0.778358	3.736756
3804	-526.2928	-551.9926	25.69984	0.7297459	8.326772	0.1406861	0.402492	0.597508	3.312467
3810	-526.4159	-551.9056	25.48966	0.9399308	8.326772	0.1406861	0.217911	0.782089	3.312467
3816	-528.6087	-552.652	24.04323	1.306857	4.242433	0.2475452	0.350881	0.649119	4.306927
3822	-528.1318	-553.9179	25.78605	2.239332	7.459196	0.2830795	0.0634397	0.93656	2.180068
3828	-526.6505	-552.7719	26.12142	1.596127	5.026183	0.8304483	0.330122	0.669878	2.180068
3834	-524.061	-548.0184	23.95741	0.6342898	7.652141	0.1144109	0.367871	0.632129	4.498654
3840	-523.2918	-547.6857	24.39394	0.9061245	12.52149	0.1144109	0.650287	0.349713	3.653807
3846	-522.7072	-550.8599	28.15278	1.31966	3.375612	0.204972	0.185781	0.814219	2.097519
3852	-521.8514	-549.3717	27.52024	1.481566	4.32048	0.7664105	0.27827	0.72173	1.490391
3858	-523.9836	-549.8451	25.86152	1.545402	4.32048	0.7664105	0.00096595	0.999034	2.557907
3864	-527.604	-553.7968	26.19287	0.8238792	4.161234	0.1570399	0.558254	0.441746	3.521193
3870	-520.633	-548.8999	28.26688	1.658242	3.3606	0.4104027	0.273354	0.726646	1.449648
3876	-523.4263	-550.5058	27.07944	1.064875	3.3606	0.2425328	0.273354	0.726646	2.868423
3882	-522.4328	-546.7647	24.33194	0.8086089	7.829835	0.151599	0.617076	0.382924	4.089841
3888	-520.0922	-542.9838	22.89154	1.157188	18.12705	0.08416832	0.543685	0.456315	4.089841
3894	-525.0859	-550.7116	25.62573	0.986896	18.12705	0.06421164	0.667431	0.332569	2.635117
3900	-526.9803	-552.4068	25.42648	0.986896	18.12705	0.1085839	0.459879	0.540121	2.635117
3906	-530.3147	-555.4801	25.16537	0.9952101	10.21109	0.1085839	0.129898	0.870102	3.356788
3912	-525.2533	-551.04	25.78675	0.8563657	13.00071	0.0795576	0.82618	0.17382	2.913254
3918	-522.4324	-548.9772	26.54474	1.165734	13.00071	0.1017588	0.496483	0.503517	2.187298
3924	-524.8216	-551.3696	26.54798	1.006143	6.257748	0.2166403	0.625194	0.374806	2.748652
3930	-544.6103	-567.8828	23.27247	3.46503	2.474221	13.62288	0.101787	0.898213	0.830825
3936	-539.6817	-562.622	22.94031	3.814299	2.474221	13.62288	0.260452	0.739548	0.8089002
3942	-538.8554	-564.0832	25.22782	2.545348	3.725976	4.056666	0.283007	0.716993	1.102262
3948	-534.4422	-559.8795	25.43731	2.619146	2.910257	4.056666	0.0436326	0.956367	1.136078
3954	-538.3519	-565.7029	27.35107	1.831325	6.331479	0.4336183	0.0231267	0.976873	1.311668
3960	-535.3972	-562.4933	27.09613	1.651091	8.101972	0.1491647	0.608305	0.391695	1.874819
3966	-533.4338	-558.0463	24.61256	1.66641	9.954364	0.1491647	0.126799	0.873201	3.21992
3972	-532.1604	-558.6479	26.48751	1.090236	12.61008	0.1960164	0.838687	0.161313	2.088021
3978	-531.876	-556.59	24.71391	0.8700948	13.84769	0.2052776	0.0981705	0.901829	3.208918
3984	-530.5186	-555.7818	25.26324	0.9129824	8.505592	0.2743417	0.239051	0.760949	3.208918
3990	-530.8128	-558.7719	27.95915	1.48788	3.33039	0.3356611	0.024696	0.975304	1.907394
3996	-526.9585	-551.8694	24.91086	1.226065	3.33039	0.2331702	0.430246	0.569754	4.06493
4002	-526.1753	-552.7024	26.52708	1.011528	2.423693	0.2331702	0.0611827	0.938817	3.487924
4008	-523.072	-548.1685	25.09647	1.026345	6.905495	0.2331702	0.102427	0.897573	3.487924
4014	-528.9473	-554.3708	25.42348	1.277726	4.611643	0.2331702	0.335935	0.664065	3.487924
4020	-530.7581	-558.8178	28.05964	1.254757	2.261086	0.2919037	0.501002	0.498998	2.375489
4026	-529.9986	-558.3562	28.35756	1.620917	1.462671	0.3434954	0.26215	0.73785	2.196698
4032	-524.6456	-551.3148	26.66921	1.507492	5.980468	0.4277462	0.266656	0.733344	2.09565
4038	-523.0067	-550.2954	27.28872	1.807721	3.740433	0.5231299	0.00846275	0.991537	1.805166
4044	-525.2965	-552.6263	27.32973	1.980969	5.011845	0.4269885	0.090546	0.909454	1.482025
4050	-529.4499	-557.6265	28.17657	2.394199	2.396775	0.3963515	0.645243	0.354757	1.298181
4056	-530.6859	-558.0782	27.3923	3.659657	1.814595	0.6476547	0.584704	0.415296	0.7320693
4062	-523.4544	-551.0186	27.56417	2.104263	6.472953	0.4583825	0.358655	0.641345	0.752452
4068	-524.2184	-552.6569	28.4385	1.674837	2.236884	0.4583825	0.169492	0.830508	1.623166
4074	-529.5567	-555.7967	26.24003	1.560895	6.573806	0.448347	0.176847	0.823153	2.226058
4080	-524.0072	-550.673	26.66578	1.426274	6.573806	0.3042659	0.176847	0.823153	2.226058
4086	-527.984	-556.4105	28.42652	1.655596	3.160134	0.1931601	0.539688	0.460312	1.767532
4092	-522.7763	-550.9628	28.18652	1.64859	4.620197	0.2529442	0.397367	0.602633	1.456888
4098	-527.1903	-553.3877	26.19738	1.57847	3.44255	0.421628	0.521584	0.478416	2.833028
4104	-533.0619	-556.668	23.60606	1.881444	3.329628	1.922686	0.139134	0.860866	3.342948
4110	-535.4203	-561.5931	26.17277	1.774258	2.029621	0.5394413	0.474983	0.525017	3.004868
4116	-532.8067	-560.1852	27.37848	1.046627	2.029621	0.2894324	0.416317	0.583683	3.004868
4122	-523.7629	-549.7378	25.97496	1.051028	6.328125	0.2894324	0.403186	0.596814	2.944215
4128	-527.2131	-552.0724	24.85926	0.8153233	4.891995	0.1796701	0.241584	0.758416	4.122442
4134	-525.1029	-551.2155	26.11259	1.226999	7.869527	0.100616	0.626839	0.373161	2.914956
4140	-524.8236	-553.2511	28.42758	1.407476	4.005894	0.2203342	0.356035	0.643965	1.665201
4146	-525.5436	-552.487	26.94344	1.310704	2.99572	0.1921355	0.5228	0.4772	2.978168
4152	-526.3674	-552.4858	26.11834	1.414805	10.19091	0.1702933	0.351842	0.648158	2.389311
4158	-528.5884	-556.4447	27.85633	1.63718	7.627998	0.04070237	0.651243	0.348757	1.747156
4164	-524.7786	-553.377	28.59847	2.166962	4.396197	0.0610287	0.519653	0.480347	1.314933
4170	-527.379	-555.234	27.85497	1.64062	4.396197	0.3095096	0.418583	0.581417	1.656177
4176	-531.5848	-558.8584	27.27365	1.692473	4.396197	0.5271127	0.327809	0.672191	1.73961
4182	-529.8329	-556.0125	26.17959	1.782603	4.316803	0.5271127	0.331601	0.668399	2.418852
4188	-529.8222	-558.5222	28.70004	1.741532	4.316803	0.2211728	0.570201	0.429799	1.105039
4194	-533.237	-560.4533	27.21633	1.658598	5.854631	0.3189214	0.277568	0.722432	1.7946
4200	-530.738	-556.9539	26.21589	1.297641	9.551535	0.1712307	0.180685	0.819315	2.46389
4206	-534.5231	-559.3924	24.86931	0.8421897	5.696979	0.1712307	0.175786	0.824214	3.993882
4212	-529.4831	-554.8101	25.32694	0.6484166	5.487017	0.2026123	0.112577	0.887423	3.817427
4218	-530.966	-556.4379	25.47195	1.159869	7.933316	0.2540914	0.322571	0.677429	3.031398
4224	-533.7528	-560.7203	26.96748	1.466456	7.933316	0.2425378	0.335085	0.664915	1.916149
4230	-539.0628	-566.314	27.25117	1.872096	5.570298	0.2261706	0.0975322	0.902468	1.831768
4236	-538.3746	-565.6407	27.26614	1.634524	6.176449	0.2261706	0.202196	0.797804	1.882143
4242	-536.5087	-564.3009	27.79221	2.160774	5.483033	0.3905285	0.241782	0.758218	0.8596765
4248	-534.3323	-562.0854	27.75311	1.8836	3.636061	0.9158767	0.461231	0.538769	1.008366
4254	-528.9321	-555.5216	26.58958	2.000957	7.49183	0.9158767	0.0107669	0.989233	1.032512
4260	-531.9314	-559.1369	27.20551	2.000957	3.500788	0.9158767	0.200309	0.799691	1.419432
4266	-532.3941	-559.252	26.85793	1.49097	3.967545	0.9158767	0.224401	0.775599	1.914707
4272	-530.6286	-557.2983	26.66974	1.294116	4.175644	0.7455115	0.260535	0.739465	2.251777
4278	-530.8475	-558.4297	27.58228	1.445149	3.293048	0.1444023	0.280547	0.719453	2.527434
4284	-527.9666	-555.4189	27.45226	1.563267	3.293048	0.3508579	0.450177	0.549823	2.181353
4290	-532.1789	-558.6883	26.50943	1.80247	3.293048	0.8087573	0.0552339	0.944766	2.181353
4296	-533.4017	-561.102	27.70027	2.554672	2.9241	0.3668283	0.164752	0.835248	1.399362
4302	-525.8166	-553.8197	28.00314	1.726395	2.850007	0.3019412	0.165361	0.834639	1.902413
4308	-531.1775	-554.6583	23.48081	1.387601	8.257629	0.07682681	0.472008	0.527992	4.369174
4314	-523.7774	-550.4189	26.64141	1.156054	8.257629	0.08928256	0.242863	0.757137	2.62075
4320	-542.3221	-566.7682	24.44604	0.8997428	5.980423	0.1065236	0.414138	0.585862	4.296854
4326	-536.6271	-559.6248	22.99768	1.37529	5.938607	0.5021316	0.21469	0.78531	4.296854
4332	-539.9722	-565.8472	25.87502	2.885986	2.134159	1.625865	0.224544	0.775456	1.757374
4338	-538.5078	-567.7952	29.28747	2.068965	2.134159	0.0660915	0.423175	0.576825	1.552555
4344	-530.7784	-556.9779	26.19951	1.078253	9.123386	0.1818237	0.441736	0.558264	2.63387
4350	-525.7741	-552.1761	26.402	1.417692	9.123386	0.1943053	0.256133	0.743867	2.269029
4356	-528.1422	-552.8648	24.72258	1.564165	10.9636	0.4587415	0.173026	0.826974	2.672931
4362	-525.3045	-551.0331	25.72861	1.337182	7.009506	0.409951	0.280633	0.719367	2.672931
4368	-531.2381	-556.9859	25.74779	1.115996	6.457709	0.2305952	0.382451	0.617549	3.113636
4374	-532.4506	-559.2385	26.78795	1.099439	5.42426	0.2305952	0.0456269	0.954373	2.646524
4380	-529.739	-558.9586	29.21962	2.570622	1.768615	0.2834708	0.494497	0.505503	0.6207273
4386	-533.4287	-561.6688	28.24008	2.498828	1.477123	1.214345	0.244963	0.755037	0.5989054
4392	-529.8569	-559.5054	29.64842	2.152197	2.361033	0.05287696	0.283683	0.716317	1.154141
4398	-534.3184	-562.7544	28.43603	2.510779	2.361033	0.2657484	0.294937	0.705063	1.240031
4404	-528.5923	-556.8478	28.25547	2.499292	2.361033	0.3492519	0.224166	0.775834	1.240031
4410	-530.0463	-557.7933	27.74703	3.338182	2.558999	0.3492519	0.0804069	0.919593	0.8166529
4416	-532.0756	-560.3315	28.25588	1.731651	2.558999	0.3492519	0.418383	0.581617	1.7452
4422	-528.4139	-555.0688	26.65492	2.377813	5.403257	0.5874266	0.0605983	0.939402	1.411658
4428	-528.9837	-556.2073	27.22359	2.747221	5.341262	0.4094934	0.151495	0.848505	0.8388529
4434	-532.9365	-560.8936	27.95713	1.376973	3.0354	0.5304077	0.10562	0.89438	1.821059
4440	-533.0197	-560.1134	27.09368	1.658123	6.577055	0.1186521	0.746965	0.253035	2.15496
4446	-535.1556	-560.4498	25.29414	1.912904	5.528238	0.6888857	0.11353	0.88647	2.529112
4452	-527.5762	-555.7991	28.22289	1.659249	2.027709	0.6888857	0.660986	0.339014	1.622632
4458	-525.0171	-550.6576	25.6405	1.39372	4.339173	0.4295616	0.468397	0.531603	3.084125
4464	-523.0686	-551.1857	28.11711	1.467823	3.042848	0.1450934	0.385563	0.614437	2.237389
4470	-524.2234	-550.3709	26.14752	1.038375	3.540118	0.2759519	0.109364	0.890636	3.348157
4476	-520.4542	-546.8754	26.42117	1.419705	7.536535	0.2759519	0.333205	0.666795	2.300039
4482	-519.7218	-546.018	26.29617	1.625864	10.0241	0.2759519	0.521585	0.478415	1.959672
4488	-526.9296	-554.311	27.38136	1.976013	8.420789	0.4399282	0.424061	0.575939	0.6664776
4494	-522.7102	-548.5468	25.83661	1.574092	8.420789	0.1094693	0.0788678	0.921132	2.786945
4500	-523.6239	-549.591	25.96709	1.624144	4.54832	0.2051154	0.0954404	0.90456	3.020202
4506	-522.3467	-548.8817	26.53498	1.197348	4.54832	0.1783737	0.0954404	0.90456	2.984705
4512	-528.659	-556.2973	27.63834	1.547414	8.313382	0.1783737	0.275541	0.724459	1.463005
4518	-532.4327	-559.4337	27.00107	1.364072	4.939933	0.1783737	0.566362	0.433638	2.527876
4524	-528.2277	-555.5007	27.27295	1.09806	9.324174	0.1783737	0.308086	0.691914	1.916924
4530	-532.7419	-560.4012	27.65925	1.350664	8.920702	0.1783737	0.582145	0.417855	1.513742
4536	-530.5022	-557.47	26.96784	1.350664	8.920702	0.2297601	0.377373	0.622627	1.895993
4542	-530.6601	-558.1029	27.44285	1.430582	8.920702	0.07425233	0.64605	0.35395	1.89588
4548	-533.75	-558.9235	25.17351	1.276393	8.920702	0.2319325	0.0958462	0.904154	3.067945
4554	-526.1145	-550.9418	24.82725	0.8098717	10.86884	0.1141716	0.3802	0.6198	3.591386
4560	-526.8919	-551.8393	24.94744	1.012839	6.941138	0.2249024	0.260753	0.739247	3.591386
4566	-528.3625	-553.6695	25.30693	1.076663	4.537625	0.2249024	0.260753	0.739247	3.698623
4572	-532.2053	-554.5725	22.36711	1.258805	4.537625	0.4490923	0.138312	0.861688	4.979451
4578	-528.9541	-551.437	22.48291	1.224349	4.867478	0.2548056	0.493326	0.506674	5.109604
4584	-524.2335	-546.9584	22.72494	0.7725106	4.428932	0.2784494	0.140163	0.859837	5.265133
4590	-520.4576	-545.2614	24.80383	1.00363	4.428932	0.2784494	0.339411	0.660589	3.968808
4596	-521.443	-548.811	27.36802	1.383107	6.124472	0.1702704	0.432346	0.567654	2.102602
4602	-523.0703	-551.1221	28.05184	1.312284	4.223261	0.1668364	0.613625	0.386375	2.050654
4608	-527.2923	-553.829	26.53677	2.00645	3.177339	0.420953	0.354819	0.645181	2.424103
4614	-528.0675	-554.181	26.11345	1.095613	4.046253	0.3725552	0.778051	0.221949	3.101927
4620	-524.5707	-550.9753	26.40463	1.102291	2.364103	0.3725552	0.615129	0.384871	3.333549
4626	-525.3924	-551.6831	26.29068	0.8974527	2.706577	0.3725552	0.335236	0.664764	3.42282
4632	-520.5806	-546.5875	26.00694	1.099356	3.793899	0.1720133	0.335236	0.664764	3.512326
4638	-520.6386	-546.0051	25.36646	0.8119894	3.793899	0.1720133	0.233869	0.766131	4.047115
4644	-526.6861	-550.4774	23.7913	0.3873081	3.987491	0.2190566	0.233869	0.766131	5.053386
4650	-523.58	-548.1102	24.53012	0.8477937	3.987491	0.2190566	0.490217	0.509783	4.382514
4656	-531.1839	-558.8574	27.67351	1.360825	7.114221	0.1003314	0.11406	0.88594	1.940594
4662	-526.3321	-554.0437	27.71157	1.755879	9.50591	0.2066195	0.441306	0.558694	0.9697478
4668	-529.1412	-556.3287	27.18744	1.23585	9.50591	0.1327397	0.783145	0.216855	1.967308
4674	-524.1074	-550.6549	26.54746	1.506002	9.50591	0.1534177	0.193222	0.806778	2.162325
4680	-529.6941	-553.0145	23.32038	2.27922	5.413848	0.2878491	0.304948	0.695052	3.914168
4686	-523.6213	-550.1098	26.48854	1.463843	8.420591	0.2878491	0.29969	0.70031	2.100175
4692	-525.0986	-550.0999	25.00125	0.8819018	8.420591	0.2878491	0.139912	0.860088	3.371456
4698	-532.8314	-557.4195	24.5881	0.8079055	4.480177	0.2878491	0.114477	0.885523	4.181358
4704	-531.9069	-556.0731	24.16623	1.253798	4.480177	0.1478835	0.196749	0.803251	4.395983
4710	-539.9335	-565.3894	25.45589	1.957442	5.247531	1.907816	0.231466	0.768534	1.753005
4716	-542.2688	-566.8234	24.5546	2.358277	4.937722	4.569095	0.536789	0.463211	1.3667
4722	-527.2417	-550.4953	23.2536	0.6064481	19.57785	0.04804201	0.827379	0.172621	4.220384
4728	-527.1256	-551.5778	24.45222	0.9160852	10.70617	0.1438583	0.469243	0.530757	3.695961
4734	-531.2256	-556.1987	24.97309	0.6637835	6.99879	0.1131982	0.453951	0.546049	3.984663
4740	-528.6709	-553.6921	25.02116	0.682376	12.06841	0.144381	0.541616	0.458384	3.387567
4746	-526.8969	-552.6255	25.7286	0.7146419	7.519383	0.144381	0.506548	0.493452	3.387567
4752	-529.6915	-553.4319	23.74039	0.5426631	8.335685	0.144381	0.414362	0.585638	4.535375
4758	-531.8194	-556.9785	25.15912	1.309326	8.335685	0.144381	0.595785	0.404215	3.280764
4764	-528.4847	-551.653	23.16837	0.4069947	8.335685	0.07336464	0.659979	0.340021	5.093314
4770	-528.8811	-555.0365	26.15539	1.052515	4.283553	0.1539521	0.594501	0.405499	3.392628
4776	-529.93	-556.2236	26.29362	1.332236	6.518931	0.1785496	0.73103	0.26897	2.738367
4782	-538.6077	-566.2252	27.61742	1.353734	8.420941	0.2438613	0.640238	0.359762	1.466612
4788	-529.8663	-555.8033	25.93697	1.137751	3.617322	0.09772037	0.566256	0.433744	3.727856
4794	-530.6531	-553.6438	22.99069	0.9761452	23.35047	0.1518631	0.537308	0.462692	3.727856
4800	-525.9939	-552.8709	26.87695	1.676554	7.273787	0.4399049	0.191564	0.808436	1.624902
4806	-524.1623	-551.5979	27.43561	1.849765	10.34028	0.2845886	0.402577	0.597423	0.7864712
4812	-526.4556	-554.2898	27.83422	1.84985	10.34028	0.1589181	0.482149	0.517851	0.7250397
4818	-544.1361	-571.1981	27.06199	2.406397	8.86069	0.3281179	0.781659	0.218341	0.7250397
4824	-537.6228	-565.2757	27.65295	2.406397	10.846	0.0200477	0.781659	0.218341	0.8972569
4830	-527.2887	-554.7544	27.46566	2.460139	10.846	0.0187607	0.781659	0.218341	1.036763
4836	-527.2682	-554.6798	27.41162	2.479602	11.51679	0.0187607	0.435844	0.564156	0.9754799
4842	-535.4096	-563.2792	27.86963	2.42134	8.98279	0.0187607	0.435844	0.564156	0.9681067
4848	-535.2916	-562.9242	27.63262	2.995853	7.19532	0.0187607	0.514825	0.485175	0.9681067
4854	-529.6046	-557.221	27.61638	2.995853	8.716502	0.0187607	0.616799	0.383201	0.5190616
4860	-529.451	-557.023	27.57201	3.030756	8.771634	0.0187607	0.58817	0.41183	0.5152732
4866	-529.4327	-556.9903	27.5576	3.030756	8.771634	0.0187607	0.228981	0.771019	0.5912373
4872	-528.7677	-556.006	27.23826	3.326216	8.771634	0.0187607	0.732229	0.267771	0.3734188
4878	-527.7624	-555.8714	28.10898	3.018759	5.738461	0.0187607	0.545747	0.454253	0.7692182
4884	-525.2156	-552.4457	27.23016	1.576662	4.888922	0.493661	0.138507	0.861493	1.786276
4890	-533.4342	-560.8222	27.38797	1.918431	4.961643	0.06904657	0.138507	0.861493	2.197996
4896	-532.5431	-559.5336	26.99049	2.377636	4.961643	0.06947757	0.050935	0.949065	2.156593
4902	-543.6481	-570.3025	26.65432	1.130221	7.661436	0.2045405	0.163578	0.836422	2.441615
4908	-536.3112	-561.3765	25.06532	1.32496	7.02267	0.1747275	0.253418	0.746582	3.418147
4914	-531.2139	-554.098	22.88414	1.417883	6.133638	0.356443	0.272115	0.727885	4.462295
4920	-524.8619	-553.5415	28.67964	1.824197	6.133638	0.08823564	0.610388	0.389612	1.019367
4926	-523.8994	-550.9271	27.02776	1.565305	5.285785	0.2162404	0.177069	0.822931	2.25125
4932	-524.8993	-552.1821	27.28276	1.500473	5.285785	0.2074549	0.264235	0.735765	2.144584
4938	-527.1748	-551.1085	23.93368	1.548003	5.285785	0.5551181	0.285478	0.714522	3.710267
4944	-526.6845	-552.5276	25.84302	1.122556	4.52037	0.2970571	0.490802	0.509198	3.254174
4950	-527.6112	-553.8822	26.27105	1.691185	3.277356	0.116222	0.501901	0.498099	3.240476
4956	-527.3929	-553.7249	26.332	1.315802	3.100792	0.4645992	0.573537	0.426463	2.945664
4962	-528.5571	-557.0563	28.49912	1.857635	6.483605	0.1408005	0.686211	0.313789	0.8645057
4968	-528.8605	-558.5066	29.64611	1.970114	2.422838	0.1551595	0.474885	0.525115	0.8798065
4974	-529.8488	-559.4414	29.59263	1.970114	2.199234	0.1551595	0.480404	0.519596	1.056682
4980	-525.2479	-550.6578	25.40988	1.455113	8.243614	0.4140648	0.274035	0.725965	2.641285
4986	-528.3051	-555.352	27.04692	1.476515	3.919486	0.1024578	0.118076	0.881924	2.796268
4992	-526.9774	-554.9882	28.01078	2.764333	2.671078	0.4873929	0.0234096	0.97659	0.813321
4998	-529.597	-556.4286	26.8316	2.059242	8.707573	0.3906984	0.049254	0.950746	1.224371
5004	-525.7106	-552.6437	26.93317	1.758297	6.013342	0.3357	0.365779	0.634221	1.868776
5010	-520.6331	-549.262	28.62892	1.796991	3.535374	0.08304276	0.539219	0.460781	1.710148
5016	-522.505	-551.6828	29.1778	2.059024	3.246878	0.08304276	0.339934	0.660066	1.170786
5022	-520.7231	-549.7697	29.04661	2.21032	3.918486	0.08304276	0.345046	0.654954	0.9118816
5028	-523.8678	-551.8721	28.00434	2.254314	3.065294	0.4346158	0.133617	0.866383	1.242821
5034	-536.4841	-564.2455	27.76139	2.923182	3.065294	0.4346158	0.457947	0.542053	0.8249632
5040	-537.8271	-564.9668	27.13976	2.35824	9.258041	0.3188693	0.0769407	0.923059	0.5263201
5046	-525.6451	-551.8146	26.16954	1.77971	9.258041	0.1973323	0.29233	0.70767	2.16476
5052	-524.7177	-551.4731	26.75538	1.559656	7.285275	0.1973323	0.233949	0.766051	2.16476
5058	-526.1556	-553.7413	27.58573	1.278122	5.999711	0.1204292	0.626244	0.373756	2.16476
5064	-530.688	-556.8472	26.15926	1.573606	15.58722	0.04035545	0.78259	0.21741	2.16476
5070	-537.3156	-559.7358	22.42024	1.20551	15.58722	0.07134524	0.486687	0.513313	4.508598
5076	-536.0178	-560.3637	24.34589	1.647162	22.8577	0.07134524	0.543318	0.456682	2.744794
5082	-534.5546	-558.1091	23.55447	1.05778	22.8577	0.1643651	0.5112	0.4888	3.349344
5088	-530.1408	-556.2896	26.14875	1.752679	14.86444	0.1702546	0.400005	0.599995	1.739281
5094	-528.5043	-556.2261	27.72179	1.492899	7.689028	0.09775321	0.331696	0.668304	1.744301
5100	-541.4055	-563.9495	22.54395	0.8697336	5.547297	0.3537536	0.517604	0.482396	5.042807
5106	-536.9854	-561.6156	24.6302	1.177796	3.624491	0.437184	0.100955	0.899045	3.932796
5112	-538.7761	-564.7519	25.97583	0.9656078	3.624491	0.437184	0.291485	0.708515	3.274484
5118	-540.9955	-566.5439	25.54841	0.7733728	12.16292	0.1267182	0.618979	0.381021	3.05268
5124	-532.2525	-556.7673	24.51477	1.254058	9.132058	0.1358823	0.200208	0.799792	3.625646
5130	-532.6923	-556.466	23.77369	0.5637442	9.132058	0.1400841	0.233288	0.766712	4.43433
5136	-533.8574	-557.9774	24.12006	1.059058	9.132058	0.1400841	0.444435	0.555565	3.956478
5142	-531.0842	-555.2279	24.14372	1.035395	9.132058	0.1400841	0.160612	0.839388	3.956478
5148	-529.5206	-554.2682	24.74754	1.33162	7.699095	0.1400841	0.125148	0.874852	3.588337
5154	-524.5604	-549.8536	25.29326	1.083093	6.302895	0.1400841	0.247381	0.752619	3.588337
5160	-528.5702	-554.5117	25.94142	0.934729	3.443375	0.2327692	0.201308	0.798692	3.615518
5166	-524.7129	-549.4162	24.70323	0.8568094	3.772111	0.2234469	0.629919	0.370081	4.314638
5172	-522.2288	-545.8313	23.60249	1.059193	7.128568	0.2234469	0.125426	0.874574	4.314638
5178	-525.2828	-549.5384	24.25554	0.9118664	7.128568	0.2234469	0.448719	0.551281	4.027316
5184	-525.7613	-550.6691	24.90783	0.9441483	7.128568	0.08400874	0.412902	0.587098	3.917242
5190	-527.7377	-553.5633	25.82562	1.1167	10.54958	0.08858691	0.43381	0.56619	2.911628
5196	-523.005	-548.7038	25.69884	1.103718	11.65922	0.08858691	0.368354	0.631646	2.899301
5202	-530.1616	-554.2966	24.135	1.470333	6.154044	0.4297581	0.255825	0.744175	3.633966
5208	-531.4882	-555.7825	24.29427	1.222088	6.154044	0.105051	0.0930231	0.906977	4.180085
5214	-530.0684	-554.2099	24.14155	0.8252858	8.876759	0.105051	0.29817	0.70183	4.180085
5220	-525.8472	-549.8057	23.9585	0.803093	5.865881	0.1209692	0.633283	0.366717	4.608982
5226	-523.8869	-549.2566	25.36973	0.7100639	5.865881	0.1836823	0.299009	0.700991	3.735336
5232	-522.8699	-548.4114	25.54158	1.01839	4.534895	0.1177267	0.483052	0.516948	3.80127
5238	-525.4803	-552.302	26.82164	1.36247	12.38865	0.1177267	0.427085	0.572915	1.88223
5244	-521.9501	-548.267	26.31684	1.383139	13.53605	0.2196931	0.746803	0.253197	1.88223
5250	-522.7521	-548.7319	25.97983	1.132797	13.53605	0.2196931	0.575696	0.424304	2.269449
5256	-525.8454	-553.5921	27.74674	1.275608	5.148673	0.2196931	0.616342	0.383658	1.988124
5262	-527.647	-555.7501	28.10317	1.764709	2.60042	0.3233011	0.586709	0.413291	1.8532
5268	-529.0052	-557.8463	28.84104	1.530406	1.90537	0.3325455	0.184706	0.815294	1.748884
5274	-532.7236	-558.1602	25.43662	1.868891	5.5216	1.76975	0.184706	0.815294	1.837583
5280	-533.7664	-559.6444	25.87801	2.091027	3.063759	2.370437	0.363024	0.636976	1.690403
5286	-531.2517	-557.2186	25.9669	2.022114	2.97142	2.544923	0.314736	0.685264	1.64189
5292	-527.9835	-556.1762	28.19266	1.765624	1.719	0.5093481	0.60748	0.39252	1.886599
5298	-531.7557	-560.1283	28.37266	1.597336	1.727424	0.3473279	0.681405	0.318595	2.075716
5304	-530.9023	-559.7426	28.84036	1.339305	1.727424	0.3553262	0.6156	0.3844	1.924714
5310	-527.731	-555.7376	28.00657	1.346674	2.693102	0.2558936	0.421913	0.578087	2.270857
5316	-526.2426	-554.2706	28.02805	1.516347	2.693102	0.3267295	0.464335	0.535665	2.036544
5322	-526.9366	-555.0898	28.15322	1.794538	2.412409	0.5731875	0.309341	0.690659	1.541255
5328	-528.4299	-557.3798	28.94985	2.472711	2.412409	0.2930008	0.448647	0.551353	0.5420302
5334	-527.6633	-555.4883	27.82494	2.209253	3.87489	0.7465901	0.273483	0.726517	0.627266
5340	-527.0447	-555.463	28.41825	1.528952	5.145106	0.1914821	0.179827	0.820173	1.388034
5346	-522.7566	-550.0366	27.27995	1.656013	5.145106	0.516495	0.566499	0.433501	1.617503
5352	-524.287	-552.5817	28.29474	1.53898	5.145106	0.3111606	0.263959	0.736041	1.225216
5358	-522.2077	-546.6043	24.39668	1.090281	5.145106	0.3111606	0.165344	0.834656	3.988782
5364	-522.843	-549.3584	26.51532	1.253772	6.956914	0.3097523	0.100099	0.899901	2.370908
5370	-523.5331	-549.5544	26.02126	1.548863	7.175644	0.3097523	0.231144	0.768856	2.467266
5376	-525.5875	-553.6359	28.04836	1.428986	4.546025	0.3544614	0.188064	0.811936	1.564824
5382	-527.9124	-555.8511	27.93873	2.057072	2.205828	1.125563	0.147536	0.852464	1.069906
5388	-531.0619	-558.6801	27.61817	1.962476	3.054389	0.9989203	0.158568	0.841432	1.189453
5394	-528.6292	-555.6228	26.99362	1.414177	6.684507	0.6262834	0.0949945	0.905006	1.606722
5400	-523.0723	-551.9004	28.82808	1.881896	3.847127	0.2462063	0.122947	0.877053	0.9263707
5406	-524.3605	-549.4886	25.1281	1.785874	11.65948	0.8122173	0.409549	0.590451	1.88483
5412	-521.2669	-548.9686	27.7017	1.785874	4.511559	0.2493794	0.11325	0.88675	1.740714
5418	-520.6232	-547.7164	27.09321	1.445702	5.600487	0.2493794	0.0714949	0.928505	2.174564
5424	-523.7361	-548.5561	24.82001	1.439298	8.035825	0.6360962	0.262417	0.737583	2.81691
5430	-526.0803	-552.4198	26.33953	2.107477	7.749825	1.296786	0.230532	0.769468	0.7228833
5436	-521.6698	-550.0045	28.33477	2.150423	2.857756	0.5851568	0.242397	0.757603	0.8759373
5442	-529.5342	-558.1332	28.59905	1.604214	2.857756	0.5851568	0.281433	0.718567	1.155323
5448	-524.3839	-553.3447	28.96082	1.707285	2.857756	0.2910124	0.21778	0.78222	1.223566
5454	-526.6614	-553.1561	26.4947	1.504073	3.492077	0.1031353	0.546968	0.453032	3.20145
5460	-529.4093	-555.9699	26.56055	1.761085	4.607849	0.08740253	0.527751	0.472249	2.824682
5466	-525.2002	-551.5245	26.32429	1.376455	4.855636	0.3674521	0.252783	0.747217	2.659146
5472	-521.555	-547.7475	26.19247	1.117496	5.457631	0.3140994	0.431196	0.568804	2.867073
5478	-524.974	-549.8421	24.86805	1.001627	5.734305	0.1308461	0.431196	0.568804	3.978857
5484	-530.3636	-555.8623	25.49869	1.193295	5.540155	0.5962211	0.399704	0.600296	2.9214
5490	-522.2085	-547.5326	25.3241	1.15585	5.061268	0.2976264	0.443221	0.556779	3.446395
5496	-520.2508	-547.4487	27.19794	0.883183	5.768829	0.2219798	0.172979	0.827021	2.486358
5502	-518.878	-544.7007	25.82275	0.7018531	5.768829	0.2219798	0.48281	0.51719	3.424715
5508	-522.9209	-548.2311	25.31018	0.9086172	5.768829	0.334212	0.451274	0.548726	3.442079
5514	-527.5159	-553.0969	25.58098	0.8661881	3.719574	0.2804286	0.262305	0.737695	3.733873
5520	-528.6539	-552.751	24.09715	1.080203	3.719574	0.5186891	0.140349	0.859651	4.193427
5526	-527.0556	-552.657	25.60145	1.039176	3.719574	0.3622516	0.112101	0.887899	3.515608
5532	-535.8353	-563.8605	28.02514	2.297643	5.663962	0.2096965	0.153628	0.846372	0.8728309
5538	-527.5667	-553.9913	26.42462	1.398564	5.663962	0.1776974	0.484741	0.515259	2.744113
5544	-528.2329	-554.9052	26.67225	2.098875	9.294121	0.6022392	0.323766	0.676234	0.9058558
5550	-530.5109	-557.6444	27.13354	1.575484	7.03811	0.176557	0.621804	0.378196	1.981596
5556	-533.0897	-560.3381	27.24832	1.902512	5.829497	0.6882748	0.0100952	0.989905	1.106018
5562	-528.6425	-555.3443	26.70185	1.511487	5.121274	0.4005471	0.0706097	0.92939	2.248959
5568	-528.0451	-556.5263	28.48127	2.105376	5.121274	0.09253745	0.207989	0.792011	1.163755
5574	-529.9391	-556.8621	26.92304	1.379666	5.121274	0.09253745	0.0843632	0.915637	2.73251
5580	-529.6244	-555.5961	25.9716	1.93564	8.415404	0.9330059	0.0396213	0.960379	1.444851
5586	-529.0808	-554.6493	25.56847	1.624876	4.202604	0.9330059	0.0396213	0.960379	2.596875
5592	-530.0676	-557.049	26.98142	1.466687	3.233569	1.146361	0.26739	0.73261	1.877202
5598	-530.0085	-556.8111	26.80263	1.31426	2.758893	0.4176803	0.372306	0.627694	2.802636
5604	-535.3198	-558.3003	22.98049	1.886705	8.281846	0.4176803	0.295566	0.704434	3.817409
5610	-525.9217	-553.367	27.44526	1.684809	5.379482	0.107913	0.493766	0.506234	2.125933
5616	-529.5041	-558.7354	29.23128	1.385283	2.277031	0.2205112	0.754526	0.245474	1.621352
5622	-525.0154	-553.8609	28.8455	1.638124	2.277031	0.2205112	0.557656	0.442344	1.716268
5628	-530.6472	-558.1505	27.50328	1.426094	2.277031	0.1318535	0.44627	0.55373	2.898896
5634	-529.224	-556.722	27.49806	1.947623	2.536053	1.290266	0.641236	0.358764	1.27733
5640	-527.8861	-555.2516	27.36548	1.962932	2.536053	1.290266	0.359646	0.640354	1.371552
5646	-529.2617	-556.9084	27.64667	1.955046	2.165435	1.682958	0.359646	0.640354	1.052679
5652	-528.8798	-557.0723	28.19249	1.955046	2.165435	0.4060238	0.263097	0.736903	1.695076
5658	-534.7621	-561.4268	26.6647	2.04464	1.889162	2.352949	0.150598	0.849402	1.588463
5664	-532.4729	-559.0599	26.58702	2.513225	1.962908	3.260054	0.0979893	0.902011	0.8585002
5670	-533.4165	-560.934	27.51754	2.45369	1.962908	1.748646	0.0895756	0.910424	0.7005864
5676	-528.6848	-558.0844	29.3996	2.290121	2.263079	0.1193636	0.348507	0.651493	1.028012
5682	-538.7795	-563.6283	24.8488	2.967141	10.94813	0.5201062	0.150301	0.849699	1.601959
5688	-535.5408	-564.66	29.1192	1.904748	4.020514	0.06365562	0.67094	0.32906	1.190019
5694	-533.5527	-560.994	27.44127	2.490203	9.517164	0.03042784	0.425632	0.574368	1.190019
5700	-533.0702	-559.3532	26.283	3.146655	1.787715	3.08786	0.203177	0.796823	0.3961757
5706	-532.5689	-557.5735	25.00464	3.004278	5.409483	3.08786	0.0335054	0.966495	0.3971931
5712	-523.4902	-549.5319	26.04164	2.469573	5.363486	2.084882	0.0944835	0.905516	0.6027377
5718	-529.6928	-555.4565	25.76366	2.880319	4.679514	2.084882	0.171758	0.828242	0.3283609
5724	-538.0451	-563.3113	25.26622	3.182438	4.895748	2.084882	0.212172	0.787828	0.2419969
5730	-532.6825	-560.512	27.82951	1.723529	8.229722	0.1893423	0.710826	0.289174	1.149159
5736	-531.1749	-558.0596	26.88463	1.728395	22.55816	0.04437022	0.727545	0.272455	1.016527
5742	-530.6083	-559.4063	28.79803	2.442091	5.241178	0.04437022	0.324124	0.675876	0.6246435
5748	-536.7504	-565.973	29.22258	2.636509	2.084303	0.08475242	0.324124	0.675876	1.09853
5754	-534.2268	-563.1166	28.88979	3.031154	2.455861	0.08475242	0.3123	0.6877	0.8266936
5760	-532.5787	-560.4513	27.87259	2.774572	2.455861	0.2250543	0.123702	0.876298	1.522191
5766	-535.4084	-562.8446	27.4362	2.26005	1.362614	1.485806	0.216772	0.783228	1.522191
5772	-536.4787	-562.5557	26.07692	2.531419	7.733075	1.190395	0.511154	0.488846	0.5714041
5778	-539.0106	-565.0674	26.05674	2.5083	3.31842	0.6301985	0.598277	0.401723	2.158837
5784	-533.9776	-561.5515	27.57398	2.062408	3.31842	0.2401055	0.056469	0.943531	1.937724
5790	-535.4495	-563.3958	27.94625	2.418191	3.31842	0.2435404	0.208785	0.791215	1.410238
5796	-530.107	-557.2115	27.10453	1.876717	10.34739	0.1579258	0.256188	0.743812	1.410238
5802	-526.4034	-554.353	27.94959	2.552201	8.723129	0.02828464	0.691057	0.308943	0.7376605
5808	-525.1793	-553.405	28.22574	2.552201	6.668023	0.03244548	0.68746	0.31254	0.8839938
5814	-534.7582	-563.234	28.47577	2.155781	6.144029	0.03244548	0.794487	0.205513	1.147578
5820	-529.1204	-557.3509	28.23048	2.423327	6.144029	0.03244548	0.250737	0.749263	1.127725
5826	-527.1363	-555.1744	28.03809	2.282849	6.144029	0.1757637	0.306261	0.693739	0.8587208
5832	-526.4495	-554.5387	28.08922	2.282849	6.58085	0.1757637	0.616551	0.383449	0.3963098
5838	-531.3747	-558.4013	27.02666	3.724048	5.00875	0.1757637	0.41033	0.58967	0.6521653
5844	-529.1398	-555.9976	26.85785	3.724048	4.674667	0.2850348	0.180386	0.819614	0.4765237
5850	-534.3238	-562.566	28.24216	3.168516	2.101889	0.2599515	0.296021	0.703979	0.9542025
5856	-532.2744	-561.4161	29.14175	2.534471	3.232459	0.0950681	0.262306	0.737694	0.5443615
5862	-542.9515	-572.0381	29.08665	2.056486	1.131018	0.2797003	0.0572711	0.942729	1.69364
5868	-533.3027	-563.2681	29.96536	2.048952	1.84024	0.1632912	0.377836	0.622164	0.7510856
5874	-537.0614	-558.3914	21.32991	3.788741	12.58657	7.749379	0.365632	0.634368	0.1925052
5880	-533.3663	-555.2385	21.87213	3.597498	12.58657	6.284154	0.460927	0.539073	0.2055918
5886	-537.6869	-559.6038	21.91689	3.597498	12.58657	6.284154	0.117925	0.882075	0.2223161
5892	-527.2786	-550.0654	22.78687	3.626656	7.417751	6.284154	0.147506	0.852494	0.2543522
5898	-532.4231	-556.0346	23.61144	3.626656	6.694088	3.888383	0.0702906	0.929709	0.2543522
5904	-522.332	-550.2364	27.90441	1.628872	4.875415	0.3192844	0.179862	0.820138	1.507802
5910	-520.4621	-547.1885	26.72639	1.402919	4.974383	0.3546746	0.626319	0.373681	2.387224
5916	-532.6666	-559.974	27.30746	1.277401	4.974383	0.1766884	0.293985	0.706015	2.387224
5922	-526.8188	-553.2452	26.42639	1.307093	4.974383	0.1766884	0.206448	0.793552	2.912324
5928	-526.0273	-552.7608	26.73348	1.4634	4.974383	0.1867489	0.000306408	0.999694	2.609927
5934	-530.2299	-557.4805	27.25061	1.456689	4.974383	0.5497711	0.385876	0.614124	1.775974
5940	-532.7968	-560.5669	27.7701	1.829758	1.367884	1.142748	0.325977	0.674023	1.789009
5946	-535.4728	-562.9144	27.44156	1.641809	1.367884	1.142748	0.357815	0.642185	2.135858
5952	-540.6073	-567.1505	26.54311	1.825433	1.367884	1.142748	0.509692	0.490308	2.58958
5958	-536.2912	-564.161	27.86974	1.292755	1.944008	0.3010024	0.871978	0.128022	2.56955
5964	-538.8289	-565.4131	26.58424	2.475405	1.954653	0.8043112	0.157783	0.842217	2.116506
5970	-534.7351	-560.2288	25.49369	1.112736	4.942794	0.2537599	0.200002	0.799998	3.454988
5976	-531.371	-558.3181	26.94705	0.8804138	4.183635	0.1588888	0.52268	0.47732	3.0347
5982	-537.8767	-561.3952	23.51852	1.807105	3.043193	0.5948471	0.244788	0.755212	4.191406
5988	-534.5565	-560.4364	25.87986	1.122318	2.988681	0.5948471	0.277638	0.722362	3.235187
5994	-531.2269	-557.3914	26.16455	1.607954	4.520497	0.8171197	0.238764	0.761236	2.249736
6000	-526.6878	-555.0341	28.34638	1.579338	4.520497	0.1893116	0.512738	0.487262	1.546251
6006	-526.8835	-553.7144	26.83087	1.731907	6.041454	0.7979533	0.384589	0.615411	1.436606
6012	-526.9805	-553.9014	26.92088	1.372934	6.041454	0.384968	0.597325	0.402675	2.062609
6018	-526.1978	-553.7507	27.55288	1.863445	5.178866	0.3785921	0.534777	0.465223	1.437261
6024	-520.6157	-546.9227	26.30697	1.609334	5.178866	0.8828282	0.168782	0.831218	1.982816
6030	-524.1169	-550.4469	26.33006	1.619639	4.621333	0.6886732	0.446479	0.553521	2.21823
6036	-522.7963	-549.6307	26.83444	1.601301	4.621333	0.2218061	0.325803	0.674197	2.46046
6042	-533.8518	-561.5845	27.73272	2.062277	3.558068	0.9654112	0.468369	0.531631	0.8049448
6048	-531.7009	-559.2812	27.5803	2.314759	3.558068	0.6839587	0.487305	0.512695	1.052263
6054	-526.3836	-552.2502	25.86653	1.283553	3.910155	0.3993773	0.100717	0.899283	3.132917
6060	-526.8328	-554.034	27.20121	1.395317	3.910155	0.3993773	0.597596	0.402404	2.242513
6066	-525.4903	-552.6239	27.1336	1.550716	2.558378	0.5170102	0.0517391	0.948261	2.402638
6072	-524.2871	-552.2468	27.95973	1.604413	3.34819	0.1842809	0.31522	0.68478	2.085532
6078	-524.5059	-549.9129	25.40695	1.433411	8.239721	0.1952995	0.323847	0.676153	2.970281
6084	-527.0424	-554.2604	27.21799	2.000256	3.907731	0.04589546	0.226721	0.773279	2.534196
6090	-534.9705	-563.0842	28.11366	1.787065	5.760465	0.07012011	0.763218	0.236782	1.648494
6096	-532.1315	-560.0226	27.89111	1.826896	5.760465	0.09588721	0.710536	0.289464	1.695181
6102	-526.3671	-552.4382	26.07105	2.077708	5.760465	0.3782988	0.372181	0.627819	2.210849
6108	-526.0994	-552.6971	26.59767	1.162144	2.85501	0.3782988	0.402022	0.597978	3.038062
6114	-527.0993	-553.8012	26.70194	1.278327	6.72354	0.4619226	0.532669	0.467331	2.071936
6120	-531.7648	-557.8073	26.04248	1.354558	2.22398	0.7589423	0.425072	0.574928	3.087434
6126	-527.7753	-554.3965	26.62123	1.531428	2.469129	0.181726	0.668057	0.331943	3.202182
6132	-528.051	-555.8993	27.84831	2.117666	2.710147	0.2479797	0.333593	0.666407	1.875098
6138	-533.1322	-562.4622	29.33006	1.608207	2.710147	0.2479797	0.615385	0.384615	1.14024
6144	-527.0589	-554.2176	27.15863	2.1292	8.082447	0.113577	0.574756	0.425244	1.591137
6150	-527.4515	-556.737	29.28556	2.034935	2.880144	0.1177554	0.409476	0.590524	1.101516
6156	-528.266	-557.0653	28.79925	2.273545	4.661387	0.1177554	0.441941	0.558059	0.4000588
6162	-534.915	-561.1778	26.26277	1.898625	4.635015	1.02789	0.367811	0.632189	1.819724
6168	-532.0597	-560.2136	28.15393	1.541451	3.861993	0.2191278	0.44862	0.55138	1.800303
6174	-530.2591	-558.061	27.80185	1.480236	3.861993	0.4458317	0.44862	0.55138	1.737226
6180	-534.219	-560.5358	26.31684	1.102654	18.42752	0.2267254	0.455246	0.544754	1.701494
6186	-527.4935	-555.0251	27.53157	1.543197	8.97893	0.1795726	0.515878	0.484122	1.454366
6192	-525.2487	-553.5766	28.32789	1.618411	4.861828	0.1795726	0.35932	0.64068	1.478268
6198	-525.7853	-552.6759	26.89056	1.38938	4.861828	0.1393604	0.422337	0.577663	2.676615
6204	-537.8767	-561.4258	23.54909	3.833148	2.158045	11.10683	0.0256938	0.974306	0.4441111
6210	-527.1703	-550.6342	23.46388	1.883495	8.049572	0.3175246	0.146556	0.853444	3.683641
6216	-522.8952	-548.269	25.37383	1.151185	3.507355	0.3175246	0.0769261	0.923074	3.683641
6222	-527.3211	-550.8503	23.52928	0.7759744	4.761626	0.3175246	0.158238	0.841762	4.709729
6228	-521.2582	-546.9616	25.70332	0.9191776	4.761626	0.3175246	0.158615	0.841385	3.386134
6234	-519.4155	-545.1673	25.75183	0.958626	4.761626	0.3175246	0.625346	0.374654	3.334467
6240	-522.6545	-548.3386	25.68415	1.129101	6.91494	0.3092485	0.0846765	0.915323	2.965841
6246	-519.5136	-545.9486	26.435	1.138255	6.91494	0.2093927	0.470039	0.529961	2.659606
6252	-519.0459	-545.7941	26.7482	1.155076	5.51172	0.2093927	0.192613	0.807387	2.659606
6258	-522.8644	-548.8655	26.00117	0.7544347	5.218433	0.1843672	0.131144	0.868856	3.438431
6264	-523.9668	-551.2529	27.28608	1.225435	5.218433	0.2239614	0.63658	0.36342	2.301151
6270	-524.4597	-551.9975	27.53771	1.350939	5.218433	0.2239614	0.434469	0.565531	2.056349
6276	-530.192	-557.3956	27.20353	1.634577	4.630533	0.2591823	0.11043	0.88957	2.137474
6282	-526.2926	-551.8473	25.55471	1.423477	16.99112	0.2591823	0.766894	0.233106	2.039202
6288	-521.4707	-547.3094	25.83866	1.508687	16.99112	0.1376477	0.565584	0.434416	2.039202
6294	-527.7034	-555.2181	27.51479	1.59843	5.334388	0.1376477	0.299761	0.700239	2.06914
6300	-532.2696	-557.396	25.12643	1.21094	2.671583	0.9360397	0.339235	0.660765	3.46203
6306	-526.0063	-551.0627	25.05634	1.242812	3.5239	0.6449393	0.181265	0.818735	3.481143
6312	-522.6256	-548.6799	26.05432	1.201604	3.5239	0.6066727	0.111026	0.888974	2.946358
6318	-522.5996	-550.5132	27.91355	1.45944	3.5239	0.2035298	0.102898	0.897102	2.128571
6324	-521.8919	-548.9605	27.06866	1.196407	3.837393	0.2035298	0.255884	0.744116	2.755039
6330	-519.5934	-547.1792	27.5858	1.745009	4.490263	0.2035298	0.187034	0.812966	1.940376
6336	-529.5365	-556.4052	26.86863	1.658496	10.36626	0.2035298	0.495765	0.504235	1.638539
6342	-524.5605	-550.9052	26.34467	1.410159	18.4375	0.1472862	0.409491	0.590509	1.638539
6348	-521.4035	-548.7888	27.38532	1.563066	8.466474	0.1472862	0.60599	0.39401	1.692875
6354	-522.5104	-547.9401	25.4297	1.255428	9.273265	0.1472862	0.0478264	0.952174	3.048244
6360	-531.5059	-556.6596	25.15378	1.058403	9.247507	0.4951142	0.126089	0.873911	2.84449
6366	-523.8389	-550.5259	26.68703	1.470775	9.247507	0.4951142	0.47662	0.52338	1.576633
6372	-524.6364	-552.6052	27.96874	1.749889	3.505559	0.4951142	0.47662	0.52338	1.450392
6378	-529.664	-558.0204	28.35633	1.737482	3.582899	0.184918	0.384155	0.615845	1.661717
6384	-530.511	-558.0927	27.58164	1.362378	6.098209	0.1803299	0.384155	0.615845	1.957261
6390	-530.4732	-558.5574	28.08428	1.71823	3.264582	0.1803299	0.384155	0.615845	1.957261
6396	-530.7476	-558.3137	27.56611	2.00624	8.766121	0.1803299	0.384155	0.615845	1.068976
6402	-525.9689	-552.7903	26.82138	2.484396	7.976024	0.5123176	0.290867	0.709133	0.3508075
6408	-525.4161	-551.6853	26.2692	3.031886	4.956792	0.8154335	0.0665487	0.933451	0.1920541
6414	-525.6687	-553.4921	27.82345	2.726674	2.385317	0.8154335	0.181908	0.818092	0.3591488
6420	-526.7489	-553.6512	26.90228	2.888056	2.856728	1.271518	0.485997	0.514003	0.2804606
6426	-529.545	-556.5333	26.98831	2.862927	2.721537	1.271518	0.318637	0.681363	0.2804606
6432	-531.61	-558.4941	26.88405	2.866966	3.004486	1.242192	0.0665573	0.933443	0.2804606
6438	-533.0255	-558.3498	25.3243	2.984281	3.82434	3.27479	0.0145453	0.985455	0.2882924
6444	-533.7197	-558.653	24.93323	2.998828	3.82434	4.764347	0.218582	0.781418	0.5065165
6450	-540.9102	-565.6597	24.74953	3.3313	3.394999	4.764347	0.0365228	0.963477	0.4374167
6456	-530.9366	-555.569	24.63238	3.413784	3.394999	4.764347	0.132273	0.867727	0.3670293
6462	-528.9305	-553.7381	24.80753	3.288498	5.176147	2.893133	0.379539	0.620461	0.3230619
6468	-535.1678	-560.7432	25.57536	3.254614	3.120808	2.893133	0.353761	0.646239	0.3858256
6474	-531.2233	-556.6729	25.44963	3.281956	3.351345	2.743541	0.0154606	0.984539	0.3052972
6480	-526.2101	-551.9272	25.71712	3.210526	2.986243	2.743541	0.026064	0.973936	0.3503045
6486	-528.0663	-554.2875	26.2212	2.735567	2.986243	2.743541	0.276616	0.723384	0.3920883
6492	-523.2503	-549.3383	26.08797	2.659521	3.514057	2.743541	0.230837	0.769163	0.6228097
6498	-525.3448	-553.8382	28.49346	2.041436	3.578872	0.4751593	0.230837	0.769163	0.6228097
6504	-523.8234	-553.005	29.18159	2.075019	3.858794	0.1362508	0.1963	0.8037	0.6228097
6510	-526.9724	-556.0034	29.03093	1.997426	4.606819	0.1362508	0.617125	0.382875	0.5861047
6516	-528.9101	-557.2111	28.30103	1.853968	6.983519	0.217265	0.785794	0.214206	0.6298913
6522	-521.8389	-549.9421	28.10312	1.905104	6.618963	0.1236738	0.346999	0.653001	1.233206
6528	-523.2502	-551.7553	28.50513	1.589835	5.19153	0.1236738	0.346999	0.653001	1.443833
6534	-527.2441	-555.0519	27.80784	1.589835	9.599399	0.188899	0.192087	0.807913	1.075287
6540	-533.0832	-559.1972	26.11401	1.377423	6.735826	0.0898617	0.481359	0.518641	2.991678
6546	-528.6431	-554.4452	25.80209	1.199817	6.719306	0.3602625	0.29113	0.70887	2.810436
6552	-526.121	-552.3436	26.22264	0.8776066	6.719306	0.2307893	0.29113	0.70887	2.936669
6558	-532.6583	-560.9	28.24166	2.006225	3.94503	0.3271535	0.187461	0.812539	1.152335
6564	-528.0991	-554.5446	26.44547	1.837111	16.85176	0.217051	0.514958	0.485042	1.175312
6570	-526.2276	-552.5641	26.33654	1.645533	8.067998	0.1254171	0.693216	0.306784	2.434863
6576	-525.3196	-552.1304	26.81077	1.393026	12.59854	0.1122132	0.650842	0.349158	1.865133
6582	-523.7674	-552.0147	28.2473	1.724553	6.411698	0.1122132	0.594543	0.405457	1.338254
6588	-522.804	-548.7685	25.9645	1.430551	5.066987	0.3073771	0.387616	0.612384	2.888442
6594	-521.989	-547.6706	25.68159	0.971661	4.067874	0.2264088	0.379004	0.620996	3.626392
6600	-527.1289	-552.3303	25.20132	0.836207	3.643233	0.2264088	0.674278	0.325722	4.06505
6606	-526.0224	-551.5866	25.56421	1.370811	3.643233	0.1754473	0.598925	0.401075	3.636718
6612	-532.8798	-556.4243	23.54451	2.062965	7.624616	0.1754473	0.31117	0.68883	3.799726
6618	-531.2123	-558.7744	27.56202	1.082365	2.737751	0.2025961	0.155711	0.844289	2.79186
6624	-527.0775	-551.13	24.0525	0.9380172	2.737751	0.2299104	0.297108	0.702892	4.856615
6630	-532.6922	-557.1222	24.43003	0.5902664	7.524005	0.2299104	0.197029	0.802971	4.054886
6636	-532.9197	-556.408	23.48827	1.053918	7.671975	0.07282978	0.299172	0.700828	4.626108
6642	-546.9555	-570.7417	23.78619	1.339652	2.538499	0.3909128	0.206445	0.793555	4.626108
6648	-528.3599	-552.862	24.50204	0.690343	4.036885	0.3217431	0.285598	0.714402	4.332802
6654	-530.9825	-554.1632	23.18067	0.7015094	10.15587	0.1310078	0.332156	0.667844	4.615522
6660	-523.1545	-548.4307	25.27625	0.9753041	10.15587	0.1249805	0.396695	0.603305	3.269953
6666	-520.013	-546.5747	26.56166	0.9150033	5.460276	0.1249805	0.435984	0.564016	3.096105
6672	-525.5235	-549.9958	24.4724	1.020575	9.999937	0.1189639	0.221765	0.778235	3.740343
6678	-527.1828	-552.7798	25.59701	1.401704	9.999937	0.04361913	0.579576	0.420424	3.058611
6684	-522.2348	-550.3475	28.11278	1.314644	4.950441	0.06180818	0.514999	0.485001	2.144308
6690	-526.127	-554.0902	27.96317	1.855224	7.518903	0.2310039	0.0709139	0.929086	0.9049371
6696	-529.2433	-553.0347	23.79142	1.377228	15.04731	0.2310039	0.688649	0.311351	3.329195
6702	-526.6925	-553.1709	26.47842	1.401033	5.403683	0.2310039	0.335495	0.664505	2.654048
6708	-535.1807	-559.6731	24.49235	1.193178	9.113928	0.6995405	0.375668	0.624332	2.994991
6714	-528.1664	-555.7163	27.54992	2.033581	3.549328	0.6750991	0.283274	0.716726	1.334276
6720	-527.763	-554.021	26.25797	1.889659	7.134938	0.2974834	0.207223	0.792777	2.121433
6726	-520.9284	-548.0181	27.08975	1.182792	6.106035	0.2974834	0.0883524	0.911648	2.189324
6732	-525.4861	-552.3539	26.86784	1.329618	6.747788	0.1888138	0.281033	0.718967	2.330383
6738	-533.3306	-560.9113	27.58075	1.604272	4.868774	0.05710396	0.837448	0.162552	2.330383
6744	-533.2642	-560.2271	26.96287	1.853101	6.4403	0.05087704	0.895383	0.104617	2.330383
6750	-534.1223	-557.2859	23.16361	0.7311808	6.057472	0.2161349	0.539614	0.460386	4.890817
6756	-532.0647	-556.8392	24.77452	0.5643957	6.057472	0.2161349	0.253823	0.746177	4.077858
6762	-530.9495	-555.9289	24.9794	1.074473	7.788046	0.05087704	0.648781	0.351219	3.816591
6768	-526.0328	-552.6752	26.64238	1.150217	5.571624	0.1093872	0.734762	0.265238	2.926434
6774	-526.3884	-553.8819	27.49345	1.721253	5.18099	0.3296574	0.32062	0.67938	1.661459
6780	-522.4016	-550.398	27.99639	2.240688	5.18099	0.3763912	0.452333	0.547667	0.4713135
6786	-520.2614	-548.3565	28.09514	2.493035	5.18099	0.1683478	0.338913	0.661087	0.2579502
6792	-520.7179	-548.2354	27.51755	2.493035	7.218377	0.1683478	0.531093	0.468907	0.2151547
6798	-520.0861	-547.9391	27.85298	2.500204	7.223016	0.07996805	0.612444	0.387556	0.2151547
6804	-522.3901	-550.1558	27.76561	2.439558	7.223016	0.1307178	0.469374	0.530626	0.2416951
6810	-523.3022	-551.9838	28.68158	2.351863	4.147503	0.1668133	0.415723	0.584277	0.3641521
6816	-524.8229	-553.3081	28.4852	2.325813	4.631298	0.1668133	0.384739	0.615261	0.2956843
6822	-523.8347	-552.3915	28.55676	2.624709	3.978184	0.1214026	0.295512	0.704488	0.2958388
6828	-521.3736	-549.595	28.22138	2.593396	5.190586	0.1214026	0.472002	0.527998	0.2958388
6834	-526.8077	-555.0815	28.27381	2.593396	4.575612	0.1214026	0.248818	0.751182	0.2284988
6840	-522.0613	-550.2717	28.21041	2.593396	4.78979	0.1214026	0.591711	0.408289	0.2284988
6846	-526.1009	-554.5806	28.47975	2.378384	5.288854	0.1214026	0.3982	0.6018	0.3624868
6852	-530.221	-558.4877	28.2667	2.532906	5.288854	0.1214026	0.735949	0.264051	0.304363
6858	-524.263	-552.9559	28.69297	2.23914	5.125041	0.1214026	0.497659	0.502341	0.4132612
6864	-524.8323	-553.1482	28.31582	2.339073	6.291804	0.1214026	0.293025	0.706975	0.50735
6870	-523.1232	-552.3835	29.26031	1.904664	3.733458	0.0891581	0.312382	0.687618	1.04413
6876	-526.0649	-555.4739	29.40898	1.900266	2.945581	0.0891581	0.375884	0.624116	1.192434
6882	-524.2413	-553.4513	29.21004	2.099209	2.945581	0.0891581	0.314307	0.685693	1.192434
6888	-529.2405	-558.1959	28.95542	1.877974	3.331524	0.09306257	0.364883	0.635117	1.435331
6894	-533.9278	-559.4463	25.51854	1.566847	3.331524	0.2077849	0.602749	0.397251	3.559982
6900	-532.0755	-561.0941	29.01858	2.62314	3.02348	0.08272611	0.186707	0.813293	0.8615011
6906	-533.8207	-562.1134	28.29268	2.515282	5.766244	0.04332724	0.381754	0.618246	1.020843
6912	-536.4223	-564.3613	27.93902	2.302361	3.789856	0.04332724	0.226272	0.773728	1.90745
6918	-536.1578	-563.023	26.86521	2.001914	3.743407	1.193769	0.226272	0.773728	1.406154
6924	-545.3535	-570.8454	25.49191	1.814021	3.742027	0.5062172	0.014094	0.985906	2.96133
6930	-531.8245	-559.4067	27.58214	1.318389	4.462704	0.1206897	0.36721	0.63279	2.407925
6936	-531.3917	-559.1685	27.77675	1.563585	7.394634	0.1825193	0.36721	0.63279	1.47035
6942	-521.7407	-548.3049	26.56426	1.744954	5.47337	0.5041041	0.100682	0.899318	2.004371
6948	-525.8377	-554.0624	28.22469	2.102818	4.108669	0.1029889	0.466998	0.533002	1.57404
6954	-529.19	-557.3182	28.12822	1.652446	4.062579	0.4018313	0.256046	0.743954	1.379361
6960	-530.428	-557.1844	26.75639	2.090186	3.104753	0.2365568	0.268738	0.731262	2.509714
6966	-528.3892	-554.2732	25.88399	2.344092	6.269332	0.1402685	0.156377	0.843623	2.481653
6972	-528.9935	-552.9697	23.97617	1.455657	14.37129	0.1319808	0.419654	0.580346	3.405074
6978	-527.7814	-554.8688	27.08747	1.425563	14.37129	0.1558305	0.373785	0.626215	1.364504
6984	-527.6243	-552.2019	24.57764	1.074777	4.170082	0.2269911	0.351722	0.648278	4.180273
6990	-528.4183	-552.3172	23.89895	1.066472	3.888736	0.3574932	0.364976	0.635024	4.445849
6996	-526.1252	-553.4295	27.30429	1.595545	8.248857	0.06387954	0.199278	0.800722	1.992671
7002	-526.3311	-549.9	23.56889	1.247516	21.01956	0.06387954	0.612984	0.387016	3.554695
7008	-527.9253	-553.8341	25.90875	0.8689993	7.892642	0.08341508	0.764775	0.235225	3.292239
7014	-523.6779	-551.4048	27.72694	1.12479	4.588094	0.08341508	0.544203	0.455797	2.513159
7020	-528.5531	-554.1295	25.5764	1.146276	20.26966	0.07429743	0.780918	0.219082	2.415215
7026	-531.5185	-559.0262	27.50766	1.561667	6.618493	0.07701653	0.407191	0.592809	2.057761
7032	-534.9061	-561.815	26.90893	2.01554	4.281628	0.07682035	0.411065	0.588935	2.545873
7038	-531.2943	-558.6348	27.34049	2.109784	4.227663	0.07682035	0.389048	0.610952	2.224037
7044	-525.5657	-550.8045	25.23883	1.466894	14.98386	0.1511288	0.313327	0.686673	2.55505
7050	-527.8032	-553.2269	25.42375	0.7700989	5.101669	0.1657446	0.470634	0.529366	3.817593
7056	-523.0357	-550.9483	27.91258	1.448987	5.101669	0.1657446	0.56716	0.43284	1.8794
7062	-521.1925	-547.3648	26.17238	0.9813134	5.101669	0.23663	0.0582748	0.941725	3.132884
7068	-519.6763	-545.4846	25.80835	0.8533792	8.421524	0.1559895	0.272711	0.727289	3.132884
7074	-527.6704	-548.5221	20.85168	0.7900079	8.788051	0.1583648	0.0433071	0.956693	5.924669
7080	-525.5408	-549.4201	23.87929	0.8015283	9.475012	0.1583648	0.15651	0.84349	4.171207
7086	-526.052	-551.1653	25.11328	1.361555	7.816282	0.3677514	0.121443	0.878557	2.983028
7092	-531.4643	-554.1039	22.63958	1.599599	7.055783	0.6673472	0.0954509	0.904549	4.089847
7098	-528.1609	-554.8718	26.71094	1.049515	7.055783	0.1955772	0.0482519	0.951748	2.550596
7104	-527.2377	-552.981	25.74334	1.318534	9.098137	0.1816335	0.04633	0.95367	2.769345
7110	-527.6552	-551.815	24.15977	0.9278789	20.03773	0.08805854	0.420525	0.579475	3.379177
7116	-526.9853	-553.8598	26.87449	1.755137	6.297931	0.1994845	0.489071	0.510929	2.095658
7122	-526.4533	-553.4589	27.0056	1.420224	6.297931	0.2891501	0.189343	0.810657	2.072614
7128	-528.2331	-554.6178	26.38467	1.681844	13.14669	0.1726305	0.025373	0.974627	1.760941
7134	-526.7499	-552.8166	26.06664	1.531063	15.03169	0.1664774	0.561314	0.438686	1.9435
7140	-522.9364	-550.2761	27.33968	1.615429	7.855975	0.05037258	0.414781	0.585219	2.049876
7146	-521.4224	-548.4941	27.0717	1.466689	7.855975	0.1688829	0.38041	0.61959	2.001953
7152	-523.1897	-550.2158	27.02613	1.519406	6.853835	0.1456452	0.251385	0.748615	2.183824
7158	-527.0071	-554.4584	27.45127	1.694734	9.817729	0.1456452	0.536854	0.463146	1.37978
7164	-525.0029	-550.8757	25.87282	1.868197	7.597422	0.4104651	0.178991	0.821009	2.170427
7170	-531.1564	-556.3775	25.22106	2.029802	7.597422	1.617663	0.108292	0.891708	1.618017
7176	-528.5296	-557.0915	28.56198	1.83586	7.327876	0.1020436	0.0663306	0.933669	0.7726652
7182	-527.3554	-554.913	27.55753	1.878766	7.327876	0.4415647	0.115428	0.884572	0.8559961
7188	-523.118	-551.2419	28.12395	1.765025	7.327876	0.2347907	0.378465	0.621535	0.8559961
7194	-525.0226	-550.7701	25.74751	1.078691	9.113301	0.2347907	0.196286	0.803714	2.816612
7200	-527.3692	-552.6078	25.23869	1.167936	9.113301	0.2347907	0.535189	0.464811	3.069367
7206	-528.0428	-554.6199	26.57711	1.168388	9.496182	0.2187517	0.56163	0.43837	2.230509
7212	-533.05	-557.2708	24.22085	1.013397	9.496182	0.2187517	0.697093	0.302907	3.745268
7218	-527.7447	-552.8102	25.06553	0.8387345	6.867746	0.1614697	0.242465	0.757535	3.745268
7224	-533.2178	-558.0468	24.82899	0.4180232	9.777091	0.1445797	0.508485	0.491515	3.847135
7230	-531.2921	-555.5089	24.21677	0.3913812	5.482356	0.1445797	0.376136	0.623864	4.699885
7236	-524.6464	-548.7286	24.08225	0.8963432	7.922861	0.1583614	0.42227	0.57773	4.158547
7242	-525.2032	-552.003	26.79988	0.915735	10.25505	0.2014557	0.282243	0.717757	2.204186
7248	-526.6878	-552.179	25.49119	1.232867	10.25505	0.1050701	0.396346	0.603654	3.027232
7254	-528.7441	-555.6373	26.89319	1.629991	10.25505	0.1050701	0.466757	0.533243	1.892903
7260	-523.0018	-549.1056	26.10381	1.452384	9.449696	0.2505613	0.360244	0.639756	2.301393
7266	-524.1202	-551.2892	27.16895	1.324451	7.099267	0.09336058	0.303377	0.696623	2.316044
7272	-523.8322	-551.496	27.66387	1.666046	7.828138	0.1436097	0.207407	0.792593	1.511857
7278	-528.8876	-557.6724	28.78489	1.772318	3.086378	0.3020652	0.586002	0.413998	1.212583
7284	-529.7274	-557.4542	27.72675	2.440511	3.086378	0.809797	0.00177411	0.998226	0.7818402
7290	-525.5787	-553.4152	27.83648	2.444802	3.086378	0.809797	0.179143	0.820857	0.4646888
7296	-531.9276	-558.6503	26.72267	2.44225	7.634625	0.6910661	0.134328	0.865672	0.4646888
7302	-540.9407	-568.7505	27.80984	1.265229	2.000323	0.3178088	0.0899369	0.910063	2.579244
7308	-541.3175	-569.5412	28.22367	1.604636	2.000323	0.3178088	0.623812	0.376188	2.099802
7314	-544.3274	-569.4459	25.11852	1.337687	11.12433	0.2054848	0.729933	0.270067	2.900405
7320	-540.1754	-566.444	26.26858	0.9859096	6.951808	0.4181779	0.408191	0.591809	2.554275
7326	-530.0404	-558.0389	27.99848	1.55624	2.932795	0.3850644	0.413107	0.586893	1.875765
7332	-534.8334	-562.2021	27.36867	1.71067	1.872674	0.3850644	0.524647	0.475353	2.536362
7338	-535.2972	-563.2984	28.00121	1.423537	4.530593	0.3017709	0.524647	0.475353	1.689902
7344	-537.1969	-565.0772	27.88036	1.69111	1.351473	1.064396	0.686354	0.313646	1.867575
7350	-532.1168	-558.7076	26.59082	2.146175	3.06961	0.9328717	0.242189	0.757811	1.867575
7356	-533.341	-557.8011	24.4601	1.534626	6.443216	0.5502543	0.398302	0.601698	3.248355
7362	-528.8154	-555.6669	26.85157	1.863371	6.443216	0.5502543	0.103766	0.896234	1.502854
7368	-531.3168	-554.7615	23.44478	1.161857	6.712241	0.2733116	0.216537	0.783463	4.322146
7374	-531.6516	-557.014	25.36246	1.007381	5.749572	0.3955876	0.086831	0.913169	3.282203
7380	-529.4633	-555.1049	25.64155	1.470172	3.88252	0.302617	0.334332	0.665668	3.282203
7386	-531.6741	-557.4157	25.74159	1.386179	8.578931	0.7375595	0.334332	0.665668	2.124663
7392	-530.0008	-556.409	26.40815	1.416379	3.508676	0.7375595	0.0477315	0.952269	2.493621
7398	-530.4212	-557.8677	27.44656	1.599643	5.078725	0.7375595	0.0775428	0.922457	1.309105
7404	-530.3714	-557.8111	27.43963	2.430044	5.184824	0.4781102	0.224382	0.775618	0.8629405
7410	-529.9647	-559.0418	29.07709	2.1531	3.844113	0.1499495	0.11985	0.88015	0.438352
7416	-530.6261	-558.9679	28.34186	2.522233	3.844113	0.2771611	0.218853	0.781147	0.4549331
7422	-527.6201	-556.4574	28.83735	2.496299	2.401973	0.319905	0.412778	0.587222	0.3780358
7428	-527.827	-555.0808	27.25383	1.765337	11.56677	0.2400751	0.345613	0.654387	1.01318
7434	-530.7502	-559.4503	28.70005	2.25611	3.848359	0.2400751	0.256846	0.743154	0.4482374
7440	-529.291	-557.0028	27.71177	1.483859	3.848359	0.2400751	0.0412702	0.95873	2.100903
7446	-533.6717	-560.1524	26.48064	1.301762	3.848359	0.4627406	0.4046	0.5954	2.693833
7452	-529.4948	-551.8689	22.37407	1.390531	4.82349	0.4627406	0.29771	0.70229	4.841725
7458	-526.6374	-552.142	25.50463	1.748388	2.95479	0.2588243	0.099083	0.900917	3.470957
7464	-524.6882	-550.3573	25.66911	1.486977	2.95479	0.448627	0.349579	0.650421	3.291944
7470	-519.5077	-547.5904	28.08268	1.675238	2.95479	0.521494	0.406306	0.593694	1.554177
7476	-520.583	-546.6904	26.10731	1.08638	4.346809	0.3866389	0.13552	0.86448	3.036176
7482	-524.7805	-548.8516	24.07117	0.9309969	12.08332	0.1629171	0.151459	0.848541	3.756905
7488	-519.1544	-545.4374	26.28303	0.8347012	9.508995	0.09453978	0.41916	0.58084	2.888732
7494	-519.7555	-546.9506	27.19517	0.7876366	9.508995	0.1159026	0.43638	0.56362	2.297252
7500	-521.9312	-548.7812	26.85003	1.709185	9.508995	0.2480014	0.332266	0.667734	1.624058
7506	-528.9121	-556.68	27.76788	1.367886	8.270507	0.1320571	0.790404	0.209596	1.624058
7512	-530.3624	-556.0949	25.73254	1.661161	20.34032	0.3456667	0.509157	0.490843	1.379945
7518	-532.7763	-557.8845	25.10827	1.2931	20.34032	0.3456667	0.338711	0.661289	2.08168
7524	-532.5394	-560.2645	27.72517	1.415855	3.038645	0.3456667	0.252428	0.747572	2.174233
7530	-530.6142	-556.1394	25.52522	1.296377	3.931892	0.3456667	0.0577871	0.942213	3.386733
7536	-530.2792	-557.2716	26.99238	1.732139	9.023472	0.3479104	0.0695697	0.93043	1.385253
7542	-533.883	-561.6053	27.72232	2.175774	1.701444	0.6325518	0.724552	0.275448	1.808357
7548	-545.0879	-573.0035	27.9156	1.96368	1.701444	1.305611	0.850334	0.149666	1.298489
7554	-538.0458	-566.2875	28.24178	1.890644	3.858573	0.4835748	0.460002	0.539998	1.007308
7560	-542.4019	-570.0693	27.66746	1.836893	4.271644	0.5413568	0.111634	0.888366	1.353346
7566	-531.393	-559.4479	28.05483	1.747399	4.419304	0.5413568	0.210558	0.789442	1.058147
7572	-534.9717	-562.9354	27.96375	1.655278	4.419304	0.5413568	0.159264	0.840736	1.221553
7578	-533.3459	-561.7435	28.39756	1.903713	4.596089	0.3799516	0.286242	0.713758	0.7546478
7584	-522.9542	-550.8061	27.85196	1.832172	4.95923	0.188338	0.286242	0.713758	1.63087
7590	-518.6249	-545.6037	26.97875	1.531748	11.175	0.188338	0.236377	0.763623	1.597165
7596	-520.5307	-544.2344	23.70367	2.03779	11.175	0.188338	0.290397	0.709603	3.352411
7602	-524.4484	-548.3305	23.88211	0.9698452	4.830692	0.09327039	0.103356	0.896644	4.776442
7608	-523.4094	-549.7401	26.33067	1.18999	5.774229	0.09327039	0.111332	0.888668	3.099546
7614	-529.8716	-555.6179	25.74637	1.591117	8.458418	0.09532145	0.578018	0.421982	2.863394
7620	-532.1644	-558.8326	26.66828	1.714965	5.493433	0.1197617	0.205834	0.794166	2.551987
7626	-528.9163	-556.2208	27.30448	1.388064	5.610419	0.1197617	0.548476	0.451524	2.338635
7632	-525.4761	-551.3273	25.8512	0.8344414	6.434294	0.1949998	0.281505	0.718495	3.283218
7638	-532.4275	-557.5153	25.08777	1.497692	13.24204	0.1949998	0.52842	0.47158	2.668204
7644	-535.678	-561.2302	25.55221	2.745147	5.310664	2.332427	0.252027	0.747973	0.7755346
7650	-537.0131	-562.0033	24.99026	2.164328	24.50485	0.6736941	0.262797	0.737203	0.7685152
7656	-536.5586	-561.2733	24.71464	1.834106	24.50485	0.6736941	0.332883	0.667117	1.354974
7662	-529.046	-554.8806	25.83459	1.714257	6.000897	0.4119866	0.169251	0.830749	2.512519
7668	-532.5065	-560.9077	28.40124	1.904881	3.442561	0.2890546	0.379001	0.620999	1.32824
7674	-535.1185	-562.9244	27.80592	1.537549	4.546635	0.5261909	0.326365	0.673635	1.430848
7680	-528.9001	-555.1646	26.26455	1.504768	5.24727	0.5261909	0.172916	0.827084	2.370204
7686	-527.2916	-554.6798	27.38828	2.503078	5.24727	0.5261909	0.342775	0.657225	0.3436861
7692	-524.9288	-552.9908	28.06202	2.503078	3.465979	0.4200845	0.386149	0.613851	0.2822536
7698	-526.5051	-553.9217	27.41661	2.503078	3.288817	1.059498	0.009615	0.990385	0.4095346
7704	-528.4475	-557.2848	28.83738	2.219411	2.581418	0.2635704	0.134199	0.865801	1.049836
7710	-521.8229	-550.9671	29.14423	1.862134	2.581418	0.3265688	0.482574	0.517426	0.9516349
7716	-526.428	-553.7808	27.3528	1.813581	4.515716	0.3113385	0.2314	0.7686	1.85769
7722	-526.922	-554.5481	27.62605	1.696727	3.284775	0.05319999	0.553138	0.446862	2.588795
7728	-525.3965	-553.9348	28.53824	2.140979	3.300409	0.1139357	0.520162	0.479838	1.495302
7734	-528.6526	-556.9137	28.26108	2.467663	6.07382	0.1139357	0.212687	0.787313	0.5618986
7740	-524.2248	-553.2903	29.06546	2.319607	3.009854	0.1139357	0.328435	0.671565	1.00103
7746	-526.699	-555.7289	29.0299	2.033745	3.009854	0.1617051	0.281827	0.718173	1.138359
7752	-529.8749	-558.0543	28.17934	2.281297	3.009854	0.6676604	0.124578	0.875422	0.6409072
7758	-536.9753	-564.5137	27.5384	2.556226	2.491642	0.6676604	0.250493	0.749507	1.293156
7764	-537.3876	-564.1316	26.74396	1.436006	1.516114	0.6623807	0.316784	0.683216	2.957311
7770	-533.5292	-559.5268	25.99755	1.863479	1.945675	0.3513694	0.369383	0.630617	3.287315
7776	-530.6896	-558.4781	27.78859	1.564735	5.302788	0.3139559	0.313824	0.686176	1.562497
7782	-523.4923	-549.4042	25.91192	1.278577	13.1234	0.2960958	0.503971	0.496029	2.124838
7788	-526.6858	-555.0677	28.38193	1.514838	4.971026	0.1369527	0.0840373	0.915963	1.599715
7794	-524.5044	-552.9646	28.46014	1.517546	6.914083	0.1722186	0.583469	0.416531	1.049861
7800	-522.8809	-549.1933	26.3124	1.175971	6.914083	0.1361511	0.326694	0.673306	2.857549
7806	-529.4227	-555.2769	25.85415	0.6065478	12.46149	0.1308065	0.780211	0.219789	2.936312
7812	-523.1838	-548.0765	24.89272	0.7057036	10.85624	0.1308065	0.405993	0.594007	3.577446
7818	-521.7685	-547.4204	25.65194	1.27524	8.110593	0.197398	0.352645	0.647355	2.928701
7824	-525.2498	-549.3111	24.06127	0.8476927	6.377329	0.10585	0.632175	0.367825	4.492125
7830	-521.9813	-545.6439	23.66254	0.5600561	6.377329	0.10585	0.519478	0.480522	4.876346
7836	-530.7646	-552.7478	21.98319	1.169005	5.27391	0.10585	0.418675	0.581325	5.619169
7842	-528.9882	-553.9528	24.96464	1.505713	17.53747	0.2114334	0.423374	0.576626	2.415565
7848	-533.4597	-559.8505	26.39086	1.366929	15.16099	0.2114334	0.201915	0.798085	1.727971
7854	-528.5783	-554.8636	26.28527	1.507132	17.40482	0.3379241	0.604617	0.395383	1.29047
7860	-531.0531	-556.9169	25.86378	1.107974	14.38581	0.1168228	0.486805	0.513195	2.511205
7866	-537.5379	-563.014	25.47612	1.697328	14.38581	0.1168228	0.346354	0.653646	2.384463
7872	-530.0794	-556.2062	26.12679	1.141008	4.937221	0.1361686	0.487277	0.512723	3.279321
7878	-531.8325	-558.1589	26.32644	0.9637367	4.937221	0.1301603	0.592883	0.407117	3.279321
7884	-537.2852	-564.0744	26.78922	2.209625	2.412859	1.804112	0.298589	0.701411	1.387247
7890	-528.4056	-553.5894	25.18383	0.7622095	5.860337	0.1728091	0.474042	0.525958	3.833171
7896	-532.8335	-558.7984	25.96482	1.044889	5.258946	0.417274	0.301458	0.698542	2.952211
7902	-535.3667	-560.3847	25.01804	1.446975	2.942985	0.3287126	0.321151	0.678849	3.834615
7908	-531.6444	-557.8828	26.23834	1.137037	3.186137	0.4539686	0.0979062	0.902094	3.099127
7914	-529.77	-556.6903	26.92029	0.8856908	3.186137	0.251415	0.543397	0.456603	3.099127
7920	-530.2338	-556.2964	26.06264	0.8780865	6.85291	0.251415	0.219774	0.780226	2.981959
7926	-527.3476	-551.8076	24.46001	0.6613274	8.93498	0.09884149	0.51084	0.48916	4.10134
7932	-529.7077	-553.0672	23.35947	0.5258762	10.25181	0.1002365	0.516565	0.483435	4.674189
7938	-530.5242	-555.7441	25.21987	0.8517885	10.96526	0.1002365	0.473133	0.526867	3.362913
7944	-527.8957	-553.2599	25.36418	1.425883	10.96526	0.2161141	0.35485	0.64515	2.692392
7950	-524.682	-550.6141	25.93219	1.157768	5.819676	0.2161141	0.437571	0.562429	3.093111
7956	-527.6771	-553.7833	26.10615	0.9838097	5.819676	0.2161141	0.521318	0.478682	3.093111
7962	-529.4995	-555.8791	26.37965	0.8948206	5.854015	0.213468	0.569249	0.430751	2.98214
7968	-525.411	-551.4175	26.00653	0.7884193	7.510909	0.213468	0.44458	0.55542	3.04952
7974	-533.2376	-557.7159	24.47832	0.6987462	11.47859	0.213468	0.702834	0.297166	3.613041
7980	-528.3425	-553.4725	25.13003	0.6186321	4.010626	0.2852292	0.37375	0.62625	4.070023
7986	-528.0374	-553.8982	25.86084	0.7351975	3.408233	0.2852292	0.576394	0.423606	3.707699
7992	-535.3682	-552.3657	16.99755	4.424513	29.81031	34.21408	0.37727	0.62273	0.5888393
7998	-533.2949	-550.382	17.08703	4.424513	28.39721	34.21408	0.433648	0.566352	0.5888393
8004	-531.1409	-548.7302	17.58924	4.24672	28.39721	28.7417	0.38174	0.61826	0.5888393
8010	-530.7404	-548.3296	17.58924	4.24672	28.39721	28.7417	0.503344	0.496656	0.5888393
8016	-536.8597	-554.445	17.58532	4.24672	28.39721	28.7417	0.425624	0.574376	0.6011312
8022	-535.6968	-553.3836	17.68685	4.24672	28.39721	26.76728	0.567711	0.432289	0.6689817
8028	-532.7961	-551.7414	18.94531	4.237965	14.1799	26.76728	0.352646	0.647354	0.5824364
8034	-535.122	-562.5933	27.47122	1.326668	4.571993	0.1463115	0.535203	0.464797	2.391474
8040	-535.9653	-560.2171	24.25184	1.59065	3.961796	0.3243604	0.212762	0.787238	3.9743
8046	-534.7215	-559.7021	24.98059	1.277133	8.444303	0.08609702	0.45171	0.54829	3.529469
8052	-538.6352	-566.2043	27.56903	0.9035344	3.68549	0.1657624	0.661463	0.338537	2.733376
8058	-534.5164	-558.5266	24.01022	0.9338427	12.58692	0.06477791	0.447026	0.552974	3.980408
8064	-541.0215	-565.0733	24.05175	0.3296627	20.50186	0.06477791	0.715673	0.284327	3.829104
8070	-533.5734	-554.7046	21.13124	0.6250576	20.50186	0.06477791	0.76902	0.23098	5.304637
8076	-531.0524	-555.4306	24.37822	0.6429619	24.42103	0.06477791	0.32281	0.67719	3.275752
8082	-525.088	-548.9107	23.82267	0.8686159	24.42103	0.06477791	0.647026	0.352974	3.469421
8088	-532.179	-555.8024	23.62335	1.067934	24.42103	0.06477791	0.791453	0.208547	3.469421
8094	-541.074	-566.5837	25.50964	1.031299	9.907308	0.1130264	0.417187	0.582813	3.149533
8100	-538.8776	-562.0491	23.17153	0.7514105	5.561152	0.1091303	0.246324	0.753676	5.145279
8106	-528.3951	-553.6933	25.2982	0.6512285	5.259784	0.159294	0.701563	0.298437	3.94559
8112	-524.2773	-548.6765	24.39921	0.718598	5.259784	0.159294	0.416449	0.583551	4.417934
8118	-525.1959	-552.1825	26.98659	1.300514	5.565745	0.159294	0.0546044	0.945396	2.510487
8124	-530.957	-553.2293	22.27227	0.9279946	10.07179	0.1492833	0.35541	0.64459	4.966505
8130	-529.4471	-551.9926	22.54551	0.5734012	7.491621	0.1492833	0.179826	0.820174	5.264243
8136	-522.4167	-546.3751	23.95845	0.45319	3.13642	0.1492833	0.588559	0.411441	5.220886
8142	-520.4996	-544.3549	23.85533	0.591757	3.050907	0.1492833	0.168821	0.831179	5.220886
8148	-523.5699	-548.6883	25.11839	0.8737344	3.050907	0.1513576	0.516374	0.483626	4.353942
8154	-528.8743	-554.6401	25.76574	0.7917191	2.919921	0.1460252	0.477848	0.522152	4.075566
8160	-529.6262	-557.2186	27.59242	2.376715	3.397117	0.1352642	0.233288	0.766712	1.913905
8166	-526.8655	-554.1313	27.26579	2.158204	10.21139	0.08288351	0.223961	0.776039	1.310164
8172	-534.2768	-561.3949	27.1181	2.369058	7.779404	0.1985576	0.133497	0.866503	1.254833
8178	-532.8141	-558.7617	25.94753	2.052339	7.779404	0.7641011	0.488337	0.511663	1.607264
8184	-532.5334	-560.2141	27.68073	2.149958	4.2398	0.7703865	0.170085	0.829915	0.7284311
8190	-527.0038	-555.0615	28.05769	2.223753	2.642401	0.4935408	0.339743	0.660257	1.293844
8196	-526.8308	-554.2098	27.37903	1.556572	2.699783	0.8279253	0.0913544	0.908646	1.921376
8202	-528.7197	-555.1321	26.41238	1.498754	3.7715	0.8279253	0.141578	0.858422	2.310091
8208	-525.5127	-551.644	26.13127	1.290361	5.822509	0.3540406	0.348361	0.651639	2.689506
8214	-529.8684	-556.2408	26.37243	1.456493	6.340041	0.9108287	0.359168	0.640832	1.824389
8220	-526.3799	-552.3421	25.96218	1.281713	3.335781	0.8876818	0.497583	0.502417	2.784395
8226	-530.1289	-555.3385	25.20961	1.878736	3.335781	3.128827	0.0798311	0.920169	1.981833
8232	-530.1773	-556.8635	26.68623	1.845017	3.335781	0.7404923	0.28623	0.71377	2.081025
8238	-531.9063	-559.83	27.92363	1.69121	3.56398	0.5766811	0.227141	0.772859	1.414624
8244	-532.2199	-559.8636	27.64366	1.601706	4.846945	0.6436029	0.0844807	0.915519	1.300858
8250	-530.7542	-555.9853	25.23109	1.042187	4.846945	0.3973081	0.0620455	0.937955	3.478804
8256	-531.3752	-557.0378	25.66257	0.9628796	4.712128	0.2590002	0.195613	0.804387	3.474911
8262	-530.837	-556.0414	25.20434	1.089657	4.712128	0.3109191	0.665831	0.334169	3.595045
8268	-528.1569	-555.5528	27.39596	1.451732	4.180731	0.1906855	0.449043	0.550957	2.344742
8274	-530.4597	-559.5026	29.04292	1.73627	4.180731	0.09230046	0.620769	0.379231	1.240084
8280	-533.1079	-560.7662	27.65836	1.695011	7.043861	0.16028	0.42175	0.57825	1.568844
8286	-529.6567	-556.6764	27.0197	1.725382	11.23228	0.3574745	0.505974	0.494026	1.057054
8292	-528.1995	-555.4851	27.28565	1.978563	5.607152	0.702371	0.351481	0.648519	1.034706
8298	-526.3027	-554.0169	27.71419	1.880603	5.607152	0.4280361	0.629605	0.370395	1.119006
8304	-524.5573	-550.7066	26.14924	1.09975	6.824561	0.4280361	0.607816	0.392184	2.563342
8310	-524.9979	-550.6571	25.65919	1.382315	6.824561	0.4280361	0.519317	0.480683	2.691473
8316	-522.5004	-546.3594	23.85906	1.199886	5.06267	0.2400455	0.101563	0.898437	4.344538
8322	-526.9336	-552.1262	25.19263	0.9000691	6.988183	0.4004314	0.309831	0.690169	3.27194
8328	-521.9417	-549.3939	27.45222	0.9894537	4.367147	0.1966507	0.576494	0.423506	2.551116
8334	-531.2226	-555.1865	23.96393	0.7194505	6.136178	0.1150519	0.718113	0.281887	4.629359
8340	-531.241	-555.2769	24.03589	0.570711	10.81997	0.1150519	0.664529	0.335471	4.184958
8346	-524.9527	-550.477	25.52423	1.245879	5.415192	0.08325639	0.742239	0.257761	3.620753
8352	-522.5318	-548.0568	25.52503	0.6607927	3.928327	0.1963321	0.440186	0.559814	3.972746
8358	-518.1961	-543.513	25.31688	0.6702949	3.928327	0.1963321	0.28756	0.71244	4.086141
8364	-522.1759	-544.7054	22.52951	1.007402	4.27422	0.1963321	0.430168	0.569832	5.392949
8370	-524.8452	-551.1083	26.26305	1.140815	4.760246	0.1714232	0.832397	0.167603	3.156624
8376	-524.2458	-551.4852	27.23938	1.182347	5.501213	0.08059459	0.840079	0.159921	2.62994
8382	-520.9419	-547.7572	26.81536	1.184326	4.415328	0.08059459	0.842929	0.157071	3.072516
8388	-523.1061	-550.288	27.1819	1.438917	4.415328	0.08059459	0.762236	0.237764	2.696721
8394	-522.29	-549.8258	27.53581	1.381066	3.538127	0.08092618	0.682899	0.317101	2.696721
8400	-526.4853	-554.2995	27.81423	1.381066	5.553867	0.06507969	0.682899	0.317101	2.179075
8406	-530.0673	-557.349	27.28161	1.183938	5.553867	0.06507969	0.486167	0.513833	2.639861
8412	-535.1905	-562.3012	27.11068	1.889689	5.131896	0.1560861	0.518085	0.481915	2.136182
8418	-529.4323	-557.4532	28.02082	1.794396	5.300109	0.1128522	0.798298	0.201702	1.660231
8424	-527.3094	-556.1863	28.87689	1.852294	3.44535	0.1128522	0.632459	0.367541	1.417905
8430	-528.1708	-556.2778	28.10693	1.897235	4.347877	0.6045162	0.558909	0.441091	0.7462846
8436	-530.9928	-559.52	28.52723	1.873457	3.684364	0.2404979	0.590298	0.409702	1.278435
8442	-525.7714	-550.3921	24.62069	0.8404934	4.581189	0.2404979	0.097282	0.902718	4.194892
8448	-525.5648	-553.0596	27.49473	1.296998	2.430912	0.2364693	0.0625963	0.937404	2.733133
8454	-532.5797	-557.3581	24.77837	1.231474	10.03034	0.1182476	0.481185	0.518815	3.438918
8460	-526.2443	-553.2637	27.01938	1.411881	4.226416	0.2895711	0.607338	0.392662	2.430222
8466	-526.7832	-553.3467	26.56355	1.307648	3.390521	0.4166372	0.608665	0.391335	2.792822
8472	-528.8336	-555.2614	26.42782	1.789889	5.691441	0.328895	0.222927	0.777073	2.244282
8478	-522.1702	-550.0543	27.88412	1.778472	5.691441	0.1978024	0.456102	0.543898	1.481612
8484	-529.4708	-557.4174	27.94654	1.659656	3.587845	0.4947925	0.351054	0.648946	1.5126
8490	-531.7067	-558.3618	26.65509	2.030575	5.552592	0.5267948	0.515288	0.484712	1.707333
8496	-534.0191	-560.9639	26.94486	1.885446	5.185042	0.5267948	0.609754	0.390246	1.673684
8502	-529.811	-558.5242	28.71325	1.836296	2.995436	0.1332448	0.414408	0.585592	1.627585
8508	-532.8054	-562.2719	29.46651	2.058493	2.995436	0.1332448	0.758738	0.241262	0.7573333
8514	-542.3348	-568.6539	26.31911	2.827237	1.657656	3.501237	0.819149	0.180851	0.9210292
8520	-537.0423	-563.4696	26.42736	2.680927	4.229479	1.645599	0.332472	0.667528	0.3967083
8526	-535.1711	-561.2756	26.10447	2.680927	11.26688	0.5196656	0.0558863	0.944114	0.3967083
8532	-529.7657	-556.2452	26.47957	2.152504	12.52467	0.5196656	0.492833	0.507167	0.5607773
8538	-532.0779	-557.455	25.37717	1.614853	12.52467	1.12572	0.092984	0.907016	1.518182
8544	-528.2195	-553.7072	25.48769	1.614853	9.445879	1.434664	0.0862698	0.91373	1.57939
8550	-528.0315	-554.1063	26.07486	1.434777	14.80127	0.3075085	0.0862698	0.91373	1.757284
8556	-523.1772	-551.1727	27.99546	1.401221	4.461028	0.0909015	0.39168	0.60832	2.169835
8562	-524.9172	-551.0744	26.15724	1.355908	18.52174	0.0909015	0.291019	0.708981	1.954905
8568	-528.6119	-553.9978	25.3859	1.422547	18.52174	0.2160712	0.434293	0.565707	2.129881
8574	-532.207	-557.955	25.74803	0.9241327	24.18058	0.2160712	0.654656	0.345344	1.907996
8580	-525.7357	-551.477	25.74134	0.9237903	10.87052	0.1262724	0.594624	0.405376	2.956278
8586	-523.0629	-548.9657	25.90276	1.047209	10.68342	0.1796668	0.26354	0.73646	2.687071
8592	-524.6484	-549.9989	25.35056	1.201779	7.202932	0.1796668	0.244544	0.755456	3.29143
8598	-522.2987	-547.0231	24.72446	0.5775378	3.966052	0.1796668	0.505713	0.494287	4.495905
8604	-527.6601	-551.4691	23.80899	0.7338774	4.965491	0.1796668	0.345148	0.654852	4.748577
8610	-535.3405	-558.7536	23.41314	0.7709007	4.965491	0.16622	0.338078	0.661922	4.972892
8616	-525.4587	-552.2833	26.82456	1.121073	4.718928	0.16622	0.337047	0.662953	2.849102
8622	-522.2072	-548.5776	26.37043	1.143092	4.718928	0.3278111	0.460159	0.539841	2.849102
8628	-527.3528	-555.1742	27.82143	1.390992	4.972708	0.1017463	0.658383	0.341617	2.161305
8634	-523.6151	-550.4489	26.8338	1.582412	4.972708	0.1543649	0.548001	0.451999	2.539912
8640	-521.4058	-547.6483	26.24257	1.59504	4.972708	0.08799274	0.462165	0.537835	3.050876
8646	-525.3999	-550.8243	25.42443	1.318458	12.28644	0.08799274	0.554735	0.445265	2.885642
8652	-524.7877	-553.1675	28.37983	2.032661	4.203424	0.1480761	0.373322	0.626678	1.354277
8658	-524.9025	-553.2322	28.32965	2.032661	4.314872	0.35292	0.145984	0.854016	0.8610972
8664	-529.9526	-557.267	27.31432	2.009801	7.689129	0.3718257	0.602518	0.397482	1.03959
8670	-523.6633	-549.4466	25.78323	1.369043	25.63624	0.1190267	0.68227	0.31773	1.727141
8676	-522.3777	-548.4092	26.03149	1.604771	25.63624	0.08991082	0.56561	0.43439	1.462802
8682	-522.3504	-547.9574	25.60692	1.069385	4.491471	0.169066	0.39387	0.60613	3.635002
8688	-521.8105	-547.5071	25.69664	0.9534262	6.787699	0.169066	0.248214	0.751786	3.306033
8694	-529.7239	-554.1198	24.39592	1.204852	11.60428	0.169066	0.27943	0.72057	3.435389
8700	-525.6051	-550.9786	25.37351	0.9214444	5.445507	0.1733912	0.174557	0.825443	3.691546
8706	-521.8193	-548.8265	27.00721	1.110949	7.032154	0.2064615	0.45378	0.54622	2.308063
8712	-518.3169	-545.9847	27.66781	1.097525	6.094341	0.1545993	0.434635	0.565365	2.132454
8718	-524.1761	-551.2652	27.08914	1.552497	7.037639	0.1545993	0.289445	0.710555	2.074845
8724	-520.917	-548.4337	27.51673	1.38296	6.679103	0.1042893	0.452359	0.547641	2.081408
8730	-525.7006	-553.2386	27.53798	1.315585	3.16662	0.2159037	0.558258	0.441742	2.52533
8736	-531.0784	-556.6678	25.58948	1.227278	3.421662	0.3482368	0.174772	0.825228	3.494112
8742	-529.7108	-555.0536	25.34279	1.124229	3.421662	0.139934	0.461638	0.538362	4.023164
8748	-530.2453	-556.4061	26.16077	0.8463822	3.421662	0.2004019	0.359316	0.640684	3.597883
8754	-528.235	-553.8995	25.66456	1.060506	3.421662	0.3088478	0.526111	0.473889	3.597883
8760	-524.8552	-550.9841	26.12885	1.19573	3.421662	0.4779871	0.219148	0.780852	3.049253
8766	-523.048	-550.3416	27.2936	1.258586	3.392714	0.4060276	0.258834	0.741166	2.382482
8772	-530.6569	-557.8088	27.15194	1.715266	3.392714	0.2322692	0.485028	0.514972	2.432121
8778	-526.43	-551.5363	25.1063	1.029903	5.330927	0.1212294	0.724464	0.275536	3.906934
8784	-520.8848	-545.2626	24.3778	1.098838	5.330927	0.1908469	0.312957	0.687043	4.146385
8790	-520.6275	-547.9857	27.35822	0.973505	3.38649	0.1908469	0.651105	0.348895	2.838228
8796	-525.5232	-552.4925	26.96932	1.362399	3.38649	0.1908469	0.523019	0.476981	2.838228
8802	-531.9484	-558.6847	26.73638	1.03721	5.068969	0.1908469	0.560477	0.439523	2.845176
8808	-533.5905	-558.1746	24.58413	1.011817	5.068969	0.07116591	0.498844	0.501156	4.377616
8814	-527.1322	-554.3709	27.23875	1.30565	4.571118	0.07116591	0.804631	0.195369	2.741361
8820	-527.839	-555.7648	27.92581	1.390708	4.571118	0.1159351	0.758358	0.241642	2.131903
8826	-531.6283	-554.3147	22.6864	0.9365812	13.79445	0.1071656	0.362424	0.637576	4.535574
8832	-529.5457	-554.2968	24.75103	1.032239	4.820479	0.1182679	0.251335	0.748665	4.195591
8838	-524.0094	-548.3542	24.34486	1.142297	4.820479	0.3597022	0.257546	0.742454	3.980689
8844	-523.5241	-549.9634	26.43927	1.087647	4.820479	0.2432126	0.257546	0.742454	2.946472
8850	-525.4333	-552.1431	26.7098	1.421817	3.331021	0.3890007	0.145553	0.854447	2.680051
8856	-526.2192	-551.6921	25.47291	1.51917	3.992615	0.3890007	0.257878	0.742122	3.222022
8862	-526.443	-552.0655	25.62246	1.699514	7.256158	0.2899936	0.160154	0.839846	2.639841
8868	-524.4635	-551.4971	27.03362	1.517788	4.050024	0.2899936	0.160154	0.839846	2.390231
8874	-529.4096	-555.8892	26.47959	1.141525	8.451539	0.1346307	0.00324686	0.996753	2.594198
8880	-526.2734	-552.7204	26.44697	1.302227	8.451539	0.1021663	0.381216	0.618784	2.594198
8886	-530.557	-554.0194	23.4624	1.307201	6.167478	0.1021663	0.534415	0.465585	4.606473
8892	-526.1653	-552.5827	26.41735	0.9683927	7.378361	0.1377708	0.358839	0.641161	2.857392
8898	-532.5512	-559.9979	27.44671	0.9651608	2.448957	0.4347183	0.189849	0.810151	2.693343
8904	-530.8391	-557.1215	26.28245	0.7275777	4.791874	0.1561482	0.227248	0.772752	3.413622
8910	-532.3091	-561.8543	29.54518	2.366231	2.10138	0.05562356	0.312409	0.687591	1.167574
8916	-533.599	-562.8504	29.25135	2.458812	2.054589	0.1185023	0.220283	0.779717	1.119902
8922	-531.2411	-561.3447	30.10357	1.606584	2.054589	0.1185023	0.63785	0.36215	1.119902
8928	-524.8215	-553.1461	28.32453	1.937097	3.689989	0.1688735	0.285346	0.714654	1.548893
8934	-526.6501	-552.5886	25.93843	1.383147	4.161854	0.3576883	0.215749	0.784251	3.030138
8940	-525.4033	-553.7805	28.37726	1.63315	4.161854	0.1442098	0.551249	0.448751	1.675293
8946	-523.3768	-551.6334	28.25657	2.272198	5.242625	0.1442098	0.426792	0.573208	0.9964099
8952	-526.0736	-554.8528	28.77917	2.283443	5.242625	0.04742255	0.625633	0.374367	0.8728714
8958	-530.6575	-558.107	27.44947	2.188928	5.242625	0.3074224	0.623641	0.376359	1.369592
8964	-530.5585	-557.7013	27.14282	1.926052	7.818249	0.3074224	0.0714679	0.928532	1.357268
8970	-531.076	-557.1287	26.0527	1.940957	4.350617	0.3074224	0.168747	0.831253	2.652085
8976	-530.955	-555.9269	24.97191	1.915915	3.770352	1.197816	0.0521735	0.947826	2.718957
8982	-530.0815	-555.944	25.8625	2.115208	8.63359	1.568044	0.0561654	0.943835	0.8566905
8988	-526.5195	-553.5655	27.04605	2.079317	2.3588	0.6265573	0.502542	0.497458	2.076305
8994	-534.4937	-558.405	23.91125	3.087212	6.673689	1.908599	0.357153	0.642847	1.799709
9000	-526.3259	-553.0608	26.73486	2.414394	2.760965	2.007715	0.61013	0.38987	1.0059
9006	-521.6819	-549.9003	28.21841	2.311137	2.980573	0.6442499	0.296598	0.703402	0.570169
9012	-522.8365	-551.2725	28.43601	2.521171	2.114926	0.6464044	0.279373	0.720627	0.5153368
9018	-529.7512	-555.356	25.60476	2.58437	3.712468	1.917111	0.294652	0.705348	1.532236
9024	-527.747	-554.1507	26.40372	2.319225	3.574815	1.814837	0.283378	0.716622	1.199669
9030	-536.5967	-561.9559	25.35918	2.862761	1.644345	2.822647	0.239294	0.760706	1.884227
9036	-529.6219	-556.0662	26.44433	2.669114	2.674131	2.616316	0.232332	0.767668	0.7091724
9042	-530.748	-557.1593	26.41131	2.669114	2.674131	2.616316	0.188478	0.811522	0.7608623
9048	-530.9149	-557.7669	26.85196	2.678558	2.644422	1.979781	0.349917	0.650083	0.5304728
9054	-537.7752	-566.3091	28.53391	2.229659	2.644422	0.5889108	0.329061	0.670939	0.4542294
9060	-532.8952	-561.1051	28.20985	2.25493	2.227343	0.9104007	0.215844	0.784156	0.7743387
9066	-529.7828	-556.7692	26.9864	2.313828	5.626177	0.8602695	0.0481762	0.951824	0.7743387
9072	-530.0043	-556.8091	26.80477	1.846083	11.48597	0.3948715	0.306222	0.693778	1.04099
9078	-529.3117	-555.4034	26.09167	2.035138	11.48597	0.4592202	0.618993	0.381007	1.387197
9084	-528.3449	-553.4127	25.06777	1.853314	26.69884	0.3581736	0.83322	0.16678	1.348553
9090	-526.8025	-552.1829	25.38043	2.001824	26.87452	0.3581736	0.823383	0.176617	0.9217256
9096	-526.4979	-552.3759	25.87795	2.07763	26.87452	0.2063604	0.563056	0.436944	0.6334662
9102	-527.8059	-553.8407	26.0348	1.763526	26.87452	0.1554924	0.537406	0.462594	1.041257
9108	-525.9272	-552.7357	26.80853	1.753294	11.21724	0.452212	0.193776	0.806224	1.060731
9114	-528.636	-553.3559	24.71996	1.517147	6.19537	0.4802505	0.355249	0.644751	3.205966
9120	-529.4378	-554.7844	25.34657	0.9759436	6.347707	0.4802505	0.27294	0.72706	3.134229
9126	-531.5837	-557.883	26.29937	1.042225	6.347707	0.1809713	0.338746	0.661254	2.929966
9132	-528.3382	-552.6815	24.3433	0.5114951	6.347707	0.2621898	0.262556	0.737444	4.243867
9138	-531.1407	-555.1508	24.01011	0.8446869	6.347707	0.2621898	0.190106	0.809894	4.243867
9144	-530.1595	-554.8168	24.65733	0.8446869	6.347707	0.2090139	0.265507	0.734493	3.957521
9150	-522.0871	-545.768	23.68095	0.776272	6.347707	0.2090139	0.189791	0.810209	4.549631
9156	-526.9751	-550.601	23.62597	1.105651	6.710977	0.1058766	0.126758	0.873242	4.549631
9162	-526.2133	-553.3985	27.18525	1.33019	4.87978	0.4042849	0.541499	0.458501	2.092019
9168	-528.3347	-555.1582	26.82352	1.691924	4.87978	0.4042849	0.140113	0.859887	2.092019
9174	-522.8806	-550.2467	27.36604	1.614185	8.808751	0.2498981	0.21349	0.78651	1.394168
9180	-526.2625	-553.0291	26.76657	1.189533	4.042779	0.2498981	0.31028	0.68972	2.822134
9186	-530.7928	-557.98	27.18725	1.704735	4.042779	0.715566	0.0862243	0.913776	1.682872
9192	-524.2095	-551.9214	27.71195	1.382578	4.042779	0.4777943	0.0733903	0.92661	1.786267
9198	-523.2935	-549.7528	26.45925	1.476656	7.627773	0.4777943	0.0182092	0.981791	1.957994
9204	-522.6139	-550.6527	28.03887	2.127532	4.066928	0.4777943	0.362973	0.637027	0.9079766
9210	-520.9948	-549.4697	28.47486	2.388858	4.074577	0.2326016	0.345186	0.654814	0.6585196
9216	-522.4941	-550.5308	28.0367	2.592747	3.265393	0.3476061	0.538389	0.461611	0.2078494
9222	-521.6888	-549.4792	27.79031	2.908566	3.265393	0.3158144	0.515125	0.484875	0.2078494
9228	-519.3249	-547.0888	27.76385	2.908566	4.024172	0.1952785	0.611438	0.388562	0.1871323
9234	-523.6279	-551.9166	28.28877	2.908566	2.68522	0.1952785	0.374442	0.625558	0.1871323
9240	-523.2057	-550.5914	27.3857	2.809995	4.932329	0.1952785	0.497213	0.502787	0.1397435
9246	-520.7046	-548.3717	27.66712	2.825937	4.932329	0.1575758	0.412169	0.587831	0.1810058
9252	-524.5741	-552.0684	27.49429	2.982128	4.932329	0.1575758	0.344349	0.655651	0.1763784
9258	-522.4937	-550.5034	28.00973	2.610948	4.932329	0.1575758	0.241235	0.758765	0.224199
9264	-519.6065	-547.7038	28.09734	2.610948	4.521009	0.1575758	0.276715	0.723285	0.2113714
9270	-516.7113	-544.9196	28.20838	2.704682	3.825958	0.1575758	0.27305	0.72695	0.2036993
9276	-523.8922	-551.6952	27.80299	2.821281	3.825958	0.2473565	0.318458	0.681542	0.1967683
9282	-532.9605	-558.2794	25.31894	0.9213652	2.90597	0.298379	0.573756	0.426244	4.011965
9288	-529.4837	-552.5906	23.10695	0.540311	5.359563	0.1919289	0.328995	0.671005	5.165497
9294	-528.5388	-557.576	29.03729	2.081909	4.01129	0.1666958	0.717666	0.282334	0.5522579
9300	-524.4026	-550.0675	25.66492	0.7813087	5.818524	0.1349004	0.753937	0.246063	3.626119
9306	-533.1014	-560.7577	27.6563	1.044309	5.533518	0.1228459	0.598641	0.401359	2.338412
9312	-532.3071	-559.9351	27.62795	2.289589	5.490053	0.5077755	0.622304	0.377696	0.5287232
9318	-524.2689	-551.6488	27.37996	2.247151	3.857997	0.4582145	0.376774	0.623226	1.471387
9324	-522.9682	-551.6194	28.65123	1.580257	3.857997	0.210048	0.376774	0.623226	1.431255
9330	-529.1375	-555.1621	26.02467	1.420022	12.3531	0.08671723	0.303851	0.696149	2.451706
9336	-532.5005	-559.2233	26.72278	1.325359	8.232303	0.3310754	0.442436	0.557564	1.994348
9342	-526.2684	-552.3451	26.07672	1.146185	8.232303	0.1585443	0.201337	0.798663	2.811127
9348	-525.0777	-551.2654	26.18768	1.447353	8.232303	0.1585443	0.407916	0.592084	2.557853
9354	-522.1628	-548.8098	26.64701	1.198766	5.876085	0.3199537	0.0536632	0.946337	2.463852
9360	-524.8438	-550.5232	25.6794	0.8944987	5.44082	0.281082	0.0361848	0.963815	3.35449
9366	-523.0773	-546.3443	23.26693	0.6353907	10.73132	0.09433894	0.484978	0.515022	4.638203
9372	-525.0827	-550.9784	25.89567	0.6553679	5.050974	0.2448147	0.0980742	0.901926	3.483299
9378	-521.1661	-548.5647	27.39862	0.9765946	4.021897	0.2448147	0.668443	0.331557	2.577404
9384	-521.2208	-548.1226	26.90181	1.2199	4.021897	0.352783	0.376073	0.623927	2.577404
9390	-529.657	-556.9898	27.33276	1.570307	4.021897	0.352783	0.121749	0.878251	2.079364
9396	-533.6394	-562.4651	28.82566	1.869676	4.021897	0.1397408	0.102082	0.897918	1.195164
9402	-531.2102	-559.2192	28.00901	1.831221	4.021897	0.1397408	0.127479	0.872521	1.837885
9408	-527.5611	-554.7739	27.21278	2.207157	4.021897	0.8379774	0.168398	0.831602	1.164274
9414	-527.1091	-553.8337	26.72455	1.725408	4.021897	0.8379774	0.150475	0.849525	1.892041
9420	-528.1953	-554.6597	26.46439	1.145911	5.8068	0.1983565	0.161489	0.838511	2.813078
9426	-532.8738	-557.2551	24.38136	0.6221625	5.8068	0.216036	0.0346033	0.965397	4.303117
9432	-532.518	-556.9544	24.43641	0.7347468	5.8068	0.1735422	0.0423698	0.95763	4.281324
9438	-531.7299	-557.3924	25.66245	0.8089225	5.8068	0.1735422	0.565403	0.434597	3.535515
9444	-528.9033	-556.9624	28.05912	1.1327	5.8068	0.1735422	0.682048	0.317952	1.851992
9450	-524.4429	-551.3724	26.92944	1.298423	5.087731	0.2412423	0.236643	0.763357	2.473332
9456	-529.5504	-555.854	26.30359	1.723844	5.120457	0.5905042	0.412897	0.587103	2.163573
9462	-532.5386	-560.4672	27.9286	2.795701	1.930311	0.4652703	0.267139	0.732861	1.280138
9468	-537.4029	-564.5613	27.15834	2.51091	1.930311	0.8292983	0.641883	0.358117	1.692789
9474	-532.868	-561.7226	28.85453	2.220942	1.105932	0.8292983	0.770395	0.229605	1.060981
9480	-527.9651	-556.1701	28.20494	2.329674	2.34417	0.8292983	0.736968	0.263032	0.7107501
9486	-529.9281	-558.5187	28.59059	2.102348	2.34417	0.6997335	0.487645	0.512355	0.7107501
9492	-529.2801	-555.9604	26.68032	2.181416	2.236465	0.6997335	0.313926	0.686074	2.225427
9498	-529.2263	-556.8905	27.66419	2.680995	4.065992	0.4014292	0.407968	0.592032	0.8616734
9504	-526.553	-554.3617	27.80871	1.969431	3.633324	0.4014292	0.401022	0.598978	1.496332
9510	-538.7186	-565.4097	26.69116	1.31342	5.78349	0.5410749	0.299636	0.700364	2.114285
9516	-527.1815	-554.1923	27.01082	1.938958	4.955762	0.5410749	0.272164	0.727836	1.617339
9522	-526.0289	-551.2788	25.24983	1.989961	4.394909	0.5903137	0.457332	0.542668	2.790983
9528	-530.1978	-555.7266	25.52877	1.715701	2.004642	1.406076	0.207765	0.792235	2.879684
9534	-535.6964	-556.6456	20.94923	3.198374	4.744137	21.62734	0.00948764	0.990512	1.646813
9540	-532.5889	-553.8787	21.28981	3.34917	4.744137	21.62734	0.00839739	0.991603	1.271999
9546	-528.5341	-548.5659	20.03177	3.34917	9.600771	21.62734	0.00928938	0.990711	1.443568
9552	-530.5117	-555.1243	24.61258	2.608636	2.969745	5.559327	0.382301	0.617699	1.440708
9558	-527.9961	-553.1347	25.13858	2.651773	3.063711	5.559327	0.510202	0.489798	0.9022879
9564	-529.8899	-555.3267	25.43683	3.084119	1.950474	5.559327	0.513914	0.486086	0.6466726
9570	-530.954	-557.7179	26.76396	2.912866	1.950474	2.314946	0.176696	0.823304	0.6466726
9576	-531.0274	-558.3385	27.31108	2.292471	1.950474	2.314946	0.325897	0.674103	0.7716655
9582	-529.8082	-556.6207	26.8125	2.115695	4.563316	1.464971	0.234781	0.765219	0.9196259
9588	-528.9752	-556.9901	28.01494	2.357924	2.28868	1.034246	0.114804	0.885196	0.6631528
9594	-533.8846	-561.1454	27.26073	2.313964	5.418879	0.766312	0.35492	0.64508	0.4972724
9600	-528.6024	-556.6494	28.04698	2.101959	5.69325	0.128343	0.0146608	0.985339	1.283346
9606	-528.5148	-554.5305	26.01564	1.815525	8.725368	0.8347519	0.381137	0.618863	1.541304
9612	-524.0418	-550.666	26.62415	1.815525	8.725368	0.5297443	0.175809	0.824191	1.389315
9618	-521.5141	-548.5574	27.04323	1.641553	12.41439	0.0658584	0.51035	0.48965	1.690492
9624	-520.5428	-546.5984	26.05565	1.437548	12.41439	0.05263461	0.61405	0.38595	2.518279
9630	-524.54	-551.994	27.45394	1.444203	7.51804	0.06146904	0.730137	0.269863	2.094721
9636	-530.2403	-557.7033	27.46297	1.633537	10.67899	0.08523224	0.719731	0.280269	1.50109
9642	-527.0201	-554.4083	27.38822	1.587097	5.903314	0.1037597	0.38818	0.61182	2.151306
9648	-521.783	-549.1304	27.34741	1.332649	4.642563	0.1037597	0.339649	0.660351	2.554696
9654	-534.8507	-561.6517	26.80099	1.341932	4.78124	0.2722987	0.159233	0.840767	2.530807
9660	-529.3757	-552.8491	23.47337	1.098103	3.356075	0.387978	0.320509	0.679491	4.74151
9666	-533.7044	-560.0069	26.30247	2.186011	3.339156	0.1468398	0.424276	0.575724	2.842224
9672	-534.6554	-561.6235	26.96801	1.334051	3.276379	0.05565579	0.126021	0.873979	3.200773
9678	-533.9993	-561.5693	27.57	2.075294	12.02282	0.05565579	0.79249	0.20751	0.9978617
9684	-529.4678	-557.6749	28.20709	2.099122	8.527328	0.05565579	0.499935	0.500065	0.8700423
9690	-530.1477	-557.2226	27.07482	1.661391	9.107551	0.2589208	0.197969	0.802031	1.522818
9696	-529.0014	-556.8371	27.83568	1.277922	2.867238	0.2589208	0.563906	0.436094	2.368514
9702	-537.3401	-565.187	27.84697	1.663267	8.179916	0.1848721	0.632041	0.367959	1.20647
9708	-535.9368	-561.3227	25.38589	1.305931	9.419739	0.2797139	0.0620699	0.93793	2.79679
9714	-535.6345	-562.3708	26.73624	1.498776	4.522798	0.9018877	0.103995	0.896005	1.881214
9720	-530.4381	-558.204	27.76595	1.725448	2.324199	0.5839705	0.504447	0.495553	1.884584
9726	-528.0839	-556.9068	28.82291	1.507185	2.81199	0.3420974	0.581727	0.418273	1.419455
9732	-531.4791	-561.0818	29.60275	1.876417	1.056287	0.4633727	0.556535	0.443465	1.200587
9738	-526.6983	-556.6186	29.92036	1.586196	1.84838	0.1943764	0.717817	0.282183	1.177811
9744	-525.62	-554.0736	28.45354	1.501417	3.745895	0.1943764	0.656644	0.343356	1.697866
9750	-526.9946	-553.6757	26.68105	1.625865	1.75423	0.310219	0.325714	0.674286	3.147384
9756	-528.0447	-552.3802	24.3355	0.941499	1.75423	0.6368191	0.463786	0.536214	4.561136
9762	-533.4213	-559.6207	26.19939	3.318828	10.28951	0.1856874	0.477689	0.522311	0.8446478
9768	-524.1168	-550.7545	26.63774	2.163199	8.491613	0.7016145	0.326984	0.673016	0.8756688
9774	-529.0608	-554.5063	25.44554	1.828813	17.48318	0.7031368	0.119807	0.880193	1.214927
9780	-532.3327	-559.3055	26.97283	1.124289	2.916651	0.4627941	0.259411	0.740589	2.722155
9786	-535.8179	-559.9628	24.1449	1.730752	2.306191	0.8664922	0.154504	0.845496	3.877387
9792	-535.0247	-559.254	24.22929	1.512604	3.715484	0.5129054	0.0218142	0.978186	3.877387
9798	-533.1674	-561.4386	28.27119	1.523395	2.221544	0.1770877	0.0305095	0.96949	2.283629
9804	-535.2202	-562.2335	27.01336	1.454797	2.530512	0.2008053	0.31359	0.68641	2.960913
9810	-529.1613	-554.7926	25.63136	1.802162	3.579362	1.176709	0.214431	0.785569	2.434595
9816	-532.1885	-558.5785	26.38992	1.607295	3.579362	1.176709	0.215857	0.784143	2.07215
9822	-531.208	-557.2081	26.00009	1.500106	3.579362	0.7403958	0.37286	0.62714	2.676225
9828	-529.1676	-556.5893	27.42164	1.810841	2.870075	0.7403958	0.704878	0.295122	1.736345
9834	-523.877	-552.8688	28.99179	1.455419	2.870075	0.1342549	0.569587	0.430413	1.736345
9840	-521.755	-551.0339	29.27886	2.229017	2.870075	0.1342549	0.68818	0.31182	0.8472246
9846	-525.8636	-554.245	28.3814	2.14314	6.114761	0.1606105	0.548698	0.451302	0.6324376
9852	-524.5243	-552.5769	28.05262	1.843189	6.358322	0.2442938	0.551859	0.448141	1.044263
9858	-520.8014	-550.2607	29.45927	2.16433	2.023708	0.247358	0.372911	0.627089	0.7954596
9864	-522.2429	-550.9036	28.66068	1.681208	3.164581	0.2185619	0.365495	0.634505	1.525907
9870	-525.9555	-554.0575	28.10202	1.9591	6.219189	0.2185619	0.44553	0.55447	0.9825864
9876	-524.7803	-552.9683	28.18797	2.290773	2.243793	0.7131946	0.546572	0.453428	1.012498
9882	-525.8975	-553.756	27.85845	2.418476	3.371929	0.7131946	0.520014	0.479986	0.5774725
9888	-527.0161	-554.7776	27.7615	2.325839	3.371929	0.8620694	0.266706	0.733294	0.6134915
9894	-526.656	-554.8799	28.22386	2.087151	1.601754	1.525796	0.266706	0.733294	0.7719315
9900	-530.0758	-558.3822	28.30647	2.095815	3.228551	0.4345702	0.0740131	0.925987	1.056423
9906	-531.4849	-559.2354	27.75049	2.474116	1.443072	1.55494	0.60238	0.39762	0.9832676
9912	-530.106	-557.8275	27.72147	2.320189	1.443072	0.5649133	0.603377	0.396623	1.902936
9918	-527.8801	-556.0523	28.17217	2.589841	1.137312	1.560517	0.51745	0.48255	0.4710756
9924	-529.1752	-556.8935	27.71825	3.322199	1.283842	0.687143	0.428593	0.571407	0.1687313
9930	-529.0408	-557.6031	28.56237	2.943227	1.283842	0.3427651	0.695501	0.304499	0.1448905
9936	-532.9093	-561.9795	29.07025	2.943227	0.8107128	0.3427651	0.733655	0.266345	0.1546991
9942	-526.8598	-555.0198	28.16002	2.896072	2.196886	0.3427651	0.630403	0.369597	0.1830042
9948	-526.2455	-554.4935	28.24799	3.027077	2.196886	0.2195827	0.626962	0.373038	0.1614168
9954	-525.5987	-553.652	28.05333	3.027077	2.196886	0.2195827	0.411714	0.588286	0.123051
9960	-520.9225	-548.3036	27.38103	3.027077	2.77353	0.3656217	0.427306	0.572694	0.117133
9966	-522.858	-550.3435	27.48545	3.027077	3.332872	0.2541808	0.433527	0.566473	0.1309054
9972	-524.7049	-552.9601	28.25515	2.951113	2.736739	0.1592822	0.469261	0.530739	0.1647331
9978	-523.4418	-550.6752	27.23346	2.805428	6.568845	0.1592822	0.069413	0.930587	0.1708932
9984	-529.1742	-556.416	27.24179	2.805428	6.568845	0.1592822	0.0894632	0.910537	0.1730788
9990	-524.9755	-552.2214	27.24589	2.805428	7.039423	0.1295355	0.293984	0.706016	0.1730788
9996	-529.4287	-555.5751	26.14644	2.940737	6.702737	0.6602667	0.22617	0.77383	0.2001989
10002	-523.3619	-550.7647	27.40276	2.854238	8.067847	0.05652897	0.250853	0.749147	0.2001989
10008	-528.3208	-554.7753	26.45443	2.830535	8.067847	0.4755901	0.310639	0.689361	0.2928476
10014	-528.3108	-553.911	25.6002	2.830535	12.76625	0.6370618	0.357954	0.642046	0.5270804
10020	-530.6501	-555.5374	24.88735	2.487148	23.34638	0.6370618	0.444323	0.555677	0.618037
10026	-525.9753	-553.4103	27.43494	2.090858	8.508862	0.2011717	0.543972	0.456028	1.095337
10032	-525.4367	-554.7437	29.30703	2.042885	1.932656	0.2944858	0.641099	0.358901	1.0296
10038	-525.2724	-553.9378	28.66535	1.296589	1.932656	0.2333516	0.549989	0.450011	2.174896
10044	-526.4369	-554.7037	28.26684	1.537491	1.755764	0.2333516	0.61917	0.38083	2.347132
10050	-527.6168	-555.5164	27.89959	1.537491	2.017905	0.3167549	0.463453	0.536547	2.347132
10056	-532.7869	-560.5782	27.79131	1.31919	4.540782	0.1459118	0.242876	0.757124	2.198539
10062	-535.4044	-560.7873	25.3829	1.005389	3.14841	0.2053649	0.548238	0.451762	4.007901
10068	-528.652	-554.4281	25.77618	0.755461	3.14841	0.15991	0.358338	0.641662	4.007901
10074	-522.347	-547.7819	25.43485	0.73545	4.139002	0.15991	0.550004	0.449996	4.007901
10080	-526.2474	-552.9315	26.68411	1.028351	4.139002	0.15991	0.562568	0.437432	3.109996
10086	-531.4215	-557.5644	26.14291	1.092968	4.873925	0.1261351	0.562568	0.437432	3.330933
10092	-533.4285	-560.1437	26.71513	1.620997	2.01598	0.361758	0.749	0.251	2.966896
10098	-532.0663	-559.1134	27.04703	1.090139	2.567168	0.2976856	0.469273	0.530727	2.995869
10104	-527.4956	-555.4095	27.91391	1.414296	3.463286	0.3078901	0.204316	0.795684	1.994521
10110	-532.4802	-557.7353	25.25511	1.309001	3.300042	0.08586494	0.409791	0.590209	4.119229
10116	-534.7967	-559.7154	24.91873	1.280717	3.184526	0.08586494	0.820739	0.179261	4.35211
10122	-526.3209	-548.2298	21.90882	1.157681	11.36348	0.03932133	0.555947	0.444053	5.198804
10128	-532.2837	-555.1226	22.83892	0.8178432	21.70904	0.07570837	0.577289	0.422711	4.155815
10134	-530.5748	-554.5185	23.94366	1.303789	8.273018	0.07570837	0.528969	0.471031	4.155815
10140	-531.5687	-557.0775	25.50872	1.083448	8.273018	0.04128012	0.661576	0.338424	3.4792
10146	-535.8851	-558.5287	22.64354	1.479637	36.31466	0.04128012	0.727889	0.272111	3.441125
10152	-531.0784	-554.0131	22.93462	1.007587	36.31466	0.02699127	0.727889	0.272111	3.583798
10158	-530.6008	-557.7227	27.1219	1.211809	11.74209	0.06563309	0.683119	0.316881	1.994419
10164	-528.7	-555.291	26.59096	0.8241174	9.110513	0.1107831	0.485732	0.514268	2.706771
10170	-526.4643	-552.5746	26.11033	1.536807	13.50085	0.3813042	0.0370024	0.962998	1.656782
10176	-530.6323	-555.5456	24.91333	1.681218	27.32902	0.3813042	0.702963	0.297037	1.530234
10182	-526.4642	-551.3616	24.89745	1.512352	8.157025	0.08632907	0.54947	0.45053	3.471017
10188	-535.8588	-561.3284	25.46959	1.353758	8.157025	0.1066572	0.776926	0.223074	3.176067
10194	-533.4402	-557.7998	24.35963	0.5634316	5.563838	0.2313208	0.270999	0.729001	4.359084
10200	-527.5713	-553.686	26.11464	1.609161	9.536082	0.2536847	0.578286	0.421714	2.179126
10206	-529.7291	-556.7894	27.06036	1.428835	3.413908	0.3166993	0.571144	0.428856	2.532906
10212	-528.7191	-555.4971	26.77801	1.715164	3.395491	0.5012495	0.404643	0.595357	2.312078
10218	-524.2626	-550.4978	26.23523	1.013385	3.395491	0.2983319	0.115946	0.884054	3.311865
10224	-520.1876	-546.5653	26.37766	0.9589045	3.395491	0.2983319	0.212686	0.787314	3.259995
10230	-526.7964	-553.1923	26.39587	1.104708	4.675067	0.2983319	0.679072	0.320928	2.905224
10236	-527.7147	-554.8062	27.09151	1.812229	4.876289	0.1566246	0.426341	0.573659	2.244029
10242	-528.2109	-555.0808	26.86988	1.643818	4.876289	0.1566246	0.237326	0.762674	2.491316
10248	-535.881	-563.36	27.47905	1.758862	3.979769	0.8630223	0.237326	0.762674	1.305491
10254	-537.6808	-564.4099	26.7291	1.567977	3.979769	1.057385	0.0191874	0.980813	1.849749
10260	-540.5538	-565.507	24.95316	2.175181	6.501031	0.7575016	0.566217	0.433783	2.376367
10266	-526.7559	-553.1635	26.4076	2.564475	6.501031	0.4327702	0.322386	0.677614	1.447528
10272	-540.8651	-564.0947	23.22959	2.694074	6.853644	5.373079	0.322881	0.677119	1.586206
10278	-543.3379	-568.5259	25.188	2.72178	6.853644	0.4423986	0.204468	0.795532	2.122334
10284	-532.6331	-560.0345	27.40134	2.252574	5.496008	0.2610885	0.327227	0.672773	1.392565
10290	-529.2067	-556.6376	27.43087	2.230194	7.609862	0.2130062	0.302621	0.697379	1.095296
10296	-528.9143	-556.8392	27.92493	1.414857	7.609862	0.258685	0.253458	0.746542	1.266674
10302	-524.1982	-551.9672	27.76902	1.632806	7.609862	0.1467072	0.343902	0.656098	1.481654
10308	-528.5728	-556.4929	27.92007	1.845027	7.609862	0.101795	0.350151	0.649849	1.33438
10314	-532.0654	-558.372	26.30657	1.140683	9.528365	0.101795	0.258186	0.741814	2.666919
10320	-531.2243	-557.3535	26.12919	0.9765362	3.71034	0.1687613	0.275972	0.724028	3.536123
10326	-531.3272	-554.7485	23.42122	1.015653	3.818994	0.2128789	0.484672	0.515328	4.951866
10332	-530.1363	-555.0017	24.86537	1.42758	2.28518	0.5072239	0.200781	0.799219	3.919963
10338	-531.0792	-555.1262	24.04698	1.331816	4.629395	0.5072239	0.0998845	0.900116	3.919963
10344	-532.3396	-559.9189	27.57938	1.705217	2.881623	0.5072239	0.521203	0.478797	1.925386
10350	-531.7257	-557.1113	25.38563	0.8241301	3.622895	0.4398039	0.246633	0.753367	3.699222
10356	-533.1052	-559.0056	25.90038	0.9115753	2.167798	0.3625878	0.293698	0.706302	3.810216
10362	-534.9362	-562.6825	27.74625	1.124724	3.747817	0.4741949	0.263489	0.736511	2.011165
10368	-536.5842	-562.9191	26.33492	1.456916	3.906524	0.6503765	0.33955	0.66045	2.496362
10374	-533.5997	-561.528	27.92831	1.463886	4.068183	0.6503765	0.345983	0.654017	1.368249
10380	-532.0709	-558.4931	26.42219	1.861272	4.478364	1.355424	0.268674	0.731326	1.562003
10386	-533.9369	-559.8761	25.93926	2.156533	3.455511	1.355424	0.115996	0.884004	1.937614
10392	-523.7893	-552.75	28.96064	1.644179	2.720563	0.366772	0.520176	0.479824	1.188063
10398	-521.8339	-549.3599	27.526	1.322697	4.42231	0.366772	0.343293	0.656707	2.010781
10404	-528.1624	-554.435	26.27258	1.005354	4.42231	0.1495852	0.430232	0.569768	3.334822
10410	-530.3691	-557.4808	27.11165	1.505788	4.42231	0.1721046	0.598349	0.401651	2.478681
10416	-527.4636	-554.8927	27.42904	1.576869	2.094564	0.1721046	0.485481	0.514519	2.828
10422	-536.8831	-563.2655	26.38237	1.452677	2.981084	0.7061377	0.485481	0.514519	2.642789
10428	-526.55	-552.3761	25.82611	1.813327	8.102298	0.30478	0.415335	0.584665	2.314868
10434	-516.6697	-543.7054	27.03571	1.160692	6.430251	0.1387111	0.596743	0.403257	2.481833
10440	-523.1103	-550.0895	26.97917	1.540719	6.430251	0.1193382	0.488056	0.511944	2.323864
10446	-521.1738	-548.6359	27.46213	1.60383	5.214385	0.1193382	0.513185	0.486815	2.166602
10452	-523.5706	-550.9807	27.41005	1.284965	5.214385	0.1730757	0.242049	0.757951	2.282365
10458	-529.3624	-551.4028	22.0404	0.8917664	9.126766	0.1420875	0.525984	0.474016	5.214856
10464	-534.5166	-558.3158	23.79918	0.5807916	6.099644	0.1056068	0.5304	0.4696	4.82535
10470	-528.5638	-555.0798	26.51606	1.647754	6.791962	0.4375821	0.658928	0.341072	1.968814
10476	-531.2349	-557.8122	26.57727	1.939094	2.567843	0.440012	0.486488	0.513512	2.587004
10482	-529.4259	-557.0566	27.63068	1.836714	2.567843	0.6788018	0.0523698	0.94763	1.72476
10488	-529.2919	-555.2544	25.96253	1.663705	8.976206	0.5118847	0.145475	0.854525	1.960752
10494	-531.517	-556.722	25.20496	1.867362	42.92073	0.1136006	0.453399	0.546601	1.041982
10500	-525.655	-552.2796	26.62455	1.762725	18.27031	0.2137434	0.203102	0.796898	0.9540626
10506	-528.9113	-556.4149	27.50361	1.939955	10.64568	0.2137434	0.374153	0.625847	0.7605697
10512	-529.9472	-557.1417	27.19443	2.674169	11.13305	0.06871976	0.452099	0.547901	0.8147505
10518	-528.029	-554.7483	26.7193	2.674169	14.33843	0.01171474	0.559993	0.440007	1.086108
10524	-524.7861	-551.7004	26.91425	3.006222	11.61138	0.01171474	0.453796	0.546204	0.90347
10530	-524.5569	-553.1444	28.58753	2.957148	3.913538	0.028861	0.584709	0.415291	0.8821828
10536	-522.4382	-550.8972	28.45903	3.151227	3.913538	0.028861	0.286813	0.713187	0.8013301
10542	-525.1491	-553.2743	28.12526	3.151227	5.460808	0.028861	0.00601766	0.993982	0.5466145
10548	-524.1188	-552.3066	28.18778	3.066389	5.460808	0.03407275	0.242699	0.757301	0.5466145
10554	-525.4215	-553.8358	28.4143	2.831524	5.460808	0.03650313	0.502408	0.497592	0.4763342
10560	-526.5179	-555.0845	28.56656	2.586421	5.460808	0.03650313	0.644044	0.355956	0.7492003
10566	-521.7503	-550.4269	28.67655	2.445628	4.630689	0.03650313	0.469193	0.530807	1.048292
10572	-530.7609	-559.3738	28.61294	2.445628	4.630689	0.01985781	0.5008	0.4992	1.160077
10578	-527.9526	-556.1634	28.21079	3.170055	4.367227	0.01867201	0.463898	0.536102	0.92803
10584	-524.3551	-552.6415	28.28638	3.325018	4.367227	0.01867201	0.338749	0.661251	0.5617647
10590	-525.9106	-554.1451	28.23452	3.314513	4.367227	0.01867201	0.153361	0.846639	0.7101323
10596	-526.0775	-554.4627	28.38522	3.185084	4.367227	0.03388644	0.500431	0.499569	0.4793617
10602	-525.2581	-554.0746	28.81654	2.511934	3.965719	0.03388644	0.51565	0.48435	1.064666
10608	-526.5537	-554.7848	28.23113	2.363692	3.965719	0.03170106	0.572446	0.427554	1.657742
10614	-527.4978	-556.5806	29.08281	2.12372	3.965719	0.05572077	0.698502	0.301498	1.078288
10620	-532.2616	-560.9351	28.67345	2.373508	3.965719	0.08942922	0.559608	0.440392	1.078288
10626	-534.2432	-562.839	28.5958	1.464544	3.965719	0.1806926	0.271944	0.728056	1.597932
10632	-533.9254	-561.2842	27.3588	1.884391	9.230631	0.226204	0.781661	0.218339	1.171235
10638	-529.8996	-556.2692	26.36959	2.091381	17.63184	0.226204	0.414499	0.585501	0.9024
10644	-536.7071	-561.4524	24.74527	1.947425	16.66947	0.3488262	0.210643	0.789357	2.111847
10650	-522.1455	-548.4994	26.35393	0.9558488	10.35593	0.09693477	0.630394	0.369606	2.683564
10656	-525.0401	-550.1482	25.10808	1.210604	12.54137	0.1557761	0.543572	0.456428	2.961547
10662	-528.772	-556.1929	27.42086	1.735301	4.743884	0.1982446	0.27217	0.72783	2.016956
10668	-534.9884	-560.2172	25.22882	1.700893	4.460615	0.3275149	0.216197	0.783803	3.245303
10674	-541.8249	-566.3622	24.53725	1.805052	4.460615	1.751369	0.300062	0.699938	2.659383
10680	-530.4994	-557.129	26.6296	2.691234	2.379214	0.3329949	0.392808	0.607192	2.272661
10686	-527.9756	-553.4843	25.50865	0.8914068	2.403458	0.2473545	0.392808	0.607192	4.127499
10692	-527.5034	-554.1741	26.67063	1.99491	2.403458	1.240611	0.311385	0.688615	1.926583
10698	-529.3533	-556.5472	27.19391	1.639222	2.403458	1.240611	0.490966	0.509034	1.812182
10704	-524.4913	-552.5692	28.07795	1.726217	2.733504	0.5346043	0.317423	0.682577	1.576988
10710	-527.6365	-554.1351	26.49868	1.623332	5.508357	0.1606281	0.454621	0.545379	2.619409
10716	-530.8053	-557.6536	26.84831	1.577121	5.508357	0.804916	0.616568	0.383432	1.631083
10722	-528.6425	-555.5997	26.95715	1.237236	1.884997	0.7576604	0.285339	0.714661	2.724522
10728	-535.3506	-563.0669	27.71625	1.339606	1.884997	0.2393377	0.442454	0.557546	2.752014
10734	-532.3391	-559.483	27.14385	1.167045	2.247832	0.3611184	0.386695	0.613305	2.904903
10740	-531.0314	-556.8468	25.81541	1.656415	3.20555	0.3611184	0.343666	0.656334	3.142478
10746	-536.4744	-561.7092	25.23485	2.949435	3.763533	0.08721469	0.298213	0.701787	3.073241
10752	-533.9811	-560.5396	26.55845	2.743737	3.763533	0.1010116	0.207382	0.792618	2.350169
10758	-535.4826	-563.0152	27.5326	1.580556	2.521198	0.1010116	0.50161	0.49839	2.786481
10764	-528.4994	-555.1464	26.64701	1.487299	2.521198	0.9424112	0.629007	0.370993	2.416286
10770	-537.2205	-562.4574	25.23684	1.526089	40.85634	0.08547487	0.704145	0.295855	1.479434
10776	-529.4521	-554.2267	24.77463	0.8193402	12.26302	0.09355231	0.36886	0.63114	3.553492
10782	-529.3179	-555.1622	25.84431	1.18579	11.32205	0.09355231	0.765908	0.234092	2.776608
10788	-530.4766	-555.1534	24.67684	0.7734307	9.199718	0.09355231	0.68811	0.31189	3.900526
10794	-531.6553	-557.5401	25.8848	1.469653	9.199718	0.1338171	0.138834	0.861166	2.679774
10800	-527.9887	-552.9311	24.94243	1.06481	4.771135	0.3235531	0.35358	0.64642	3.734626
10806	-526.4286	-551.4855	25.05697	0.8694704	6.013855	0.3235531	0.246172	0.753828	3.591133
10812	-524.7888	-550.6399	25.85108	0.7342968	3.709661	0.3235531	0.583888	0.416112	3.597927
10818	-526.8975	-552.8504	25.95291	1.033628	3.540819	0.1923343	0.647254	0.352746	3.597927
10824	-522.0923	-548.2172	26.12491	0.9456865	5.851492	0.3091437	0.410544	0.589456	2.958093
10830	-520.7681	-547.2792	26.51114	1.288662	5.851492	0.3091437	0.106863	0.893137	2.511698
10836	-523.2247	-548.0868	24.86207	1.333745	6.394563	0.3091437	0.312254	0.687746	3.400736
10842	-526.1701	-553.4463	27.27622	1.124076	2.923676	0.1843585	0.0991065	0.900893	2.923296
10848	-527.7477	-552.5666	24.81886	1.410428	7.012022	0.1302723	0.504651	0.495349	3.603571
10854	-523.2432	-550.4302	27.18698	1.427458	4.876514	0.1302723	0.504651	0.495349	2.487437
10860	-527.8667	-556.6771	28.81045	2.191261	3.694987	0.1482787	0.53814	0.46186	0.9884121
10866	-528.4148	-554.1439	25.72906	1.70087	3.694987	0.7022631	0.173637	0.826363	2.723332
10872	-534.4648	-557.7173	23.25252	0.629507	6.365299	0.1333882	0.0663617	0.933638	5.007201
10878	-530.4228	-553.9752	23.5524	0.8001725	9.589543	0.1333882	0.513563	0.486437	4.396701
10884	-536.2337	-560.2167	23.98304	0.789929	5.04069	0.3219867	0.480692	0.519308	4.396701
10890	-536.2382	-560.5866	24.34845	0.9965947	5.04069	0.2051645	0.259447	0.740553	4.241508
10896	-535.6179	-560.1088	24.49084	0.8542008	5.04069	0.2051645	0.630924	0.369076	4.241508
10902	-537.551	-561.6708	24.1198	0.9149168	6.260919	0.2051645	0.136215	0.863785	4.241508
10908	-536.7306	-558.7866	22.05595	0.9968545	6.260919	0.1679563	0.217496	0.782504	5.412274
10914	-527.3687	-553.7954	26.42679	1.026222	5.618267	0.1333949	0.453594	0.546406	3.066922
10920	-522.8333	-550.5306	27.69732	1.593005	4.27311	0.2181393	0.278113	0.721887	1.984678
10926	-532.1822	-560.1366	27.95448	2.038817	4.27311	0.3130431	0.131358	0.868642	1.302655
10932	-532.2551	-560.3281	28.07298	1.739058	8.977576	0.05831911	0.581991	0.418009	1.253337
10938	-526.6909	-553.8081	27.11712	1.746391	7.914771	0.1210918	0.226825	0.773175	1.890572
10944	-525.232	-551.2656	26.03359	1.087079	13.73312	0.05551626	0.449523	0.550477	2.637571
10950	-524.6886	-551.216	26.52736	0.8957485	6.66301	0.1232455	0.753829	0.246171	2.959388
10956	-529.9606	-558.6564	28.69583	1.270146	3.616207	0.1437015	0.584719	0.415281	1.839165
10962	-527.2157	-555.2826	28.06693	1.501056	4.847685	0.1437015	0.580609	0.419391	1.839165
10968	-525.4829	-553.5255	28.04257	1.444211	5.906293	0.1437015	0.700444	0.299556	1.700365
10974	-529.7576	-558.2029	28.44528	1.765724	5.906293	0.1703577	0.81165	0.18835	1.053053
10980	-535.2166	-559.7999	24.58329	1.216504	3.142138	0.4749666	0.154449	0.845551	4.005929
10986	-536.0413	-562.2502	26.2089	1.309676	3.142138	0.1963836	0.522128	0.477872	3.370883
10992	-528.3956	-555.2861	26.89057	1.29239	3.182123	0.1963836	0.414361	0.585639	2.966683
10998	-527.1171	-554.6549	27.53777	1.559626	3.136224	0.1669057	0.488	0.512	2.474739
11004	-525.427	-553.0031	27.5761	1.599284	3.136224	0.3778215	0.35	0.65	2.081952
11010	-533.5157	-562.3641	28.8484	1.651813	1.640856	0.3141636	0.525501	0.474499	1.806481
11016	-530.6693	-559.6719	29.00263	2.077517	1.640856	0.7282357	0.529908	0.470092	0.6987247
11022	-531.1358	-559.7329	28.59703	1.929225	2.499787	0.5227259	0.604642	0.395358	1.101299
11028	-527.957	-554.6941	26.7371	1.383065	6.689813	0.281798	0.063249	0.936751	2.225599
11034	-532.3509	-560.5524	28.20146	1.633363	3.174755	0.1552851	0.307496	0.692504	2.015022
11040	-537.4702	-565.2687	27.79848	1.472875	3.174755	0.8910018	0.307496	0.692504	1.487376
11046	-533.4716	-561.9511	28.47953	1.427811	3.875891	0.4114373	0.260514	0.739486	1.314356
11052	-529.0496	-555.788	26.73844	1.123126	3.177808	0.2020536	0.610622	0.389378	3.149692
11058	-537.43	-565.161	27.73105	1.723789	3.177808	0.2020536	0.362918	0.637082	2.165796
11064	-535.5266	-563.5741	28.04747	1.384993	5.15804	0.1189964	0.633307	0.366693	1.935217
11070	-532.9724	-561.9797	29.00732	1.687552	2.880751	0.3482684	0.474329	0.525671	1.077412
11076	-534.7099	-562.3152	27.60535	1.667675	2.880751	0.2643275	0.14736	0.85264	2.254236
11082	-541.3862	-568.182	26.79582	1.728175	2.690359	0.820677	0.244992	0.755008	2.201623
11088	-535.1886	-563.4034	28.21477	1.406369	1.704589	0.4534598	0.391872	0.608128	2.1796
11094	-524.9493	-553.6842	28.73489	1.473039	3.160774	0.2014227	0.59541	0.40459	1.660961
11100	-535.2422	-561.5134	26.27116	2.012911	2.352595	0.6603008	0.180379	0.819621	2.584738
11106	-533.1619	-562.3389	29.17698	1.847834	2.47815	0.09856729	0.356642	0.643358	1.55467
11112	-530.5112	-558.9949	28.48365	2.107097	2.47815	0.7810294	0.43685	0.56315	0.5366012
11118	-528.4964	-557.2021	28.70574	2.107097	2.47815	0.1124565	0.360236	0.639764	1.6666
11124	-531.2158	-557.3035	26.08773	1.757532	7.586796	0.4370214	0.157978	0.842022	2.071392
11130	-549.2698	-573.7764	24.50652	1.238413	4.225114	0.6109378	0.0157379	0.984262	3.68993
11136	-545.632	-571.7595	26.12752	1.002432	3.578632	0.5462677	0.0811009	0.918899	3.063969
11142	-536.9858	-559.8037	22.81792	0.4671306	3.028457	0.3739944	0.133219	0.866781	5.542983
11148	-538.5034	-561.2676	22.76422	0.5156291	3.040796	0.3739944	0.144379	0.855621	5.542983
11154	-536.0695	-561.4282	25.35877	0.7266729	3.040796	0.3739944	0.265057	0.734943	3.973782
11160	-537.717	-564.0462	26.32916	1.470433	2.895953	0.3233166	0.0730096	0.92699	3.07275
11166	-538.6481	-565.0024	26.35435	1.821847	9.433874	1.017289	0.41061	0.58939	0.9900575
11172	-534.9463	-562.3916	27.44526	1.792704	4.678366	0.4347856	0.0513665	0.948634	1.596427
11178	-537.0691	-561.8878	24.81876	1.134208	18.62328	0.3069819	0.344908	0.655092	2.521179
11184	-534.9018	-561.4433	26.54156	1.406859	13.55242	0.2697749	0.599373	0.400627	1.613614
11190	-533.7939	-562.0062	28.21227	2.023541	6.751704	0.04294366	0.348437	0.651563	1.322215
11196	-525.3506	-553.7299	28.37931	2.023541	6.567314	0.04294366	0.636785	0.363215	1.218088
11202	-529.739	-557.4589	27.7199	2.023541	6.567314	0.03359126	0.567133	0.432867	1.751893
11208	-531.1424	-557.6733	26.53091	1.640754	8.985027	0.2276732	0.319737	0.680263	1.99124
11214	-530.7583	-557.4907	26.73241	1.39364	8.985027	0.2078656	0.319737	0.680263	2.058913
11220	-522.3975	-549.2639	26.86636	1.649877	9.710693	0.07034455	0.56609	0.43391	2.05891
11226	-525.0182	-550.9352	25.91705	1.569936	9.710693	0.211402	0.262585	0.737415	2.38663
11232	-527.3878	-554.4644	27.0766	1.064283	4.571261	0.1682756	0.524405	0.475595	2.752908
11238	-528.8855	-553.862	24.9765	1.543236	15.69174	0.09620191	0.385528	0.614472	2.752908
11244	-531.9857	-553.7331	21.74739	1.029865	15.69174	0.1253093	0.230161	0.769839	4.847919
11250	-529.1312	-555.4752	26.34406	1.152357	15.69174	0.1253093	0.273567	0.726433	2.060548
11256	-527.6562	-554.0506	26.39435	1.215841	5.838027	0.1336272	0.603301	0.396699	2.93905
11262	-523.7242	-551.0702	27.34608	1.745132	5.838027	0.1229462	0.382494	0.617506	2.035008
11268	-525.2511	-551.9691	26.71803	1.189431	7.064837	0.3491117	0.174137	0.825863	2.212531
11274	-525.6885	-552.8853	27.19678	1.560701	7.064837	0.2563339	0.149096	0.850904	1.789187
11280	-532.5059	-556.669	24.16309	0.4315929	5.497514	0.2389202	0.314386	0.685614	4.54208
11286	-530.007	-553.8373	23.83029	0.7644005	5.497514	0.2389202	0.336443	0.663557	4.54208
11292	-539.4671	-564.6288	25.16175	1.6624	8.942434	0.7212838	0.0475311	0.952469	2.292832
11298	-537.2916	-563.1885	25.89693	1.556426	5.870615	0.7212838	0.328653	0.671347	2.292832
11304	-530.22	-557.3154	27.09542	1.335783	6.273128	0.07864241	0.424102	0.575898	2.512068
11310	-526.2168	-554.1907	27.97384	1.739541	6.417238	0.07864241	0.283816	0.716184	1.64168
11316	-528.2703	-554.7041	26.43386	1.579452	16.32956	0.04666878	0.505178	0.494822	1.905782
11322	-528.8528	-555.2244	26.3716	1.258737	10.16275	0.200514	0.522584	0.477416	2.270108
11328	-525.8419	-553.8165	27.97463	1.611049	3.412856	0.200514	0.20612	0.79388	2.022016
11334	-525.2176	-553.397	28.17936	2.145878	3.412856	0.2486831	0.275364	0.724636	1.401747
11340	-528.0652	-555.2417	27.17649	1.66534	4.807139	0.1949243	0.10699	0.89301	2.217265
11346	-527.7473	-556.2097	28.46243	2.336823	4.750488	0.1876495	0.636095	0.363905	0.6240635
11352	-526.2467	-554.7643	28.51765	1.990247	4.750488	0.3001632	0.345681	0.654319	0.5979324
11358	-527.6574	-556.1881	28.53071	1.662725	4.644908	0.3136438	0.525389	0.474611	1.02452
11364	-525.0379	-552.8756	27.83766	2.146586	4.644908	0.2012415	0.0919307	0.908069	1.447004
11370	-524.5773	-552.8014	28.22411	2.341438	4.644908	0.1036869	0.472671	0.527329	1.25726
11376	-528.8128	-555.129	26.31619	1.362776	4.568293	0.1308924	0.253809	0.746191	3.111194
11382	-533.4879	-559.1593	25.6714	0.9323243	9.487983	0.1308924	0.18455	0.81545	3.111194
11388	-527.6975	-552.9842	25.28663	1.154394	9.487983	0.1308924	0.33318	0.66682	3.207836
11394	-533.7124	-556.6206	22.90817	1.188712	9.487983	0.1318203	0.0697245	0.930275	4.553294
11400	-534.7111	-557.6829	22.97188	0.6534536	9.487983	0.1606744	0.500013	0.499987	4.759985
11406	-528.3233	-551.7511	23.42783	0.8431727	9.487983	0.1183236	0.534382	0.465618	4.484551
11412	-522.5178	-547.7918	25.27399	1.068082	9.487983	0.1183236	0.416843	0.583157	3.294881
11418	-526.7876	-551.3374	24.54977	1.043806	9.487983	0.08575528	0.596834	0.403166	3.810411
11424	-524.8472	-551.2676	26.42043	0.9447973	2.718735	0.2141681	0.611228	0.388772	3.537239
11430	-525.4565	-552.2911	26.83456	0.909118	2.769323	0.3837407	0.302374	0.697626	3.064164
11436	-529.9778	-556.493	26.51515	1.043167	3.662792	0.4120153	0.25316	0.74684	2.926148
11442	-530.2343	-554.4834	24.2491	0.732697	3.662792	0.2372177	0.220555	0.779445	4.640807
11448	-530.3796	-556.7206	26.34099	0.7958503	4.815387	0.2372177	0.441377	0.558623	3.189979
11454	-523.6585	-550.8444	27.18595	1.131687	4.815387	0.2925375	0.503501	0.496499	2.384131
11460	-529.9013	-555.9563	26.05493	1.019013	2.530964	0.2925375	0.200911	0.799089	3.639633
11466	-527.8893	-553.7661	25.87676	0.8605497	2.530964	0.2520986	0.368003	0.631997	3.891557
11472	-529.8689	-555.2284	25.35949	0.9309033	7.182549	0.1469808	0.52406	0.47594	3.511703
11478	-524.0411	-549.3792	25.3381	0.7005753	6.121174	0.1555143	0.52406	0.47594	3.776823
11484	-532.2969	-557.0414	24.74444	1.219231	6.121174	0.8122083	0.734105	0.265895	3.103375
11490	-526.7387	-552.3828	25.64407	0.5079737	2.034204	0.2156095	0.209721	0.790279	4.430372
11496	-530.5395	-555.4994	24.95995	0.6638937	2.266862	0.3849038	0.350826	0.649174	4.430372
11502	-525.3944	-550.5709	25.17648	0.817239	3.198829	0.2110882	0.383836	0.616164	4.211361
11508	-526.1855	-550.9917	24.80618	0.6568183	3.198829	0.2110882	0.0517752	0.948225	4.511096
11514	-524.5537	-549.0601	24.50639	1.045331	5.100606	0.4773354	0.566517	0.433483	3.77157
11520	-524.6593	-551.2855	26.6262	1.548811	2.76403	0.2866149	0.134665	0.865335	2.933569
11526	-526.7745	-552.8572	26.08275	1.62872	3.332556	0.790393	0.328268	0.671732	2.565832
11532	-530.6658	-556.7649	26.09912	1.76345	2.176815	0.9346207	0.173243	0.826757	2.700999
11538	-529.6296	-556.2378	26.60817	2.292806	2.176815	0.6595992	0.222036	0.777964	2.255358
11544	-531.1517	-557.6466	26.49486	1.849457	2.176815	0.9327986	0.204753	0.795247	2.402536
11550	-527.4217	-553.7055	26.28387	1.250938	2.176815	0.5615504	0.174327	0.825673	3.180839
11556	-533.2569	-560.0591	26.80216	1.730633	3.521233	0.5615504	0.488196	0.511804	2.194567
11562	-527.7017	-554.8167	27.11496	2.003091	2.846017	0.9575672	0.383848	0.616152	1.650426
11568	-528.3892	-555.2575	26.86823	0.9924661	2.846017	0.3707121	0.471606	0.528394	2.989132
11574	-529.1561	-554.2586	25.10246	1.324791	4.717045	0.8989778	0.150688	0.849312	2.989132
11580	-525.2258	-551.9633	26.73756	1.160668	4.717045	0.09680978	0.413096	0.586904	3.035542
11586	-524.9976	-552.0216	27.02404	1.668814	5.505464	0.09680978	0.437503	0.562497	2.415183
11592	-520.7173	-547.008	26.29071	1.231386	5.505464	0.09680978	0.391765	0.608235	3.13023
11598	-520.9997	-547.6499	26.65022	1.440648	9.342641	0.1519517	0.653372	0.346628	2.158897
11604	-530.0083	-555.5922	25.58398	1.393134	18.2492	0.1421338	0.447897	0.552103	2.190662
11610	-526.8145	-554.3838	27.56924	1.661589	7.641485	0.1175146	0.608978	0.391022	1.682095
11616	-526.3138	-553.0892	26.77544	1.481016	7.641485	0.2715529	0.320019	0.679981	2.02312
11622	-525.8723	-552.5124	26.64013	1.019703	11.94469	0.1760979	0.57272	0.42728	2.132696
11628	-526.3823	-554.1018	27.71954	1.196179	3.922667	0.3644526	0.515662	0.484338	2.077225
11634	-527.5086	-554.8639	27.35534	1.280207	3.6563	0.2529285	0.464048	0.535952	2.481255
11640	-535.9436	-563.1594	27.21577	1.470213	3.6563	0.1505246	0.426896	0.573104	2.64065
11646	-531.5825	-558.7977	27.21514	1.015685	3.6563	0.1778905	0.162767	0.837233	2.86291
11652	-537.0381	-564.2316	27.1935	1.79845	5.248868	0.1778905	0.204516	0.795484	2.073505
11658	-523.3714	-551.3899	28.01848	1.79845	6.895027	0.1370673	0.515961	0.484039	1.299723
11664	-528.9243	-555.5484	26.62412	1.831883	20.65265	0.1370673	0.527951	0.472049	0.9176017
11670	-532.4321	-559.3398	26.90766	1.611756	8.183161	0.4737213	0.49177	0.50823	1.47469
11676	-532.8236	-559.4257	26.60211	1.545723	8.183161	0.1220979	0.270189	0.729811	2.324372
11682	-524.7518	-551.3936	26.64178	1.887846	5.468811	0.5486955	0.292063	0.707937	1.807492
11688	-529.9696	-557.6093	27.63972	1.658236	5.468811	0.5486955	0.723785	0.276215	1.231461
11694	-526.7404	-554.5233	27.7829	1.669603	6.760676	0.128674	0.198551	0.801449	1.623307
11700	-525.3947	-552.6156	27.22085	1.570428	6.760676	0.1480405	0.530348	0.469652	2.030408
11706	-523.5617	-550.8367	27.27495	1.120086	6.760676	0.2061308	0.557104	0.442896	2.167996
11712	-522.332	-547.0843	24.75233	1.400877	6.760676	0.2005379	0.2096	0.7904	3.542733
11718	-527.809	-556.0046	28.19559	1.49031	6.760676	0.173033	0.215293	0.784707	1.328876
11724	-529.3731	-555.7089	26.33584	1.927538	4.994388	0.9747578	0.43269	0.56731	1.713076
11730	-530.2531	-558.4207	28.16765	2.800172	4.448823	0.1371899	0.852695	0.147305	0.7843806
11736	-523.6983	-552.3389	28.64058	2.042079	4.448823	0.2710577	0.466699	0.533301	0.5388463
11742	-523.7056	-552.71	29.00445	1.963442	4.448823	0.1583095	0.466699	0.533301	0.6628371
11748	-525.2293	-553.1661	27.93673	2.878357	5.114074	0.1583095	0.118751	0.881249	0.5381785
11754	-524.6671	-552.5491	27.88191	2.384753	4.289258	0.3596258	0.577239	0.422761	0.9607602
11760	-525.8744	-553.4627	27.58827	1.865821	2.630146	0.5734478	0.545094	0.454906	1.816998
11766	-527.8908	-556.9888	29.09794	2.345778	2.630146	0.2397649	0.477783	0.522217	0.4333421
11772	-526.6699	-555.7012	29.03126	2.365233	2.630146	0.2397649	0.567099	0.432901	0.3496335
11778	-526.6563	-555.7783	29.12199	2.435248	2.34883	0.2397649	0.481601	0.518399	0.6444683
11784	-528.1851	-556.7744	28.58926	2.184294	2.446191	0.6472427	0.0404025	0.959598	0.5638872
11790	-527.2923	-555.1079	27.81562	1.61106	2.446191	0.6472427	0.356473	0.643527	1.824398
11796	-530.2298	-556.8286	26.59873	2.178785	4.476557	0.5537767	0.571291	0.428709	1.824398
11802	-527.5815	-556.8612	29.27973	2.403291	2.072968	0.07825255	0.446025	0.553975	1.281831
11808	-530.8303	-559.4504	28.62005	1.538035	2.072968	0.3604364	0.568717	0.431283	1.787503
11814	-537.5796	-561.976	24.39642	1.379037	2.072968	0.304146	0.485518	0.514482	4.502126
11820	-534.7191	-560.7159	25.99673	0.9282279	1.420803	0.3360795	0.382976	0.617024	4.053594
11826	-529.3291	-555.2164	25.88736	1.51437	2.787104	0.2585214	0.247617	0.752383	3.427619
11832	-534.2198	-561.5126	27.29276	1.570583	2.786963	0.1732967	0.392002	0.607998	2.699863
11838	-533.5225	-560.2272	26.70466	1.982087	4.396005	0.8737313	0.231348	0.768652	1.613511
11844	-535.8222	-561.6494	25.82724	1.261833	4.396005	0.9313126	0.0843779	0.915622	2.624494
11850	-527.7131	-553.3478	25.6347	1.769377	14.38345	0.9313126	0.381606	0.618394	1.157975
11856	-535.6762	-562.6577	26.98151	1.749009	7.822546	0.0705284	0.488751	0.511249	2.136441
11862	-533.123	-561.2705	28.14749	2.168625	2.909026	0.8244896	0.24846	0.75154	0.6231725
11868	-533.2907	-560.1958	26.90513	3.91189	3.876596	0.2868886	0.318118	0.681882	0.5965789
11874	-530.1583	-558.1859	28.0276	2.688234	2.750218	0.5383461	0.540122	0.459878	0.3256151
11880	-538.4627	-564.7031	26.24036	1.402404	4.061088	1.092478	0.567537	0.432463	2.243043
11886	-532.5716	-557.7254	25.15384	1.341855	3.009923	0.5704137	0.634522	0.365478	3.548231
11892	-530.1883	-559.3275	29.13923	2.134974	1.58919	0.3134062	0.393018	0.606982	1.256889
11898	-536.9617	-563.7806	26.81888	2.24415	2.689749	0.3723911	0.715911	0.284089	2.288043
11904	-536.5609	-565.8052	29.24435	2.103719	1.188695	0.5056881	0.445614	0.554386	1.14666
11910	-530.3974	-559.6256	29.2282	2.533104	2.24644	0.1535308	0.374855	0.625145	0.8217374
11916	-529.0466	-558.4061	29.35951	2.362679	2.24644	0.1604015	0.488791	0.511209	0.8413133
11922	-536.5615	-562.7667	26.20521	1.535581	2.706921	0.06403888	0.647899	0.352101	3.647521
11928	-531.5596	-558.7907	27.23103	1.362286	2.934113	0.09808777	0.6084	0.3916	2.993672
11934	-533.666	-560.6039	26.93789	1.934912	2.564394	2.176896	0.434225	0.565775	1.25136
11940	-536.1235	-561.5359	25.41243	1.934912	3.056028	1.080469	0.0529076	0.947092	2.670545
11946	-537.3974	-560.7528	23.35543	2.147896	2.737844	3.434287	0.0529076	0.947092	3.056672
11952	-537.0663	-563.7986	26.73236	1.832639	2.737844	1.798493	0.508271	0.491729	1.598854
11958	-528.3526	-553.7372	25.38462	1.916448	6.900152	1.798493	0.130087	0.869913	1.598854
11964	-532.6642	-558.5758	25.91166	1.944693	6.900152	1.463557	0.162965	0.837035	1.353378
11970	-526.8027	-552.8826	26.07985	1.081736	6.900152	0.09678608	0.30432	0.69568	3.149343
11976	-530.506	-554.5307	24.02466	0.4784091	4.732941	0.1920938	0.46867	0.53133	4.786537
11982	-526.7919	-550.1021	23.3102	0.6606762	6.377024	0.2289771	0.209141	0.790859	4.786537
11988	-537.2414	-561.778	24.53663	0.6019875	3.511748	0.2289771	0.308936	0.691064	4.596634
11994	-538.4056	-562.5823	24.17667	0.9052209	3.511748	0.4138942	0.454389	0.545611	4.393595
12000	-529.5981	-557.5928	27.99472	1.417651	3.994795	0.1347379	0.444116	0.555884	2.142138
12006	-534.787	-561.7963	27.00937	1.625526	7.497781	0.4281585	0.622666	0.377334	1.54789
12012	-526.6519	-553.4887	26.83684	1.34745	8.811005	0.3020938	0.507772	0.492228	1.876199
12018	-527.0121	-552.6518	25.63974	1.719994	8.811005	0.2926352	0.0608933	0.939107	2.428592
12024	-532.765	-558.5998	25.83485	1.493721	20.67762	0.2258393	0.210559	0.789441	1.624702
12030	-529.8943	-555.4406	25.54626	1.547426	15.46313	0.2106359	0.287305	0.712695	2.155004
12036	-528.2135	-551.817	23.60357	0.964449	7.870225	0.1895076	0.505091	0.494909	4.339787
12042	-527.1112	-552.4009	25.28972	0.9207206	3.65462	0.4294782	0.527505	0.472495	3.703032
12048	-524.4441	-551.4107	26.96665	1.056057	3.152433	0.2561842	0.401298	0.598702	2.970192
12054	-531.9404	-558.7036	26.76323	1.27664	3.106447	0.2568535	0.115949	0.884051	2.970192
12060	-532.814	-558.6032	25.7892	0.7753256	3.106447	0.2756852	0.187665	0.812335	3.808506
12066	-529.5165	-554.7068	25.19021	1.348597	5.241253	0.3450763	0.136806	0.863194	3.320856
12072	-528.5428	-554.3079	25.76508	1.081467	5.241253	0.2190577	0.318657	0.681343	3.320856
12078	-527.8397	-552.3599	24.52028	1.175188	5.241253	0.2028246	0.0328277	0.967172	4.014793
12084	-529.5189	-556.5088	26.98996	2.029646	9.241817	0.5153361	0.631761	0.368239	0.7736534
12090	-526.9452	-551.9034	24.95814	1.531202	5.615032	0.5153361	0.0137844	0.986216	3.105884
12096	-531.3366	-557.4239	26.0873	1.448696	5.615032	0.4229146	0.0294919	0.970508	2.56735
12102	-528.9997	-555.9885	26.98882	1.534494	4.016938	0.2176244	0.162814	0.837186	2.532732
12108	-524.5753	-551.894	27.31866	1.319226	4.016938	0.2221716	0.319881	0.680119	2.453034
12114	-521.249	-548.287	27.03796	0.9339271	5.156893	0.2975012	0.315643	0.684357	2.53354
12120	-519.2125	-547.1326	27.92012	1.443712	4.69352	0.1606573	0.131913	0.868087	1.968093
12126	-527.7775	-554.7353	26.95781	1.052058	8.907043	0.132038	0.253873	0.746127	2.305155
12132	-526.5344	-552.5717	26.03725	1.22205	8.907043	0.1307295	0.35519	0.64481	2.775787
12138	-527.1376	-550.5564	23.4187	0.5606521	4.214559	0.1174656	0.513433	0.486567	5.309292
12144	-529.7062	-553.05	23.34378	0.7868156	6.798496	0.114744	0.565376	0.434624	4.855012
12150	-530.7927	-554.6622	23.86955	0.5884777	6.798496	0.1015252	0.607346	0.392654	4.702472
12156	-534.1129	-557.7026	23.5897	1.363336	4.692548	0.2166337	0.510394	0.489606	4.500464
12162	-529.5704	-555.3894	25.81895	1.104829	4.692548	0.2166337	0.412653	0.587347	3.37054
12168	-533.7435	-559.5038	25.76022	1.155533	4.551453	0.2346853	0.425596	0.574404	3.37054
12174	-531.9017	-558.7659	26.86412	1.869806	9.56431	0.6234784	0.476535	0.523465	0.862163
12180	-535.5753	-561.2801	25.70485	2.256203	9.56431	1.339216	0.163162	0.836838	0.8919193
12186	-542.9487	-567.2969	24.34819	2.372484	20.01958	1.339216	0.354149	0.645851	0.9104695
12192	-526.2474	-553.5076	27.26012	1.118193	2.951762	0.2505024	0.5595	0.4405	2.814972
12198	-525.1019	-551.9039	26.802	1.223194	4.763121	0.2813535	0.5595	0.4405	2.593427
12204	-524.3567	-549.3314	24.97468	1.493168	4.763121	0.5160121	0.23482	0.76518	3.255711
12210	-524.4483	-552.641	28.19268	1.637524	5.518902	0.1884191	0.291977	0.708023	1.409019
12216	-522.2108	-549.8503	27.63959	1.557833	4.936778	0.1815867	0.488798	0.511202	1.986613
12222	-522.5318	-551.1884	28.65663	1.565289	4.353541	0.2641973	0.417248	0.582752	1.187899
12228	-531.2535	-559.9226	28.66913	1.85963	2.10838	0.6629316	0.223809	0.776191	1.098574
12234	-533.2335	-559.6968	26.46336	1.840023	2.10838	0.5166013	0.31915	0.68085	2.784239
12240	-539.7453	-567.1014	27.35606	2.345827	1.988026	0.7896857	0.212834	0.787166	1.678077
12246	-540.5222	-568.7574	28.23515	2.778002	2.876355	0.2203979	0.231065	0.768935	1.072145
12252	-532.5892	-559.9696	27.38038	1.254205	2.667413	0.3087401	0.453978	0.546022	2.649105
12258	-531.9507	-558.5478	26.59716	1.142817	6.166493	0.2385652	0.364316	0.635684	2.610232
12264	-525.9019	-550.5796	24.67775	0.8227073	6.166493	0.1911694	0.512413	0.487587	4.01305
12270	-527.7955	-554.8577	27.06217	1.104849	7.626129	0.1268571	0.432625	0.567375	2.368481
12276	-526.6227	-554.094	27.47126	1.229234	8.347982	0.1268571	0.483419	0.516581	1.930919
12282	-537.3799	-562.1837	24.80383	1.236329	15.32055	0.5865408	0.173378	0.826622	2.355926
12288	-535.1937	-559.9749	24.78127	1.656577	25.34669	0.5865408	0.371333	0.628667	1.488022
12294	-537.1349	-564.0965	26.96162	1.494233	7.018794	0.2896084	0.242614	0.757386	1.945578
12300	-538.4636	-565.2717	26.80818	1.407285	18.2222	0.1172227	0.371252	0.628748	1.393668
12306	-531.2529	-558.4511	27.19817	1.455051	14.1637	0.1144845	0.664092	0.335908	1.393668
12312	-531.3241	-559.3229	27.99878	1.626001	4.666303	0.1219085	0.231258	0.768742	1.892121
12318	-533.6109	-561.7149	28.10406	1.618042	2.351409	0.7004737	0.396641	0.603359	1.599325
12324	-539.0252	-566.6494	27.6242	1.783102	3.229561	0.7117529	0.489658	0.510342	1.527621
12330	-533.8847	-558.9426	25.05786	3.122838	3.229561	1.483055	0.121326	0.878674	1.873396
12336	-534.8254	-561.3733	26.54789	2.640024	2.628226	2.171389	0.555523	0.444477	0.9336421
12342	-529.9575	-558.0205	28.06295	1.896898	6.331213	0.2762935	0.416468	0.583532	0.9005004
12348	-525.5026	-553.6212	28.11864	1.830531	8.780969	0.1425312	0.295898	0.704102	0.7949661
12354	-523.3203	-549.7332	26.41292	1.220194	6.858525	0.3148819	0.385818	0.614182	2.462614
12360	-524.4099	-551.5373	27.12735	1.316827	7.653976	0.08095443	0.574953	0.425047	2.310902
12366	-530.3791	-556.6787	26.29955	1.030842	8.901641	0.08095443	0.61016	0.38984	2.85883
12372	-526.6025	-551.6757	25.07323	0.8002252	14.92642	0.08095443	0.442597	0.557403	3.232282
12378	-522.3312	-547.7014	25.37015	0.4435185	14.92642	0.09434157	0.684439	0.315561	3.232282
12384	-524.1251	-548.8346	24.70948	0.5116585	14.92642	0.06823582	0.575258	0.424742	3.648999
12390	-525.3325	-549.6295	24.29699	0.7896645	16.16601	0.06823582	0.730216	0.269784	3.648999
12396	-524.964	-549.7978	24.8338	1.006855	16.16601	0.05299963	0.630575	0.369425	3.251948
12402	-524.1503	-551.8443	27.69402	1.290962	9.163527	0.06610557	0.533424	0.466576	1.817723
12408	-523.5079	-549.7254	26.21757	1.088752	13.21909	0.1460237	0.32489	0.67511	2.319451
12414	-526.9222	-554.2553	27.33305	1.553869	8.048272	0.2131417	0.4901	0.5099	1.642298
12420	-526.0494	-552.5024	26.453	1.285319	8.048272	0.2131417	0.29055	0.70945	2.407937
12426	-527.9299	-554.0491	26.11922	2.493091	4.342139	2.246399	0.148203	0.851797	0.7903898
12432	-525.4985	-552.9035	27.40494	1.339953	5.193915	0.2508982	0.335487	0.664513	2.10748
12438	-525.257	-553.9288	28.67178	1.937678	2.786151	0.1400474	0.276705	0.723295	1.632427
12444	-526.6417	-553.4095	26.76779	1.587523	9.307172	0.1400474	0.193485	0.806515	2.016738
12450	-533.0043	-559.0761	26.07185	1.220354	9.307172	0.3162473	0.557195	0.442805	2.383185
12456	-531.1524	-557.3753	26.22296	1.525207	9.307172	0.2688695	0.560169	0.439831	2.162843
12462	-526.106	-553.8478	27.74181	1.525207	9.307172	0.07443054	0.196039	0.803961	1.572116
12468	-526.7291	-554.1803	27.45116	2.183793	9.307172	0.02535319	0.44728	0.55272	1.471263
12474	-525.976	-553.852	27.87602	2.183793	6.322254	0.02535319	0.601735	0.398265	1.58924
12480	-529.4003	-554.3989	24.99859	1.247122	12.74344	0.3392572	0.139995	0.860005	2.690923
12486	-532.3114	-558.8367	26.52531	1.669233	6.918726	0.05861197	0.248736	0.751264	2.629282
12492	-528.1813	-552.8158	24.63449	1.236323	17.46875	0.1845274	0.510919	0.489081	2.840118
12498	-527.0718	-553.0197	25.94799	1.91362	15.90985	0.1845274	0.448223	0.551777	1.654018
12504	-533.0837	-558.2972	25.21352	1.928023	17.68337	0.1845274	0.186416	0.813584	2.025179
12510	-529.1782	-557.3176	28.13945	1.338438	5.079813	0.1845274	0.74352	0.25648	1.76163
12516	-522.8116	-549.5381	26.72647	1.368616	5.079813	0.1845274	0.317106	0.682894	2.658855
12522	-541.5507	-568.4433	26.89259	2.24705	1.546065	2.443421	0.445514	0.554486	1.401259
12528	-533.733	-561.5024	27.76937	1.616663	4.007063	0.4453178	0.0376519	0.962348	1.628718
12534	-534.5467	-561.4797	26.93304	2.373026	4.925914	0.3703522	0.055434	0.944566	1.584691
12540	-530.723	-557.1986	26.47564	1.993688	2.839569	0.6957818	0.131694	0.868306	2.29198
12546	-533.6603	-560.6358	26.97552	2.164334	2.839569	1.647613	0.483992	0.516008	1.191044
12552	-528.0841	-555.3565	27.27247	2.047049	8.148753	0.3995553	0.359118	0.640882	0.8963105
12558	-528.7266	-556.0577	27.33111	1.228541	3.644125	0.5934246	0.105257	0.894743	2.116622
12564	-526.3979	-553.788	27.39011	1.629307	3.644125	0.2237608	0.0892726	0.910727	2.29089
12570	-531.8665	-556.6248	24.75823	1.268185	4.588235	0.3983291	0.0892726	0.910727	3.665438
12576	-528.8245	-553.3618	24.53734	1.42638	3.486794	0.3983291	0.253414	0.746586	3.914479
12582	-522.6189	-546.678	24.05909	1.012028	9.939422	0.1538777	0.28063	0.71937	3.914479
12588	-527.4483	-553.3253	25.87701	1.066267	4.944513	0.4269096	0.107128	0.892872	3.033424
12594	-531.7003	-560.1723	28.47201	1.862888	3.354702	0.4269096	0.0378232	0.962177	1.086131
12600	-527.2367	-554.9858	27.74913	1.373938	5.470384	0.3293913	0.267466	0.732534	1.672279
12606	-532.3674	-559.2731	26.90574	1.851758	7.019315	0.3293913	0.147276	0.852724	1.67411
12612	-528.9749	-556.7576	27.78266	1.851758	6.122486	0.3837874	0.0876906	0.912309	1.042751
12618	-528.3865	-555.9013	27.51488	1.82425	7.05153	0.5643641	0.335715	0.664285	0.7948248
12624	-526.776	-554.6342	27.85821	1.429741	5.045745	0.3553209	0.335715	0.664285	1.595891
12630	-526.863	-554.8368	27.97373	1.56539	4.813034	0.2349373	0.684406	0.315594	1.668101
12636	-530.4442	-557.1752	26.73098	1.578819	4.448372	0.5532268	0.0607063	0.939294	2.143647
12642	-527.7377	-554.4503	26.7126	1.710901	4.448372	0.482801	0.0705855	0.929415	2.143647
12648	-526.9263	-552.8728	25.94652	1.956448	2.687143	1.716465	0.233793	0.766207	2.105905
12654	-527.0054	-554.8973	27.89192	1.37961	2.687143	0.2422771	0.233793	0.766207	2.347539
12660	-525.9021	-553.0474	27.14527	1.114797	3.892871	0.2235982	0.476097	0.523903	2.711025
12666	-526.9279	-553.6834	26.7555	1.357162	6.313618	0.4285733	0.148951	0.851049	2.084943
12672	-532.241	-558.4151	26.17409	1.414057	12.65394	0.1360959	0.587688	0.412312	2.207617
12678	-528.0907	-552.6228	24.53213	1.305708	11.78515	0.1360959	0.37476	0.62524	3.348951
12684	-526.3628	-553.3102	26.94744	1.844275	4.392687	0.1589852	0.193616	0.806384	2.402318
12690	-523.3453	-550.1543	26.80909	1.462978	9.155325	0.4178205	0.289712	0.710288	1.604065
12696	-528.6136	-555.656	27.04244	1.345242	9.155325	0.4178205	0.203571	0.796429	1.519024
12702	-529.8138	-557.1169	27.30312	1.693303	7.770846	0.4178205	0.510005	0.489995	1.238079
12708	-522.6618	-551.1158	28.45398	1.448463	3.876163	0.1093211	0.473414	0.526586	1.909189
12714	-523.6212	-550.0257	26.40445	1.920831	7.070029	0.0693243	0.119084	0.880916	2.495571
12720	-524.2526	-551.7637	27.51109	2.374378	7.545724	0.0693243	0.432265	0.567735	1.36508
12726	-526.4018	-554.4923	28.09045	1.795172	7.545724	0.1706991	0.524774	0.475226	1.017293
12732	-524.9926	-551.7939	26.80132	1.542455	7.545724	0.2020567	0.0187287	0.981271	2.102336
12738	-526.9282	-553.5763	26.6481	1.939261	8.913516	0.7050901	0.649471	0.350529	1.018293
12744	-524.484	-551.5534	27.06946	2.045223	9.216053	0.2413996	0.0965229	0.903477	1.247605
12750	-520.7505	-549.2484	28.4979	1.301776	4.81933	0.3754183	0.399618	0.600382	1.215361
12756	-523.57	-551.9881	28.4181	1.79506	4.81933	0.3237498	0.282866	0.717134	0.9285812
12762	-517.0427	-544.5673	27.52464	1.503631	4.81933	0.3237498	0.473613	0.526387	1.871426
12768	-521.557	-548.0692	26.51224	1.724467	9.22489	0.2544636	0.127579	0.872421	1.871426
12774	-523.9395	-551.2261	27.28652	2.031133	9.22489	0.1196207	0.571987	0.428013	1.397684
12780	-524.6553	-551.2223	26.56702	0.9048799	9.223198	0.1328877	0.558928	0.441072	2.607041
12786	-522.7443	-548.8652	26.12093	0.7720984	6.052291	0.1378092	0.416515	0.583485	3.325657
12792	-525.2471	-550.7889	25.54183	0.5086676	7.5045	0.1696993	0.579905	0.420095	3.568054
12798	-524.1061	-549.7216	25.61542	0.4350799	7.5045	0.1696993	0.16767	0.83233	3.568054
12804	-529.3849	-554.0545	24.66966	0.4949422	7.5045	0.2028631	0.0270164	0.972984	4.01882
12810	-526.6251	-553.0073	26.38222	0.7726416	6.685229	0.1417968	0.263556	0.736444	3.075689
12816	-527.6936	-553.2836	25.58992	0.9163584	6.188269	0.1417968	0.167881	0.832119	3.524708
12822	-522.564	-550.3335	27.76956	1.576763	6.188269	0.08466164	0.288963	0.711037	1.914949
12828	-521.1665	-549.5007	28.33418	1.801137	5.253016	0.08466164	0.477859	0.522141	1.523783
12834	-523.1358	-549.8503	26.7145	1.704791	13.88737	0.09448814	0.748826	0.251174	1.654413
12840	-528.376	-553.4792	25.10312	1.189817	13.88737	0.2827601	0.320077	0.679923	2.654009
12846	-520.4177	-546.3374	25.91973	1.475938	6.856887	0.2223004	0.4445	0.5555	2.753564
12852	-524.0116	-551.9118	27.9002	1.46425	7.050158	0.059648	0.4445	0.5555	1.852761
12858	-533.2328	-559.5175	26.28462	1.443066	7.050158	0.3592348	0.240622	0.759378	2.316303
12864	-529.846	-557.1702	27.32416	1.443528	4.870192	0.1730481	0.170332	0.829668	2.297277
12870	-524.9412	-553.2677	28.32654	1.62359	4.870192	0.1730481	0.336486	0.663514	1.489372
12876	-524.5382	-552.7378	28.19955	1.53521	5.966406	0.1730481	0.254755	0.745245	1.433785
12882	-526.9106	-552.2044	25.29384	1.117837	4.683525	0.1190377	0.43148	0.56852	3.857952
12888	-533.505	-560.1025	26.59745	1.071004	5.598114	0.1190377	0.30009	0.69991	2.973807
12894	-540.0231	-564.8158	24.79273	1.046001	10.26847	0.1190377	0.521936	0.478064	3.515387
12900	-539.2256	-566.3109	27.08527	2.231896	3.541516	0.8707972	0.0756197	0.92438	1.359397
12906	-535.3376	-561.4763	26.13867	1.8489	3.541516	0.8778182	0.508051	0.491949	2.278568
12912	-532.3011	-558.8148	26.51374	1.996305	4.642527	0.8919855	0.104531	0.895469	1.672121
12918	-534.6876	-560.2929	25.60534	2.581413	4.016824	1.703055	0.0756102	0.92439	1.556544
12924	-529.2566	-555.6348	26.37819	2.050854	2.446651	1.111636	0.42543	0.57457	2.144662
12930	-528.8679	-556.2455	27.37751	2.573864	3.77846	0.5930772	0.0234293	0.976571	1.043231
12936	-525.1386	-552.6766	27.53798	2.207266	3.77846	0.662964	0.291489	0.708511	1.142581
12942	-524.8919	-552.7162	27.82429	2.269846	5.280269	0.4337055	0.156214	0.843786	0.5667717
12948	-524.5434	-552.6608	28.11738	1.733361	3.816809	0.2671628	0.41636	0.58364	1.610989
12954	-521.1534	-547.9048	26.75146	1.258793	4.080947	0.3732338	0.163195	0.836805	2.608201
12960	-521.9954	-548.0984	26.10296	0.9899632	7.002793	0.3732338	0.461641	0.538359	2.701258
12966	-531.0354	-557.5893	26.55383	0.5603596	9.387402	0.184901	0.492218	0.507782	2.701258
12972	-522.2511	-548.5133	26.26214	1.358531	6.995729	0.184901	0.307812	0.692188	2.665253
12978	-528.4313	-556.1378	27.70658	2.068731	6.995729	0.2730242	0.399493	0.600507	0.9500101
12984	-526.862	-555.2829	28.42091	1.413986	3.45948	0.2722725	0.625909	0.374091	1.706276
12990	-529.9628	-557.9879	28.02511	1.954747	3.45948	0.10524	0.718403	0.281597	1.969843
12996	-521.0525	-547.1729	26.12038	1.23776	8.744394	0.1833305	0.636359	0.363641	2.621847
13002	-525.0718	-550.1933	25.12147	1.570005	4.91175	0.3421112	0.401483	0.598517	3.288425
13008	-526.4456	-552.537	26.09138	1.47654	4.973533	0.3767652	0.115641	0.884359	2.708577
13014	-530.0771	-553.6009	23.52376	1.230063	6.852905	0.29325	0.028805	0.971195	4.194078
13020	-532.2185	-559.8021	27.58351	1.115514	5.49336	0.29325	0.143472	0.856528	2.015883
13026	-530.5333	-557.9096	27.37631	1.012132	3.631039	0.29325	0.650035	0.349965	2.578755
13032	-526.7689	-550.747	23.97811	0.8434652	6.724799	0.281018	0.242762	0.757238	4.1881
13038	-525.526	-551.1551	25.6291	1.27189	5.227572	0.2231301	0.157253	0.842747	3.284202
13044	-536.1302	-561.7766	25.64632	1.294577	5.227572	0.5484122	0.226975	0.773025	2.864279
13050	-533.3159	-560.4946	27.17872	1.500639	3.241881	0.2054945	0.359637	0.640363	2.633285
13056	-534.2239	-561.4397	27.21586	1.358979	3.241881	0.323326	0.0495601	0.95044	2.512193
13062	-529.2887	-554.8947	25.60594	1.181595	4.134822	0.5614097	0.0978555	0.902145	3.139069
13068	-529.9741	-558.1556	28.1815	1.939811	4.134822	0.3062812	0.0978555	0.902145	1.246812
13074	-525.7311	-553.7751	28.04397	1.203849	1.837651	0.4531173	0.541884	0.458116	2.364283
13080	-532.3985	-559.5335	27.13498	1.421845	1.837651	0.4531173	0.484527	0.515473	2.793119
13086	-537.3443	-565.0237	27.67934	1.217787	1.353907	0.4531173	0.72671	0.27329	2.793119
13092	-531.009	-556.2391	25.23017	1.592635	18.24592	0.4194402	0.746567	0.253433	1.826791
13098	-525.8806	-553.6745	27.79385	1.58547	5.090273	0.5332251	0.49956	0.50044	1.268454
13104	-525.9299	-553.2578	27.32793	1.385724	5.090273	0.5117401	0.166766	0.833234	1.791002
13110	-526.8125	-554.0271	27.2146	1.34166	4.436241	0.5117401	0.0636221	0.936378	2.027192
13116	-526.6883	-551.7884	25.10005	1.545293	4.436241	0.4438377	0.0131659	0.986834	3.28146
13122	-525.9527	-551.4376	25.48491	1.146327	4.436241	0.4438377	0.192081	0.807919	3.28978
13128	-528.1062	-556.2449	28.13876	1.12461	1.862109	0.1312108	0.398508	0.601492	2.84192
13134	-534.606	-561.0609	26.45483	0.8494081	1.806865	0.3767968	0.606269	0.393731	3.632334
13140	-531.1267	-559.2739	28.14715	1.278089	1.957374	0.5572698	0.320207	0.679793	2.092182
13146	-535.4309	-562.839	27.40811	1.563326	6.181481	0.3425295	0.368702	0.631298	1.634424
13152	-528.7518	-553.9426	25.19084	0.897488	9.770015	0.117548	0.232119	0.767881	3.418802
13158	-528.4829	-553.9418	25.45891	1.169159	14.70181	0.117548	0.647858	0.352142	2.699654
13164	-521.2148	-547.585	26.37021	1.076157	15.60401	0.07216063	0.772167	0.227833	2.247317
13170	-525.7449	-552.2324	26.4875	1.009236	7.159354	0.1961704	0.452262	0.547738	2.698972
13176	-525.2845	-551.8895	26.60494	1.29306	7.159354	0.0865752	0.51292	0.48708	2.698972
13182	-533.1713	-559.2483	26.07698	1.416654	7.159354	0.2391214	0.745596	0.254404	2.625612
13188	-523.1657	-547.2549	24.08923	1.045388	7.159354	0.2391214	0.250569	0.749431	4.017834
13194	-532.6063	-556.2823	23.67596	0.656796	3.175652	0.2391214	0.0196368	0.980363	5.103528
13200	-528.9877	-552.8588	23.87103	0.4617299	3.175652	0.2391214	0.409489	0.590511	5.103528
13206	-535.6111	-558.6125	23.00134	0.5955	8.059857	0.1270113	0.328114	0.671886	4.983301
13212	-529.6564	-554.5918	24.93549	0.5499199	8.059857	0.1270113	0.328114	0.671886	3.918872
13218	-529.5565	-553.3779	23.8214	0.2861474	5.289546	0.1231821	0.468984	0.531016	5.051454
13224	-529.9196	-553.7125	23.79295	0.5511911	5.289546	0.1231821	0.395821	0.604179	4.919972
13230	-533.42	-557.6088	24.18884	0.7528946	3.534711	0.1113257	0.545164	0.454836	4.919972
13236	-529.7486	-553.56	23.81141	0.7694314	3.526587	0.219503	0.472137	0.527863	4.919972
13242	-530.0492	-552.8534	22.80417	0.6541711	5.463157	0.2422241	0.322055	0.677945	5.175584
13248	-534.2919	-560.4865	26.19469	1.134055	8.338627	0.2422241	0.578799	0.421201	2.579913
13254	-536.7211	-561.8559	25.13487	0.8637574	8.116451	0.1223619	0.779336	0.220664	3.627205
13260	-534.6957	-559.5175	24.82179	0.9448547	12.60504	0.160142	0.217686	0.782314	3.276522
13266	-534.6409	-558.433	23.79218	0.7644177	12.60504	0.2195439	0.212955	0.787045	3.873507
13272	-537.6428	-562.9036	25.2608	1.17559	12.60504	0.07057445	0.0232826	0.976717	3.092947
13278	-532.8176	-556.873	24.05542	0.6982364	18.11063	0.07057445	0.74063	0.25937	3.722783
13284	-541.0807	-566.8289	25.74824	0.648834	10.58686	0.07057445	0.418835	0.581165	3.283033
13290	-534.3568	-559.6569	25.30004	2.089962	2.241756	2.649286	0.0428387	0.957161	2.247862
13296	-536.6267	-562.3467	25.71994	2.221492	2.650038	3.614832	0.601078	0.398922	1.452115
13302	-538.5838	-564.6045	26.02064	2.236442	2.650038	3.614832	0.272166	0.727834	1.198183
13308	-533.8423	-559.2996	25.45729	2.736472	2.465701	3.392856	0.215522	0.784478	1.390338
13314	-535.1876	-559.391	24.20346	2.904373	2.465701	8.120602	0.174903	0.825097	1.271302
13320	-530.6254	-554.3712	23.74583	2.904373	4.035159	8.120602	0.116739	0.883261	1.119546
13326	-529.3683	-553.8848	24.51651	2.904373	1.719595	10.65686	0.301322	0.698678	0.9915949
13332	-528.1529	-551.5571	23.4042	2.933305	3.030828	10.65686	0.0558976	0.944102	1.343167
13338	-532.14	-556.2492	24.1092	2.808577	2.134464	9.704989	0.259737	0.740263	1.343167
13344	-535.3879	-559.5188	24.1309	2.808577	1.890674	9.704989	0.204785	0.795215	1.437454
13350	-526.6183	-550.2515	23.63316	3.166305	2.130119	9.704989	0.198764	0.801236	1.437454
13356	-533.3135	-556.9836	23.6701	3.166305	2.130119	9.704989	0.446906	0.553094	1.40898
13362	-533.909	-560.1969	26.2879	1.735625	8.111149	0.2666705	0.535805	0.464195	2.125048
13368	-532.9591	-559.9617	27.00257	1.685957	10.66736	0.1128418	0.185746	0.814254	1.71317
13374	-525.4511	-553.0571	27.60591	1.882016	4.414595	0.08197978	0.603176	0.396824	2.145855
13380	-523.7765	-551.0802	27.30371	1.695801	9.73505	0.1010613	0.232514	0.767486	1.62908
13386	-531.5502	-558.8943	27.34415	1.85801	11.35455	0.1302727	0.438573	0.561427	1.190501
13392	-530.3555	-557.4326	27.07711	1.318339	1.943181	0.226781	0.735789	0.264211	3.149071
13398	-526.2505	-554.583	28.33259	1.179786	2.307515	0.1497147	0.805089	0.194911	2.491236
13404	-526.7074	-555.1567	28.44931	1.860733	3.295503	0.1497147	0.431548	0.568452	1.668634
13410	-529.7398	-557.718	27.97818	1.397574	3.295503	0.4576785	0.198932	0.801068	1.802997
13416	-534.8619	-562.862	28.0001	1.397574	4.795327	0.4522622	0.206498	0.793502	1.427973
13422	-527.7984	-556.359	28.56065	1.4921	2.496197	0.4522622	0.345633	0.654367	1.578171
13428	-524.9239	-551.3716	26.44765	1.212597	2.935919	0.5891066	0.335688	0.664312	2.860064
13434	-523.1885	-548.7659	25.57742	1.369379	10.24482	0.1190159	0.319378	0.680622	2.860064
13440	-521.9817	-548.2623	26.28059	1.251442	7.475323	0.1985153	0.131983	0.868017	2.633102
13446	-524.6651	-551.3408	26.67567	1.015401	7.310264	0.1985153	0.469173	0.530827	2.555342
13452	-530.6658	-557.6784	27.01264	1.038404	7.310264	0.4893833	0.52925	0.47075	1.910209
13458	-524.761	-552.0827	27.32174	1.073894	3.585632	0.1155564	0.52925	0.47075	2.913045
13464	-531.9115	-559.7171	27.80564	1.218393	3.008502	0.2243288	0.852978	0.147022	2.444825
13470	-528.6698	-551.7104	23.04055	0.560507	8.893914	0.2020897	0.512889	0.487111	4.756467
13476	-525.099	-548.7159	23.61686	0.6779267	8.00555	0.0624727	0.568178	0.431822	4.756467
13482	-532.5477	-556.6282	24.08044	1.408778	3.452176	0.5509903	0.313715	0.686285	4.042946
13488	-528.4372	-556.8145	28.37726	2.291763	1.615569	0.1933778	0.56733	0.43267	1.918576
13494	-529.6337	-558.7081	29.07447	1.629496	1.499624	0.2210271	0.573226	0.426774	1.896071
13500	-528.6721	-556.1755	27.5034	1.171552	1.71808	0.2210271	0.687911	0.312089	3.07655
13506	-531.6226	-557.4684	25.84579	1.105954	1.71808	0.3202719	0.830753	0.169247	3.937458
13512	-530.9886	-559.0227	28.03415	1.916402	4.01253	0.1519677	0.660447	0.339553	1.73324
13518	-534.444	-561.0552	26.61123	1.878215	4.01253	0.4158048	0.292792	0.707208	2.268902
13524	-532.6087	-560.7307	28.12198	1.472302	4.01253	0.3772959	0.356478	0.643522	1.569579
13530	-534.571	-558.3361	23.76511	1.092022	13.95236	0.1190655	0.0428943	0.957106	3.796131
13536	-528.725	-554.3902	25.66518	1.213953	11.91324	0.1190655	0.51472	0.48528	2.754195
13542	-530.1626	-553.8493	23.68672	1.040512	10.12458	0.141084	0.51472	0.48528	4.120091
13548	-526.3399	-554.677	28.33708	1.57166	4.194144	0.141084	0.461883	0.538117	1.747652
13554	-527.0794	-553.6148	26.53535	1.348615	9.794571	0.141084	0.0746351	0.925365	2.2697
13560	-525.6383	-552.7477	27.10936	1.399804	6.598355	0.2812553	0.571668	0.428332	1.984588
13566	-532.2606	-555.0282	22.76761	0.870017	6.598355	0.07027928	0.431202	0.568798	5.261127
13572	-523.6131	-548.2833	24.67018	0.6340536	6.598355	0.143151	0.29854	0.70146	4.159084
13578	-534.5354	-558.2195	23.68409	0.5013648	8.594708	0.143151	0.448977	0.551023	4.566309
13584	-531.0923	-554.5012	23.40889	0.4293205	11.17486	0.1256044	0.600758	0.399242	4.566309
13590	-532.1333	-555.9783	23.84498	0.6828986	7.193131	0.1613499	0.161268	0.838732	4.489901
13596	-526.5692	-553.5923	27.0231	1.041341	7.193131	0.1613499	0.231367	0.768633	2.410654
13602	-525.4396	-552.3655	26.92597	0.9898995	3.101388	0.2919109	0.484493	0.515507	2.993971
13608	-526.4211	-551.9177	25.49661	0.9598876	8.181234	0.2103416	0.326006	0.673994	3.179363
13614	-527.001	-551.9853	24.98434	0.8372196	4.213883	0.2186485	0.282621	0.717379	4.089295
13620	-528.1064	-555.5288	27.42241	0.85619	4.213883	0.2186485	0.341123	0.658877	2.642445
13626	-527.0841	-552.9752	25.89112	0.7181986	4.213883	0.2186485	0.27364	0.72636	3.636782
13632	-526.0851	-551.8475	25.76239	1.050282	3.87327	0.1883634	0.177602	0.822398	3.636782
13638	-531.1021	-556.5424	25.44024	1.407285	5.609951	0.2074596	0.590308	0.409692	3.282962
13644	-537.2961	-565.2292	27.93309	1.515606	3.212407	0.161996	0.293598	0.706402	2.242558
13650	-530.0024	-554.5292	24.52683	1.061749	5.425593	0.302052	0.394656	0.605344	3.899536
13656	-527.6194	-551.8129	24.19353	1.061749	4.176166	0.2730768	0.529612	0.470388	4.335823
13662	-527.148	-552.3128	25.16482	0.6947064	3.305965	0.223504	0.529612	0.470388	4.243227
13668	-528.2975	-553.4073	25.10979	0.7516762	3.30103	0.223504	0.457405	0.542595	4.243227
13674	-531.252	-556.5778	25.32578	0.663949	2.9877	0.223504	0.455313	0.544687	4.243227
13680	-535.7854	-560.0381	24.25273	0.9568731	10.1556	0.223504	0.474184	0.525816	3.690839
13686	-537.1281	-562.773	25.64486	1.089479	10.1556	0.2201957	0.113274	0.886726	2.793913
13692	-528.635	-556.5797	27.94467	1.543498	7.456728	0.1440278	0.416173	0.583827	1.44657
13698	-534.8156	-561.4998	26.68424	2.21717	6.278128	1.09813	0.00787754	0.992122	0.7714231
13704	-525.4503	-554.7139	29.26354	1.834941	4.696106	0.07658708	0.470463	0.529537	0.8436135
13710	-523.454	-551.7998	28.34578	2.290641	5.418955	0.1603046	0.380348	0.619652	0.7472598
13716	-531.1985	-558.6731	27.4746	1.969093	4.642632	0.0309054	0.469037	0.530963	2.288805
13722	-527.9648	-556.3222	28.35741	1.764687	4.642632	0.0512584	0.538879	0.461121	1.772772
13728	-525.544	-552.798	27.25399	2.406473	12.39264	0.04434068	0.493484	0.506516	0.9900949
13734	-524.4658	-553.0501	28.58429	1.468568	4.213065	0.1064287	0.493484	0.506516	1.736222
13740	-523.3097	-550.0805	26.77083	1.473482	8.639499	0.1585518	0.336138	0.663862	2.123034
13746	-521.8015	-549.2443	27.44283	1.291286	6.570446	0.1343516	0.505259	0.494741	2.128341
13752	-528.1062	-552.5024	24.39618	1.133256	4.859486	0.7190524	0.304236	0.695764	3.618441
13758	-526.6385	-553.227	26.58852	1.130218	22.13856	0.1182567	0.587465	0.412535	1.509594
13764	-520.3999	-546.5974	26.19749	1.138337	16.67289	0.06860282	0.195335	0.804665	2.257111
13770	-518.5346	-544.7672	26.23253	1.318908	10.59483	0.06860282	0.477432	0.522568	2.591766
13776	-517.5956	-543.869	26.27339	1.221782	22.06757	0.09357879	0.713343	0.286657	1.748961
13782	-521.2997	-548.2089	26.90921	1.6582	5.881536	0.5121673	0.167804	0.832196	1.748961
13788	-522.7937	-550.6925	27.89872	1.70254	8.411249	0.04614227	0.380875	0.619125	1.543522
13794	-526.8691	-553.2688	26.39973	1.303214	5.658958	0.1637428	0.64708	0.35292	2.845883
13800	-525.4523	-551.7534	26.30108	1.069094	4.51825	0.1637428	0.355759	0.644241	3.234419
13806	-532.8808	-558.8019	25.92108	1.222912	5.312162	0.1637428	0.415342	0.584658	3.234419
13812	-536.7282	-565.2836	28.55538	1.799297	3.829675	0.1637428	0.330464	0.669536	1.454818
13818	-536.0898	-562.8331	26.74332	1.94903	5.028287	0.1637428	0.0616213	0.938379	2.336348
13824	-537.1743	-562.8313	25.65698	1.809303	11.12625	0.1735589	0.513614	0.486386	2.336348
13830	-529.1719	-554.7497	25.57786	1.251499	4.27874	0.1876188	0.0271877	0.972812	3.550304
13836	-529.9322	-555.316	25.38372	0.9110219	4.27874	0.5982968	0.0274056	0.972594	3.370269
13842	-525.583	-551.1607	25.57772	1.312703	4.27874	0.2775623	0.114978	0.885022	3.370269
13848	-527.7056	-553.5976	25.892	0.9306354	4.048364	0.2775623	0.2537	0.7463	3.453968
13854	-529.7475	-554.8878	25.1403	1.019016	4.048364	0.2775623	0.19023	0.80977	3.838389
13860	-536.1575	-561.6165	25.45896	1.289591	1.705182	0.2775623	0.714629	0.285371	4.115333
13866	-531.0088	-557.8829	26.87404	1.410355	3.328045	0.8190732	0.274405	0.725595	2.182486
13872	-532.5131	-560.6216	28.10851	1.975578	3.328045	0.64577	0.235485	0.764515	1.00362
13878	-535.9581	-564.9363	28.97825	1.980566	2.231064	0.08173876	0.737369	0.262631	1.746893
13884	-532.4053	-560.5567	28.15139	1.963468	5.624078	0.1685554	0.102582	0.897418	1.207865
13890	-522.9975	-550.6714	27.67388	1.343925	6.380575	0.2547751	0.398855	0.601145	1.715068
13896	-528.6707	-556.8284	28.15769	1.749502	5.503012	0.2547751	0.357419	0.642581	1.197764
13902	-530.7409	-558.3292	27.58834	1.731075	5.503012	0.2547751	0.420969	0.579031	1.652603
13908	-525.198	-552.0351	26.83707	1.497304	8.158948	0.1545048	0.513842	0.486158	2.130536
13914	-525.5594	-552.1468	26.58747	1.814325	5.624741	1.018006	0.2443	0.7557	1.457026
13920	-525.9236	-553.9991	28.07546	1.555366	7.840532	0.05902016	0.316755	0.683245	1.553165
13926	-523.9461	-551.3388	27.39274	2.054991	9.623954	0.02710128	0.507651	0.492349	1.567388
13932	-528.3244	-555.7807	27.45629	2.078938	5.491428	0.2050685	0.261858	0.738142	1.597819
13938	-531.7097	-558.1659	26.45626	1.936718	16.14854	0.2842914	0.421959	0.578041	0.9749676
13944	-531.2399	-559.5062	28.26631	2.124281	7.781521	0.1078738	0.165141	0.834859	0.5374491
13950	-539.3339	-565.8138	26.47985	2.124281	13.92396	0.4106215	0.0997632	0.900237	0.6763204
13956	-528.6772	-557.1216	28.44442	2.101855	4.256882	0.08180495	0.434312	0.565688	1.443818
13962	-526.4844	-552.3094	25.82504	1.834431	8.700359	0.08799096	0.2609	0.7391	2.659983
13968	-523.0103	-550.8802	27.86987	2.084933	8.700359	0.08799096	0.396858	0.603142	1.045316
13974	-525.2963	-552.8935	27.59722	2.019861	7.659596	0.1777981	0.201247	0.798753	1.21942
13980	-523.8003	-551.2592	27.4589	2.385359	7.659596	0.2949397	0.347972	0.652028	0.4837969
13986	-524.6174	-552.4969	27.87951	2.273825	3.991346	0.5227077	0.0819139	0.918086	0.8668504
13992	-527.2473	-553.4394	26.19205	1.851786	10.71964	0.306894	0.449787	0.550213	1.753214
13998	-531.0424	-556.8283	25.7859	1.868685	4.561903	1.686224	0.122983	0.877017	1.819554
14004	-525.9656	-552.7783	26.81274	1.710935	10.49438	0.1530014	0.308715	0.691285	1.741923
14010	-522.3776	-548.1172	25.73956	1.074758	7.145107	0.09885086	0.308715	0.691285	3.318828
14016	-525.2045	-551.1602	25.95575	1.389884	18.22002	0.09885086	0.670624	0.329376	2.062383
14022	-531.0586	-556.2152	25.15669	1.633708	16.61727	0.2458334	0.295713	0.704287	2.209513
14028	-527.4542	-555.5577	28.10349	1.50489	7.631844	0.1285751	0.448937	0.551063	1.370393
14034	-533.013	-561.2292	28.21624	1.861576	7.631844	0.1285751	0.511429	0.488571	0.9552276
14040	-535.8719	-564.0349	28.16303	1.861576	9.424313	0.08920455	0.317875	0.682125	0.8310395
14046	-531.1578	-559.6761	28.5183	2.084254	5.431254	0.1163215	0.34293	0.65707	0.9773256
14052	-529.8751	-557.6804	27.80529	1.357785	5.625848	0.2188762	0.595927	0.404073	1.80865
14058	-533.7198	-562.1035	28.38368	1.47911	6.412534	0.09104171	0.51886	0.48114	1.491556
14064	-525.8585	-553.4143	27.55578	1.326542	6.412534	0.09104171	0.552453	0.447547	2.169018
14070	-524.609	-551.662	27.05306	1.175204	9.530959	0.09104171	0.453379	0.546621	2.204045
14076	-540.6829	-564.0492	23.36628	1.800866	3.031128	0.3276635	0.0816134	0.918387	4.551621
14082	-532.5224	-558.4969	25.97451	0.9955836	3.031128	0.3276635	0.266355	0.733645	3.521905
14088	-536.5061	-563.3869	26.88079	1.473992	1.931918	0.3276635	0.15542	0.84458	3.029172
14094	-531.6971	-559.5256	27.82847	1.090417	3.703604	0.3981385	0.480284	0.519716	2.081464
14100	-541.3958	-567.264	25.86818	2.956851	2.128723	4.01136	0.316209	0.683791	0.7307144
14106	-531.8711	-559.0474	27.17625	2.816329	2.128723	1.653798	0.41047	0.58953	0.4322754
14112	-530.8911	-558.1453	27.25415	2.621285	2.3468	1.653798	0.225425	0.774575	0.4322754
14118	-526.5796	-553.5937	27.01411	2.795403	2.238853	1.653798	0.225425	0.774575	0.2845012
14124	-530.8163	-558.7715	27.95515	2.636138	2.238853	0.8648524	0.500928	0.499072	0.3901641
14130	-528.9525	-555.8393	26.88677	2.864713	4.683162	0.7836727	0.324906	0.675094	0.4425299
14136	-535.4003	-563.5435	28.14318	2.475098	2.793943	0.6286423	0.0489235	0.951077	0.6172179
14142	-532.3897	-559.1086	26.71889	1.824934	4.58908	0.2750236	0.278197	0.721803	2.309709
14148	-522.4839	-549.7248	27.24097	1.456596	6.771354	0.3274219	0.114866	0.885134	1.75709
14154	-529.2724	-555.9346	26.66223	2.156074	9.205903	0.7095872	0.215514	0.784486	0.6518618
14160	-529.6362	-554.4249	24.78871	2.321749	25.8066	0.7095872	0.595653	0.404347	0.4303558
14166	-524.9311	-552.5657	27.63457	2.321749	10.64781	0.09094983	0.495308	0.504692	0.4019002
14172	-525.4896	-553.5612	28.07167	1.957975	7.650311	0.2192401	0.272081	0.727919	0.5816778
14178	-532.2813	-557.0373	24.75605	2.6197	41.92106	0.06433033	0.666417	0.333583	1.00407
14184	-532.5618	-558.0263	25.4645	2.210274	18.18262	0.01585098	0.183132	0.816868	2.08022
14190	-534.5175	-559.4966	24.97906	1.840104	8.161133	0.01552534	0.193631	0.806369	3.404862
14196	-535.8677	-560.2685	24.40081	1.698034	8.161133	0.01552534	0.548861	0.451139	3.822925
14202	-535.948	-560.5197	24.57174	1.935243	10.80367	0.5484924	0.208444	0.791556	2.458879
14208	-539.4162	-565.9056	26.48939	1.886772	14.66238	0.07193272	0.65863	0.34137	1.69385
14214	-529.1514	-555.4573	26.3059	1.380639	3.286678	0.3054355	0.236877	0.763123	3.067537
14220	-537.3791	-565.3268	27.94774	1.186431	2.618108	0.4411244	0.0624226	0.937577	2.179362
14226	-529.0167	-557.1793	28.16259	1.504196	2.618108	0.4411244	0.348949	0.651051	1.824074
14232	-534.1138	-562.1195	28.00568	1.179618	2.858553	0.3351953	0.248138	0.751862	2.21038
14238	-529.8113	-554.0528	24.24144	1.445987	2.858553	0.3621433	0.135358	0.864642	4.258748
14244	-530.8667	-559.3869	28.52026	1.463288	2.079925	0.3621433	0.382689	0.617311	1.902103
14250	-531.7408	-556.9773	25.23646	1.433728	5.386109	0.3263918	0.309374	0.690626	3.24444
14256	-532.8542	-558.4593	25.60507	0.7764044	1.840872	0.2330191	0.408274	0.591726	4.339113
14262	-524.8007	-550.038	25.23732	0.9936639	4.609872	0.2330191	0.112452	0.887548	3.761224
14268	-526.1536	-551.7925	25.63895	1.067613	4.609872	0.2330191	0.285481	0.714519	3.485352
14274	-534.6216	-556.1274	21.50578	1.127859	4.609872	0.2330191	0.120229	0.879771	5.774231
14280	-534.4383	-556.4894	22.05112	0.9776137	2.167112	0.2984055	0.459078	0.540922	5.999326
14286	-527.0889	-552.7623	25.67335	0.8330577	2.167112	0.2984055	0.336622	0.663378	4.065994
14292	-526.0825	-550.9868	24.90431	0.5936122	2.892841	0.2984055	0.294957	0.705043	4.436257
14298	-528.4282	-552.5493	24.12112	0.9159281	3.486655	0.2984055	0.398448	0.601552	4.56014
14304	-525.6086	-550.1539	24.54527	1.075706	8.526922	0.2638801	0.334567	0.665433	3.547886
14310	-523.1882	-548.5022	25.31395	1.248614	8.526922	0.2638801	0.0245753	0.975425	2.991863
14316	-524.53	-547.6403	23.11033	1.230181	3.76081	0.1195552	0.164687	0.835313	5.189847
14322	-520.4282	-546.9117	26.48356	1.142643	3.645935	0.1195552	0.3022	0.6978	3.348496
14328	-530.1643	-556.8755	26.71117	1.359397	3.645935	0.5538525	0.676167	0.323833	2.467165
14334	-524.7948	-550.622	25.82723	1.136266	5.637802	0.5538525	0.179812	0.820188	2.780118
14340	-532.0569	-556.162	24.10512	1.583769	6.508788	0.08312791	0.447291	0.552709	4.08961
14346	-526.381	-550.4012	24.02017	0.8785012	6.508788	0.2269466	0.183859	0.816141	4.251147
14352	-537.5575	-562.0489	24.49141	1.714004	5.782079	1.466716	0.513936	0.486064	2.641071
14358	-535.0072	-560.6937	25.68652	2.122553	2.80922	1.860821	0.187944	0.812056	2.070257
14364	-530.4046	-557.0657	26.66103	2.317712	3.875584	0.595981	0.187944	0.812056	1.77669
14370	-536.3066	-564.3025	27.99593	1.576718	4.881595	0.4204456	0.118332	0.881668	1.316215
14376	-526.8871	-555.1303	28.24321	1.937239	4.881595	0.1847329	0.573529	0.426471	1.277083
14382	-525.2235	-548.9127	23.68927	1.020109	9.834234	0.08499513	0.422258	0.577742	4.284806
14388	-534.6458	-556.1758	21.53	1.024708	10.80186	0.1212522	0.0642253	0.935775	5.32
14394	-528.2898	-554.1324	25.84254	1.832986	4.448141	0.4970998	0.413922	0.586078	2.602699
14400	-525.8558	-551.5909	25.73512	0.7894167	9.984723	0.08866369	0.524902	0.475098	3.213149
14406	-525.882	-552.2935	26.4115	1.075676	9.984723	0.08866369	0.468667	0.531333	2.632098
14412	-526.6258	-551.5214	24.89566	1.138566	30.15176	0.08887626	0.745812	0.254188	2.355838
14418	-527.9685	-553.8014	25.83284	1.195558	12.61687	0.174617	0.487165	0.512835	2.482124
14424	-524.5537	-553.1582	28.60454	1.607574	4.887506	0.2128064	0.597719	0.402281	1.177836
14430	-526.811	-553.5052	26.69412	1.601367	7.667284	0.5853729	0.294057	0.705943	1.582478
14436	-524.5894	-551.4873	26.89795	1.51849	13.43148	0.0416136	0.556154	0.443846	1.87114
14442	-531.5784	-557.8708	26.29247	1.333207	18.14955	0.0416136	0.53518	0.46482	2.060878
14448	-532.9156	-555.8929	22.97724	1.056969	18.14955	0.0416136	0.606313	0.393687	4.214286
14454	-530.3379	-553.9214	23.58352	0.4962614	35.4204	0.0416136	0.809323	0.190677	3.493125
14460	-531.5152	-557.427	25.91176	1.133786	16.95645	0.1364116	0.664334	0.335666	2.241383
14466	-532.6728	-559.0015	26.32877	1.142644	16.95645	0.1284554	0.349827	0.650173	1.981747
14472	-532.2136	-558.3431	26.12948	1.036552	16.95645	0.2225554	0.57817	0.42183	1.981747
14478	-528.7617	-554.2009	25.43924	1.01293	16.95645	0.04509124	0.665669	0.334331	2.861438
14484	-529.1056	-553.8045	24.69884	1.097039	36.36166	0.04509124	0.797345	0.202655	2.417572
14490	-525.6498	-551.1513	25.50153	1.018739	15.36114	0.04226215	0.829848	0.170152	2.930022
14496	-525.6644	-553.0536	27.38923	0.9641996	5.2066	0.1617726	0.594219	0.405781	2.523008
14502	-524.2753	-551.3219	27.04659	0.7035087	2.663084	0.2290777	0.297	0.703	3.302379
14508	-527.6217	-552.6056	24.98388	0.6025899	2.441164	0.2290777	0.297	0.703	4.604022
14514	-523.0256	-550.7438	27.71817	1.038378	2.612931	0.2290777	0.556769	0.443231	2.712601
14520	-526.7437	-554.6303	27.88662	0.8699312	2.612931	0.2290777	0.265495	0.734505	2.712601
14526	-527.5895	-554.6162	27.02674	1.398	4.138854	0.480173	0.225237	0.774763	2.209599
14532	-530.1087	-557.9912	27.88253	1.256941	4.416046	0.4420198	0.0682519	0.931748	1.71461
14538	-530.659	-557.9857	27.32671	1.253889	4.416046	0.2184163	0.338533	0.661467	2.414717
14544	-532.5262	-557.7982	25.272	1.271113	4.611908	0.2184163	0.227769	0.772231	3.603792
14550	-531.1552	-558.9939	27.83869	2.186558	2.302076	0.3769072	0.360395	0.639605	1.769414
14556	-531.128	-558.5648	27.43675	1.931751	3.303424	0.6941493	0.358822	0.641178	1.551565
14562	-522.6601	-550.4605	27.80042	2.59918	3.775247	0.2935249	0.17727	0.82273	1.13798
14568	-527.9015	-556.4684	28.56692	1.876121	3.775247	0.2935249	0.154936	0.845064	1.0987
14574	-527.6749	-553.2307	25.55577	1.673829	3.775247	1.704504	0.311005	0.688995	2.263392
14580	-528.1552	-556.7155	28.56031	1.707087	3.775247	0.2741792	0.350167	0.649833	1.290212
14586	-529.9369	-555.0548	25.11789	1.594695	17.19279	0.1829259	0.00313517	0.996865	2.338141
14592	-530.8772	-558.3161	27.43893	1.580184	8.912331	0.1772762	0.819341	0.180659	1.510575
14598	-528.2922	-556.7782	28.48601	1.754769	4.919956	0.1024951	0.289911	0.710089	1.455245
14604	-532.8492	-559.8453	26.99609	2.275855	6.005532	0.4943856	0.143298	0.856702	1.213489
14610	-527.8488	-554.1193	26.27056	1.418255	4.363117	0.4422936	0.0136207	0.986379	2.669259
14616	-532.5866	-558.9767	26.39017	1.292243	4.363117	0.4422936	0.0662746	0.933725	2.673197
14622	-529.8523	-556.3096	26.4573	0.8474737	4.363117	0.3128322	0.526481	0.473519	3.059915
14628	-531.7992	-555.328	23.52879	1.208538	2.485079	0.3420411	0.378226	0.621774	4.913576
14634	-538.031	-560.118	22.08703	1.223598	2.132894	0.3161719	0.193002	0.806998	5.833459
14640	-539.7419	-562.0477	22.30572	0.5552741	2.024911	0.3161719	0.263906	0.736094	6.112358
14646	-545.0173	-570.0141	24.99682	0.7637158	3.055149	0.2613288	0.34583	0.65417	4.299774
14652	-541.3526	-566.5234	25.17084	0.9977256	4.11596	0.2613288	0.352011	0.647989	3.843492
14658	-542.0655	-562.9016	20.83605	1.043012	4.11596	0.2613288	0.368409	0.631591	6.229715
14664	-547.7561	-574.4165	26.66041	1.760118	2.487188	1.150996	0.208952	0.791048	2.11363
14670	-546.2231	-572.2757	26.0526	1.423935	0.8946498	0.148866	0.59655	0.40345	4.300271
14676	-549.609	-576.9569	27.34793	1.872996	1.468717	1.074257	0.823001	0.176999	2.036225
14682	-543.1947	-569.7711	26.57636	1.731962	8.346702	0.3653124	0.483815	0.516185	1.753003
14688	-538.9347	-566.4741	27.53944	1.68633	7.00745	0.3317745	0.636476	0.363524	1.319672
14694	-532.1521	-559.8587	27.70659	1.444175	4.39324	0.377668	0.0742733	0.925727	1.797059
14700	-536.8225	-562.2547	25.43227	1.760052	8.014293	0.6557278	0.233327	0.766673	2.21979
14706	-534.8769	-561.1799	26.30301	0.9537886	8.014293	0.1194416	0.0886229	0.911377	2.901914
14712	-529.6252	-555.5937	25.96847	0.9947322	5.997698	0.4398595	0.230499	0.769501	2.841511
14718	-527.4014	-555.4246	28.02319	1.409414	5.920213	0.2129998	0.233852	0.766148	1.577111
14724	-526.0297	-553.9858	27.95612	1.487461	3.795675	0.1456783	0.553586	0.446414	2.140569
14730	-530.2783	-556.741	26.46266	1.217944	8.997224	0.1456783	0.269659	0.730341	2.472065
14736	-530.2419	-553.6682	23.42633	0.773983	8.997224	0.1456783	0.484666	0.515334	4.513184
14742	-524.1722	-550.731	26.55879	1.117108	9.84786	0.09229022	0.499476	0.500524	2.518539
14748	-521.8864	-549.7337	27.84723	1.345469	4.540008	0.3793298	0.619455	0.380545	1.733986
14754	-523.105	-550.0372	26.93223	1.649021	11.66443	0.113145	0.347625	0.652375	1.686838
14760	-520.2713	-549.2165	28.94521	1.774872	4.353946	0.1387689	0.420306	0.579694	1.080075
14766	-525.1875	-553.8724	28.68491	1.8069	4.353946	0.2089944	0.12314	0.87686	1.080075
14772	-524.9778	-552.4939	27.5161	1.535916	4.606107	0.1518057	0.196932	0.803068	2.2102
14778	-525.6264	-553.5839	27.95757	1.440534	3.402085	0.169903	0.603465	0.396535	2.2102
14784	-528.5312	-555.8165	27.28531	1.42358	3.402085	0.4993278	0.115879	0.884121	2.173683
14790	-519.6603	-547.3273	27.66694	1.254221	4.290849	0.231102	0.554667	0.445333	2.199808
14796	-525.1906	-551.832	26.64141	1.880976	11.83267	0.231102	0.501983	0.498017	1.426414
14802	-534.1895	-561.5681	27.37851	0.8318636	8.649495	0.1885303	0.518619	0.481381	2.080365
14808	-532.1141	-558.5157	26.40157	1.397797	8.649495	0.3512149	0.161523	0.838477	2.080365
14814	-524.8656	-552.6938	27.82816	1.58214	6.502011	0.3057322	0.514961	0.485039	1.307108
14820	-524.3931	-550.7615	26.36839	1.061129	4.09867	0.2999129	0.195334	0.804666	3.053945
14826	-526.9917	-552.5881	25.59634	1.423623	10.24791	0.2999129	0.236883	0.763117	2.482943
14832	-529.2658	-555.1221	25.85628	1.693163	5.243412	0.5082336	0.277529	0.722471	2.527238
14838	-528.895	-557.296	28.40094	1.679055	5.258731	0.06314991	0.37485	0.62515	1.637342
14844	-539.9139	-562.7228	22.80883	3.122842	2.147816	16.74125	0.486406	0.513594	1.41108
14850	-530.403	-555.1528	24.74973	1.292696	5.258731	0.5930485	0.0658689	0.934131	3.354704
14856	-523.7306	-549.2028	25.47214	1.180223	5.258731	0.2013745	0.573658	0.426342	3.462087
14862	-524.7042	-551.3144	26.61012	1.048185	4.295395	0.2013745	0.128061	0.871939	3.033665
14868	-529.5444	-554.8854	25.34099	1.290853	10.75727	0.07662625	0.520089	0.479911	3.111873
14874	-526.4963	-551.4072	24.91099	1.194971	13.75147	0.0634433	0.398184	0.601816	3.224698
14880	-518.5646	-544.3565	25.79188	1.249289	4.941043	0.07050994	0.476781	0.523219	3.57294
14886	-521.4691	-546.7117	25.2426	0.662355	4.941043	0.2395961	0.40516	0.59484	3.883041
14892	-519.7614	-545.2787	25.51737	0.9928981	6.252117	0.2395961	0.361726	0.638274	3.336387
14898	-522.0345	-547.1321	25.09765	0.9307149	9.445882	0.193159	0.355178	0.644822	3.331416
14904	-526.9699	-550.8185	23.84864	1.185522	12.55832	0.193159	0.116012	0.883988	3.64625
14910	-523.3224	-550.0335	26.71113	1.694389	4.287738	0.193159	0.234774	0.765226	2.595689
14916	-522.6954	-547.0744	24.37902	1.256497	11.5562	0.193159	0.33604	0.66396	3.374262
14922	-522.3724	-547.4854	25.11298	1.494953	7.492768	0.1086442	0.419799	0.580201	3.374262
14928	-523.7642	-550.4129	26.64872	1.424497	8.049363	0.1154118	0.215274	0.784726	2.404298
14934	-523.938	-550.5223	26.58425	1.731977	8.049363	0.3039137	0.250371	0.749629	1.87785
14940	-524.423	-552.2482	27.82513	1.409441	5.94261	0.3039137	0.230719	0.769281	1.546771
14946	-527.1667	-553.6137	26.44697	1.601136	6.472266	0.08344064	0.09349	0.90651	2.707143
14952	-522.0269	-548.8734	26.84652	1.351677	6.472266	0.1449492	0.214432	0.785568	2.460618
14958	-527.2315	-552.3954	25.16383	0.8363217	6.472266	0.1449492	0.0224514	0.977549	3.773424
14964	-524.4046	-546.3683	21.9637	0.5016656	9.536817	0.1449492	0.050042	0.949958	5.429009
14970	-525.08	-549.6814	24.60146	1.115533	9.053013	0.2687913	0.0932245	0.906776	3.430714
14976	-523.2751	-550.057	26.78191	1.554883	12.46022	0.2687913	0.0932245	0.906776	1.428768
14982	-527.4123	-552.6927	25.28044	1.446271	8.094056	0.06685772	0.0914246	0.908575	3.345508
14988	-520.3631	-545.992	25.62892	0.9162186	5.543233	0.2883249	0.104349	0.895651	3.345508
14994	-524.6462	-550.8989	26.25266	0.6014406	4.445908	0.2883249	0.209427	0.790573	3.345508
15000	-523.2412	-549.0488	25.80758	0.8225426	4.445908	0.2332859	0.453369	0.546631	3.558542
15006	-523.9364	-549.8254	25.88897	0.9288563	4.130139	0.2332859	0.178677	0.821323	3.507738
15012	-524.9916	-551.5049	26.51326	0.7639848	6.471113	0.2332859	0.387897	0.612103	2.859059
15018	-530.927	-557.2056	26.27855	0.9069343	6.471113	0.295133	0.0330682	0.966932	2.819763
15024	-530.0589	-553.4935	23.43464	1.09507	6.471113	0.1773718	0.116793	0.883207	4.547306
15030	-532.9583	-557.3597	24.40139	1.633134	3.408037	0.1773718	0.32754	0.67246	4.199722
15036	-533.5423	-562.1139	28.5716	1.437125	3.832139	0.1870794	0.490897	0.509103	1.653901
15042	-535.4977	-561.3836	25.88588	1.266628	10.00978	0.1495948	0.082856	0.917144	2.687685
15048	-533.8549	-558.9948	25.13988	0.9147297	5.525333	0.3405984	0.182782	0.817218	3.56583
15054	-544.7093	-568.0407	23.33141	2.567184	4.785444	7.159952	0.108376	0.891624	1.674846
15060	-535.526	-558.8634	23.33736	1.525887	5.154471	0.1900766	0.140183	0.859817	4.521353
15066	-539.5025	-566.387	26.88458	1.107988	4.57863	0.7891647	0.274742	0.725258	2.116921
15072	-532.6911	-559.4585	26.7674	1.392066	2.285349	1.246665	0.23366	0.76634	2.295136
15078	-529.8553	-558.2177	28.36239	1.889204	5.166382	0.2657137	0.407414	0.592586	0.9297219
15084	-530.4429	-556.9569	26.51403	1.52105	2.933253	0.3283349	0.288409	0.711591	2.915001
15090	-532.3285	-559.5428	27.21424	2.197373	2.933253	0.4199106	0.583708	0.416292	1.927329
15096	-529.0186	-554.1674	25.14882	1.315177	6.268743	0.4199106	0.115877	0.884123	3.124819
15102	-528.1181	-555.3658	27.24768	2.119332	4.126535	1.050109	0.270255	0.729745	0.9722324
15108	-531.5104	-558.2326	26.72217	2.166666	7.065294	0.8930967	0.539113	0.460887	0.830822
15114	-531.9064	-558.5376	26.63116	2.193364	6.312776	0.6848449	0.16584	0.83416	1.290985
15120	-526.8222	-553.5234	26.7012	1.85189	7.214402	0.6848449	0.0405629	0.959437	1.350698
15126	-528.581	-554.7419	26.16084	2.5977	3.14728	2.710165	0.196347	0.803653	0.8551038
15132	-533.6723	-557.6577	23.98541	2.315837	3.14728	5.296276	0.0871392	0.912861	2.082171
15138	-525.2515	-549.1781	23.92663	2.374616	3.14728	5.296276	0.201325	0.798675	2.082171
15144	-532.9569	-555.5836	22.6267	2.405387	8.614628	5.296276	0.492833	0.507167	1.980613
15150	-531.1158	-555.3738	24.258	2.405387	2.669544	5.296276	0.189066	0.810934	1.980218
15156	-532.3293	-556.6692	24.33991	1.629699	4.565181	1.096465	0.215146	0.784854	3.171014
15162	-534.5417	-561.8525	27.31079	1.802384	2.044451	1.096465	0.0407863	0.959214	1.841226
15168	-526.464	-554.9339	28.46991	2.450546	2.044451	0.7042379	0.0487326	0.951267	0.4971907
15174	-525.6918	-552.1656	26.4738	2.13561	4.517704	0.5509006	0.299216	0.700784	1.933385
15180	-532.5444	-560.6727	28.12827	1.480043	4.517704	0.453312	0.143797	0.856203	1.325939
15186	-523.2375	-549.5965	26.35906	1.530236	6.846784	0.1925775	0.204467	0.795533	2.5038
15192	-520.043	-546.4356	26.39261	1.398172	6.162284	0.05812343	0.734254	0.265746	2.980035
15198	-523.2051	-550.7844	27.57932	2.482375	5.709934	0.1774181	0.283055	0.716945	1.210149
15204	-522.4477	-549.4123	26.96463	1.984488	5.709934	0.06881517	0.525069	0.474931	2.300361
15210	-520.7302	-548.2277	27.49746	1.729343	2.666384	0.2647753	0.379621	0.620379	2.345044
15216	-522.4527	-550.7589	28.30624	1.984589	2.666384	0.4197839	0.587174	0.412826	1.381207
15222	-523.9987	-552.052	28.0533	2.191508	4.850488	0.4197839	0.225712	0.774288	0.4653299
15228	-520.2051	-547.9517	27.74667	2.191508	6.017969	0.4197839	0.629414	0.370586	0.4653299
15234	-527.5348	-554.859	27.32415	2.01184	5.51732	0.4197839	0.163935	0.836065	1.368077
15240	-530.52	-557.9105	27.39053	1.716679	4.99828	0.5651463	0.291452	0.708548	1.464449
15246	-530.858	-558.2726	27.41457	2.182	2.742165	0.7952596	0.0590885	0.940911	1.464449
15252	-536.0182	-562.6506	26.63237	1.967498	4.196159	0.7989204	0.0151445	0.984855	1.780746
15258	-540.8158	-563.0379	22.2221	3.15204	9.777697	5.443041	0.245807	0.754193	1.5782
15264	-525.4696	-553.6299	28.16029	1.752141	3.894395	0.1685939	0.387358	0.612642	1.748672
15270	-518.1957	-544.4443	26.24859	1.309063	6.838785	0.1685939	0.39573	0.60427	2.756586
15276	-519.864	-546.1876	26.32361	1.171206	5.4316	0.382729	0.265504	0.734496	2.669752
15282	-520.3479	-547.2071	26.85927	1.197944	4.195562	0.2660095	0.440817	0.559183	2.704534
15288	-526.3032	-552.2138	25.9106	1.322846	3.667762	0.2660095	0.521375	0.478625	3.307198
15294	-527.0949	-552.0538	24.95891	0.9887153	11.94424	0.1201552	0.537659	0.462341	3.307198
15300	-526.8099	-551.4545	24.64457	1.318622	13.30944	0.07531955	0.494904	0.505096	3.307198
15306	-528.279	-553.7226	25.44364	1.207708	9.434048	0.04755813	0.431999	0.568001	3.307198
15312	-537.9934	-563.2869	25.2935	1.298371	4.975332	0.7371525	0.354931	0.645069	2.958657
15318	-535.6611	-561.912	26.25084	1.078737	4.975332	0.3215998	0.384766	0.615234	2.924038
15324	-537.1595	-563.7459	26.5864	1.148415	4.975332	0.3215998	0.359455	0.640545	2.677353
15330	-532.6916	-559.6785	26.98685	1.422167	6.426133	0.1809106	0.13119	0.86881	2.256856
15336	-528.2567	-554.736	26.47925	1.05686	3.80123	0.2073541	0.177435	0.822565	3.194159
15342	-527.6406	-551.7485	24.10794	0.9531221	8.941727	0.281568	0.159644	0.840356	3.804204
15348	-527.2339	-554.7497	27.51581	1.521666	3.502542	0.1965542	0.308274	0.691726	2.362981
15354	-533.1713	-559.8318	26.66048	0.9720592	7.634323	0.3144446	0.452697	0.547303	2.362568
15360	-530.5278	-557.9539	27.42605	2.166363	6.85705	0.3144446	0.0299211	0.970079	1.06404
15366	-530.7382	-558.1423	27.40405	1.716456	5.096408	0.4981157	0.629823	0.370177	1.513857
15372	-522.4473	-551.3165	28.86923	1.645804	3.487048	0.1444843	0.350443	0.649557	1.47781
15378	-531.9034	-558.9963	27.09287	1.427569	2.483395	0.6316777	0.0934283	0.906572	2.420426
15384	-533.7311	-560.362	26.63082	2.647962	2.578881	1.925615	0.191534	0.808466	1.010117
15390	-536.2741	-563.6165	27.3424	1.789206	2.605472	0.7065455	0.553991	0.446009	1.918761
15396	-532.5657	-560.2754	27.70967	2.052899	2.605472	0.76014	0.546853	0.453147	1.418533
15402	-528.6021	-554.8086	26.20652	2.284956	2.021173	3.152314	0.109694	0.890306	1.418533
15408	-532.4368	-558.2639	25.82704	2.685411	2.021173	3.152314	0.305933	0.694067	1.402283
15414	-530.7853	-557.6778	26.89247	1.317346	5.665085	0.1940471	0.484319	0.515681	2.473193
15420	-522.1412	-548.9524	26.81114	1.312427	4.958545	0.2155508	0.378607	0.621393	2.604945
15426	-530.0472	-556.8073	26.76006	1.494815	4.958545	0.4638866	0.532956	0.467044	2.176539
15432	-527.6595	-554.0496	26.39008	1.363334	5.890406	0.3219567	0.603909	0.396091	2.516645
15438	-529.6534	-555.2072	25.55374	1.636203	5.890406	0.4714082	0.190181	0.809819	2.685045
15444	-533.431	-561.0753	27.64437	1.678444	5.890406	0.2402536	0.6618	0.3382	1.607293
15450	-535.9519	-563.4502	27.49828	2.128214	3.412752	0.9287761	0.371967	0.628033	1.084836
15456	-537.9392	-566.8807	28.94154	2.522655	1.57377	0.3338902	0.141239	0.858761	1.058898
15462	-528.4627	-555.4235	26.96082	2.378355	2.508125	1.556676	0.177024	0.822976	1.207089
15468	-525.0956	-553.0197	27.92404	1.81269	2.508125	0.6008341	0.311983	0.688017	1.630735
15474	-525.5573	-554.0398	28.48247	1.865407	2.508125	0.6008341	0.384278	0.615722	1.150937
15480	-527.7521	-555.9624	28.21027	1.661047	3.748919	0.391334	0.572717	0.427283	1.408525
15486	-527.4891	-555.8679	28.37872	1.79723	3.748919	0.2551057	0.38471	0.61529	1.408525
15492	-527.5277	-555.9597	28.43199	1.589397	6.123239	0.2560797	0.70574	0.29426	0.9420141
15498	-531.2531	-559.5213	28.26821	2.015012	4.223828	0.03661959	0.70574	0.29426	1.801217
15504	-531.0797	-558.3108	27.23111	1.202982	4.223828	0.2067029	0.576516	0.423484	2.565542
15510	-531.6173	-557.9903	26.37294	1.034605	8.201277	0.123511	0.524332	0.475668	2.779502
15516	-529.1457	-554.5796	25.43391	0.5550611	6.990278	0.123511	0.325643	0.674357	3.760207
15522	-533.0151	-558.0077	24.99261	0.9930867	6.990278	0.1243601	0.381893	0.618107	3.760207
15528	-527.5099	-555.5228	28.01286	1.391675	2.925912	0.1243601	0.49904	0.50096	2.432815
15534	-531.7026	-559.7505	28.04786	1.507571	2.308146	0.5244544	0.776406	0.223594	1.908988
15540	-531.9499	-559.6703	27.72041	1.968564	2.018917	0.5244544	0.57498	0.42502	1.926636
15546	-534.0516	-561.3806	27.329	2.439458	2.018917	0.5650848	0.713207	0.286793	1.829354
15552	-543.1448	-570.1082	26.96347	1.814617	1.07368	1.358502	0.419245	0.580755	2.377835
15558	-540.3236	-568.0318	27.70814	2.82502	1.07368	0.07445516	0.568214	0.431786	2.576559
15564	-542.7006	-568.7865	26.0859	3.332982	2.274096	0.1186182	0.718883	0.281117	2.632036
15570	-527.8602	-553.3206	25.46044	1.374591	7.741183	0.4180557	0.517923	0.482077	2.713852
15576	-522.3402	-549.2034	26.86321	1.556624	12.71139	0.1002987	0.517923	0.482077	1.739649
15582	-522.3923	-549.8299	27.43757	1.572209	7.034385	0.1937472	0.499795	0.500205	1.739649
15588	-524.1932	-552.8871	28.69388	1.85435	4.134652	0.07821773	0.655609	0.344391	1.484924
15594	-526.1272	-555.0869	28.95964	2.03537	4.134652	0.07821773	0.39375	0.60625	1.120936
15600	-531.3313	-559.6661	28.33477	1.861161	5.801068	0.2138874	0.562332	0.437668	0.961293
15606	-527.6064	-555.3823	27.7759	1.560566	5.801068	0.1525221	0.132659	0.867341	1.801922
15612	-530.3113	-557.4095	27.09826	1.837132	5.801068	0.3592347	0.160796	0.839204	1.700728
15618	-526.6177	-552.3558	25.73811	1.181716	7.74125	0.3592347	0.160796	0.839204	2.73277
15624	-533.9279	-556.6822	22.75431	1.670761	2.778447	2.543879	0.0535428	0.946457	3.898979
15630	-530.482	-555.6145	25.13253	1.831008	2.778447	2.504559	0.0865918	0.913408	2.395852
15636	-529.255	-553.1055	23.85052	2.296085	5.927972	0.4145985	0.141882	0.858118	3.366283
15642	-526.4318	-553.1725	26.74071	2.040378	5.927972	0.218455	0.574406	0.425594	2.017178
15648	-528.6009	-555.5991	26.99818	1.776362	10.00569	0.218455	0.270739	0.729261	1.465324
15654	-530.2882	-557.6573	27.36908	2.100353	3.306831	0.3714588	0.138275	0.861725	1.847326
15660	-527.1631	-554.9724	27.80934	1.726002	3.306831	0.2847236	0.253424	0.746576	1.932538
15666	-523.9216	-550.5382	26.61658	1.540271	6.535332	0.1362982	0.134028	0.865972	2.497231
15672	-529.6449	-555.1252	25.48032	2.206026	14.67352	0.02445568	0.815557	0.184443	2.303593
15678	-529.554	-553.8142	24.26016	0.9488751	3.007668	0.2888006	0.441427	0.558573	4.583664
15684	-520.3002	-545.3841	25.08382	1.065693	3.098891	0.2601212	0.328698	0.671302	4.070295
15690	-526.5004	-552.6924	26.192	1.002361	3.98691	0.2637668	0.413619	0.586381	3.267881
15696	-524.9788	-550.8069	25.82819	2.11173	3.98691	0.9934534	0.227745	0.772255	2.128735
15702	-525.8914	-552.8615	26.97004	1.451471	3.096798	0.965304	0.113583	0.886417	2.049208
15708	-526.8055	-553.3606	26.55504	1.261674	7.851667	0.2117318	0.525158	0.474842	2.384694
15714	-522.1528	-547.9769	25.82413	1.348122	5.961917	0.5850007	0.317654	0.682346	2.573364
15720	-528.0039	-554.9263	26.92242	2.571132	6.695228	0.2731541	0.155539	0.844461	1.267335
15726	-536.2824	-561.2161	24.93372	2.150179	27.84572	0.6303854	0.189821	0.810179	0.5524067
15732	-530.2428	-556.6079	26.36506	1.095983	7.597544	0.2101731	0.667203	0.332797	2.640614
15738	-528.039	-555.2121	27.17304	1.105039	7.597544	0.104923	0.64165	0.35835	2.357032
15744	-527.2285	-555.5941	28.36561	1.775389	4.928083	0.08878979	0.64165	0.35835	1.572261
15750	-522.4068	-550.2725	27.86569	1.463962	4.928083	0.2691063	0.547104	0.452896	1.730145
15756	-522.1147	-547.9024	25.78774	1.01602	4.928083	0.1896318	0.547104	0.452896	3.447774
15762	-525.8394	-551.1452	25.30579	1.281593	2.795363	0.4761047	0.519312	0.480688	3.637236
15768	-527.2974	-555.4502	28.15283	1.505444	2.795363	0.5351084	0.273874	0.726126	1.661652
15774	-526.4094	-553.1304	26.72106	1.168135	2.224282	0.6443123	0.370531	0.629469	2.881271
15780	-526.2342	-552.4571	26.22293	0.8646222	5.994635	0.2106916	0.564049	0.435951	3.078333
15786	-526.4456	-552.1987	25.75303	1.210631	7.827324	0.1308104	0.634181	0.365819	3.073244
15792	-527.721	-552.4856	24.76455	1.10635	7.827324	0.1024927	0.638228	0.361772	3.779257
15798	-524.983	-548.8419	23.85881	1.033104	9.697761	0.1024927	0.452957	0.547043	4.150479
15804	-527.8852	-554.7864	26.90118	1.683671	2.965687	0.1472657	0.681116	0.318884	2.875384
15810	-521.2746	-549.0597	27.78515	1.356886	7.845168	0.1514088	0.16407	0.83593	1.627087
15816	-525.6047	-552.7622	27.15751	1.445014	7.522734	0.4278586	0.429233	0.570767	1.568456
15822	-529.4247	-557.4588	28.03418	1.107044	3.733774	0.1607007	0.429233	0.570767	2.316044
15828	-527.8895	-555.4778	27.58827	1.322198	3.646804	0.2491075	0.277075	0.722925	2.316044
15834	-529.3708	-557.5468	28.17607	1.386179	3.646804	0.1828024	0.216916	0.783084	2.015695
15840	-528.3877	-556.2894	27.90173	1.421306	3.079822	0.2213712	0.765783	0.234217	2.240964
15846	-525.4297	-552.3379	26.90819	1.213042	3.079822	0.1998346	0.339445	0.660555	3.022721
15852	-524.745	-551.4457	26.70068	1.512717	12.2189	0.3076739	0.292624	0.707376	1.476216
15858	-524.536	-551.2115	26.67549	1.040555	3.819407	0.510357	0.289151	0.710849	2.691482
15864	-522.2559	-548.9082	26.6523	1.097936	3.819407	0.3227263	0.279021	0.720979	2.886929
15870	-525.4161	-553.029	27.61285	1.594493	12.03669	0.2038719	0.105386	0.894614	0.8499843
15876	-522.9073	-551.0699	28.16268	1.729772	3.546811	0.6027798	0.0415629	0.958437	1.161002
15882	-526.2754	-553.5472	27.27182	1.796041	6.439103	0.6603364	0.310485	0.689515	1.083747
15888	-526.1115	-552.4621	26.35066	2.10685	11.64706	0.5105287	0.345681	0.654319	1.007216
15894	-525.4621	-550.7918	25.32967	0.7272087	7.904531	0.1401624	0.265926	0.734074	3.577958
15900	-523.6006	-548.7578	25.15713	0.9910037	7.904531	0.1161358	0.157077	0.842923	3.577958
15906	-524.9124	-549.6636	24.75122	0.7795853	11.72365	0.1161358	0.454664	0.545336	3.577958
15912	-522.1069	-547.5534	25.44648	0.8045848	11.3479	0.1161358	0.281362	0.718638	3.186073
15918	-523.673	-550.1678	26.49479	0.9967536	11.3479	0.2252402	0.331337	0.668663	2.200401
15924	-519.3892	-546.2629	26.8737	0.8307675	5.485953	0.2048978	0.599009	0.400991	2.793485
15930	-518.151	-544.9194	26.76842	1.468283	8.116584	0.1171006	0.498887	0.501113	2.288103
15936	-522.23	-548.4975	26.26753	0.7405974	6.724862	0.2056855	0.568838	0.431162	3.034082
15942	-528.3994	-554.5303	26.13088	0.8772416	6.724862	0.2056855	0.632698	0.367302	3.034082
15948	-531.9121	-558.8725	26.96041	1.559635	3.162335	0.6253526	0.13033	0.86967	2.23274
15954	-531.8379	-559.3569	27.51903	1.354866	4.295585	0.7530034	0.0992995	0.900701	1.602892
15960	-531.5489	-558.3089	26.76	1.047316	4.295585	0.3285368	0.36301	0.63699	2.748021
15966	-528.3225	-555.0176	26.69512	1.035526	5.530665	0.4313123	0.561343	0.438657	2.449636
15972	-531.7132	-557.2308	25.51752	1.173394	6.336709	0.2426086	0.488102	0.511898	3.213455
15978	-522.0886	-548.3811	26.29244	0.8920606	4.474059	0.2426086	0.478916	0.521084	3.213455
15984	-524.1662	-550.2197	26.05344	0.7906971	3.105085	0.2426086	0.397406	0.602594	3.696333
15990	-527.4975	-554.0235	26.52594	0.8295046	3.105085	0.2426086	0.422204	0.577796	3.398703
15996	-524.9212	-551.4262	26.50491	1.093197	3.105085	0.2426086	0.3463	0.6537	3.255913
16002	-526.9092	-552.8547	25.94554	1.021712	4.343025	0.2426086	0.636171	0.363829	3.36558
16008	-528.61	-553.7948	25.18477	1.423867	5.573329	0.2426086	0.503327	0.496673	3.37136
16014	-529.5567	-554.0293	24.47262	0.9261725	5.573329	0.1344068	0.588577	0.411423	4.262484
16020	-531.1821	-553.6439	22.46181	0.6690676	5.573329	0.1344068	0.186145	0.813855	5.526276
16026	-530.2581	-553.9067	23.64866	0.5626497	7.802025	0.1019693	0.311601	0.688399	4.724182
16032	-527.9486	-549.2366	21.28805	0.8033549	10.05827	0.1019693	0.632636	0.367364	5.679994
16038	-523.3065	-547.9309	24.6244	0.8894077	10.05827	0.1019693	0.413484	0.586516	3.762916
16044	-530.6095	-555.3069	24.69738	0.8637529	10.05827	0.2225195	0.688314	0.311686	3.497093
16050	-523.0422	-548.1982	25.15599	1.332763	9.834323	0.2429779	0.230652	0.769348	2.935546
16056	-529.4604	-556.061	26.60058	1.667083	9.834323	0.2408797	0.305871	0.694129	1.805998
16062	-526.5184	-553.7584	27.23999	1.810031	3.604454	1.332801	0.116236	0.883764	1.203803
16068	-521.4587	-549.2489	27.79017	1.354557	4.893818	0.1992552	0.181706	0.818294	1.993677
16074	-527.0968	-553.4956	26.39876	1.522803	4.893818	0.3536204	0.31158	0.68842	2.533326
16080	-523.1591	-551.7592	28.60004	1.294055	4.893818	0.1306534	0.696923	0.303077	1.634441
16086	-523.4987	-552.4543	28.95566	1.739731	4.893818	0.185713	0.573045	0.426955	0.7506144
16092	-524.27	-553.0307	28.76065	1.811331	4.893818	0.1948442	0.751173	0.248827	0.8748634
16098	-526.6826	-554.8485	28.16583	1.968651	4.449385	0.5353071	0.0124128	0.987587	0.6432381
16104	-532.3558	-558.8342	26.47838	2.434474	11.8749	0.4118273	0.0690371	0.930963	0.514206
16110	-527.5673	-554.2532	26.6859	2.480692	11.8749	0.2914484	0.0529601	0.94704	0.4805324
16116	-525.8934	-553.3602	27.46677	2.02913	13.23351	0.1215263	0.500752	0.499248	0.5468924
16122	-519.9874	-548.3039	28.31649	2.57994	6.709255	0.0464247	0.595049	0.404951	0.4604887
16128	-524.8358	-553.8585	29.02274	2.665729	3.662871	0.0464247	0.342137	0.657863	0.6914648
16134	-530.0735	-556.3203	26.24682	2.042826	5.294909	1.281989	0.307623	0.692377	1.426385
16140	-528.0359	-554.4562	26.42031	1.721079	5.184761	1.281989	0.333887	0.666113	1.56022
16146	-526.4977	-551.8	25.30231	1.721079	5.898467	0.7836621	0.515519	0.484481	2.511416
16152	-526.6461	-552.6909	26.04474	1.678796	3.155604	0.7836621	0.515519	0.484481	2.607099
16158	-532.6655	-556.1758	23.51021	1.882556	6.799192	1.795834	0.380562	0.619438	2.854592
16164	-533.7953	-560.0079	26.21259	2.523976	2.532548	2.913148	0.111595	0.888405	1.069245
16170	-533.9157	-557.782	23.86627	2.60809	2.532548	7.921817	0.431828	0.568172	1.750324
16176	-528.2092	-551.9428	23.73358	2.726934	2.532548	7.921817	0.119359	0.880641	1.760006
16182	-528.7928	-552.1338	23.34107	2.467938	4.188123	7.921817	0.119359	0.880641	1.760006
16188	-528.4463	-551.8309	23.38461	2.467938	2.274329	9.726876	0.242723	0.757277	2.046583
16194	-529.9417	-551.7237	21.78203	2.467938	4.257412	9.726876	0.121276	0.878724	2.556691
16200	-532.2035	-554.4099	22.2064	2.358388	4.257412	9.726876	0.264391	0.735609	2.359051
16206	-535.0116	-560.2094	25.1979	1.790361	4.257412	2.650445	0.613725	0.386275	1.97181
16212	-529.4092	-554.062	24.6528	1.353792	2.866435	1.328936	0.41881	0.58119	3.393207
16218	-524.0916	-552.2339	28.14232	1.811736	4.605161	0.205193	0.210425	0.789575	1.470113
16224	-525.6418	-550.6675	25.02574	1.009714	4.334202	0.2696617	0.239255	0.760745	3.867538
16230	-522.2144	-546.1711	23.95677	1.039609	8.935954	0.2636122	0.605783	0.394217	3.867538
16236	-518.2711	-543.9679	25.69686	0.7470023	3.224603	0.2636122	0.290077	0.709923	3.867538
16242	-521.2772	-546.8814	25.60415	0.6875207	5.646426	0.1631951	0.671159	0.328841	3.682948
16248	-519.0316	-546.1707	27.13904	1.180643	6.796937	0.1043795	0.532412	0.467588	2.437211
16254	-521.8179	-547.5619	25.74397	1.605437	12.29412	0.1043795	0.311133	0.688867	2.468473
16260	-520.4068	-547.0938	26.68699	1.366958	9.414991	0.08816409	0.722839	0.277161	2.33627
16266	-521.6808	-548.4126	26.73182	1.572605	5.833011	0.08816409	0.683438	0.316562	2.629378
16272	-521.2828	-548.4186	27.13582	1.861536	10.63386	0.2563781	0.419127	0.580873	1.120242
16278	-518.3192	-546.1558	27.83662	2.589211	8.554838	0.0327027	0.568854	0.431146	0.8555782
16284	-517.0311	-544.7724	27.7413	2.048052	8.554838	0.0327027	0.373563	0.626437	1.430997
16290	-517.5617	-546.1843	28.62264	2.472265	3.415368	0.0327027	0.32503	0.67497	1.430997
16296	-521.6638	-550.0832	28.41943	2.229204	3.415368	0.0327027	0.327444	0.672556	1.75665
16302	-521.4374	-549.9985	28.56105	2.127756	3.693662	0.0327027	0.327444	0.672556	1.655266
16308	-521.5973	-548.7032	27.10586	1.576221	2.896245	0.1283583	0.518457	0.481543	2.876646
16314	-526.9514	-555.3167	28.3653	1.487347	2.896245	0.2226596	0.35721	0.64279	1.941845
16320	-526.7342	-553.0011	26.2669	1.648743	2.896245	1.071527	0.330584	0.669416	2.363787
16326	-524.2834	-550.0629	25.77944	1.651476	16.43884	0.5610976	0.601058	0.398942	1.336708
16332	-527.273	-552.7721	25.49902	1.81061	16.43884	0.5610976	0.523191	0.476809	1.431671
16338	-521.8141	-548.8831	27.06902	1.81061	8.200196	0.5610976	0.346092	0.653908	1.05485
16344	-529.8106	-556.1035	26.29287	1.854303	13.02166	0.5610976	0.493892	0.506108	1.05485
16350	-531.5025	-557.1375	25.63506	2.053635	10.50961	0.2664621	0.373315	0.626685	2.080672
16356	-534.849	-561.5522	26.70321	1.501413	10.50961	0.2664621	0.0234842	0.976516	1.730594
16362	-532.1603	-558.3969	26.23663	1.965372	10.50961	0.1136057	0.374365	0.625635	2.058573
16368	-528.3053	-555.429	27.12365	1.229959	7.456205	0.1237264	0.374365	0.625635	2.278864
16374	-528.9866	-556.3312	27.34459	1.497261	7.957155	0.05421639	0.471871	0.528129	2.099003
16380	-522.8637	-549.1481	26.28437	1.473486	11.9473	0.1618274	0.777814	0.222186	2.099003
16386	-527.7422	-553.2541	25.51187	2.082043	16.63747	0.2751569	0.079086	0.920914	1.611566
16392	-527.3584	-554.7445	27.38612	1.161487	6.595074	0.2751569	0.19439	0.80561	1.969326
16398	-538.314	-563.8018	25.4878	1.475363	6.410095	0.5038254	0.0761036	0.923896	2.715294
16404	-542.9293	-568.8931	25.96378	1.710795	3.918033	0.1774903	0.327643	0.672357	3.142135
16410	-531.1883	-558.5361	27.34782	1.624607	3.918033	0.3364024	0.429393	0.570607	2.079824
16416	-533.2578	-559.4538	26.19607	1.385242	3.918033	0.1901075	0.429393	0.570607	3.174025
16422	-530.4785	-558.2491	27.77057	1.613417	3.918033	0.6068414	0.223958	0.776042	1.461115
16428	-524.9156	-550.6219	25.7063	1.087481	3.918033	0.605346	0.342165	0.657835	3.139769
16434	-530.2978	-557.8905	27.59273	1.341953	2.271791	0.2585938	0.609199	0.390801	2.660096
16440	-524.145	-550.4345	26.28949	1.170581	4.483235	0.2585938	0.456772	0.543228	3.02282
16446	-524.757	-550.3797	25.62274	1.123707	7.304583	0.2635361	0.383742	0.616258	3.02282
16452	-520.7035	-546.1829	25.4794	0.8349864	6.445898	0.3109535	0.149497	0.850503	3.321789
16458	-524.9041	-550.5113	25.6072	1.140726	4.030639	0.4216279	0.136119	0.863881	3.321789
16464	-530.783	-560.0528	29.26978	1.670079	2.945933	0.2473666	0.172892	0.827108	1.043272
16470	-527.2827	-555.3666	28.08397	1.315036	2.945933	0.3905474	0.308334	0.691666	1.969869
16476	-521.9156	-549.0782	27.16254	2.083098	5.924983	0.3211176	0.129536	0.870464	1.512737
16482	-522.7658	-550.8839	28.11811	1.728447	8.522678	0.1322943	0.382422	0.617578	1.005486
16488	-522.0002	-550.0134	28.01319	1.717903	6.627803	0.1322943	0.590101	0.409899	1.427612
16494	-522.2794	-549.9156	27.63616	1.47186	3.654709	0.3178443	0.11145	0.88855	2.078519
16500	-520.7572	-548.7489	27.99178	1.211324	3.654709	0.3178443	0.480868	0.519132	2.015611
16506	-520.8046	-547.1658	26.3612	1.036886	10.73383	0.1190712	0.346791	0.653209	2.537459
16512	-520.9944	-549.3672	28.37276	1.472649	5.637045	0.2614748	0.408913	0.591087	1.206514
16518	-521.645	-549.9799	28.33488	1.62347	5.586388	0.2614748	0.403793	0.596207	1.118736
16524	-523.7119	-551.3844	27.67249	1.996684	5.586388	0.2614748	0.698197	0.301803	1.361528
16530	-528.0618	-554.273	26.21114	1.849596	12.68451	0.404928	0.417044	0.582956	1.390612
16536	-530.8386	-557.454	26.61547	1.60019	3.565271	1.13647	0.140778	0.859222	1.954274
16542	-528.8479	-554.9717	26.12377	1.826034	3.565271	1.13647	0.197756	0.802244	2.130332
16548	-535.2949	-560.7001	25.40521	2.383165	3.095778	2.040431	0.164377	0.835623	1.930105
16554	-537.7695	-563.7028	25.93324	2.894285	2.609173	2.860179	0.0545516	0.945448	0.966366
16560	-533.6472	-559.3008	25.65355	2.510403	4.474863	2.767238	0.229315	0.770685	0.966366
16566	-533.2876	-558.951	25.66342	2.510403	3.656705	3.448969	0.12009	0.87991	0.9456727
16572	-534.2969	-560.2543	25.95741	1.334308	3.244921	0.1562674	0.241855	0.758145	3.55457
16578	-537.202	-565.5745	28.37251	1.443642	3.244921	0.1761125	0.149697	0.850303	1.962387
16584	-533.189	-560.0777	26.88876	0.8732229	3.706194	0.1761125	0.479077	0.520923	3.136887
16590	-537.1735	-563.4375	26.26393	1.362813	5.146611	0.09214198	0.475425	0.524575	3.136887
16596	-526.5276	-552.2764	25.74874	0.6637328	5.146611	0.1594834	0.475425	0.524575	3.6965
16602	-522.561	-549.3733	26.8123	1.004868	7.518009	0.1594834	0.245467	0.754533	2.528136
16608	-524.9783	-551.9667	26.98842	1.235392	6.592982	0.1033263	0.574777	0.425223	2.528136
16614	-528.3349	-555.9939	27.65897	1.235392	5.809376	0.1604565	0.444816	0.555184	2.080139
16620	-528.5343	-555.2128	26.67853	1.515171	7.802878	0.06312351	0.471761	0.528239	2.50407
16626	-530.1505	-557.0916	26.94104	1.925703	5.682591	0.06312351	0.596156	0.403844	2.37472
16632	-532.855	-561.0937	28.23872	1.427907	6.746874	0.2187317	0.537895	0.462105	1.233606
16638	-520.5358	-547.7372	27.20135	1.427907	5.452036	0.2187317	0.37252	0.62748	2.194961
16644	-522.876	-551.3093	28.43338	1.716227	5.452036	0.1116859	0.409524	0.590476	1.384517
16650	-528.9451	-555.7354	26.79025	1.417913	7.665998	0.1344917	0.300083	0.699917	2.319086
16656	-531.7728	-559.0333	27.26053	1.248613	4.687585	0.2712208	0.384507	0.615493	2.319086
16662	-530.7292	-556.8051	26.07595	1.129316	4.687585	0.334021	0.20791	0.79209	3.032207
16668	-532.9976	-557.902	24.90434	1.129316	5.234608	0.2570215	0.251973	0.748027	3.735912
16674	-533.6025	-559.2598	25.65737	1.058262	6.089076	0.2421219	0.522811	0.477189	3.233961
16680	-535.667	-561.2367	25.56973	0.8952826	5.260173	0.1743521	0.614452	0.385548	3.619712
16686	-528.2944	-553.1902	24.89575	0.5769547	5.317299	0.1212479	0.48981	0.51019	4.286863
16692	-529.3942	-555.4259	26.03171	0.8293821	7.905421	0.1859905	0.328387	0.671613	3.012852
16698	-527.9602	-553.274	25.31378	0.7942707	7.732588	0.1280349	0.430817	0.569183	3.593734
16704	-527.5709	-552.6266	25.05568	0.5736887	6.887999	0.1280349	0.590251	0.409749	3.969343
16710	-534.1373	-558.8524	24.71512	0.8795586	6.887999	0.1412045	0.198921	0.801079	3.961279
16716	-536.2346	-561.4048	25.1702	1.423307	9.751428	0.1561801	0.17918	0.82082	3.037502
16722	-534.9834	-563.8349	28.85145	3.24111	2.874982	0.03582287	0.652321	0.347679	0.6067678
16728	-538.0825	-566.1908	28.10823	2.75656	2.874982	0.3549418	0.515108	0.484892	0.8926482
16734	-530.5589	-559.8583	29.29941	2.409218	2.898331	0.1046172	0.626798	0.373202	0.7117633
16740	-528.5558	-555.9978	27.44199	2.349674	4.213844	0.6553716	0.626798	0.373202	0.9684758
16746	-522.9512	-551.4225	28.47122	1.873377	4.213844	0.1993499	0.361483	0.638517	1.272
16752	-529.5633	-558.2447	28.68144	1.857872	4.213844	0.08576609	0.339691	0.660309	1.445973
16758	-521.3357	-550.3519	29.01627	1.857872	3.187726	0.08576609	0.53775	0.46225	1.472481
16764	-525.0852	-552.9437	27.8585	1.970019	3.862594	0.5349627	0.373999	0.626001	1.207058
16770	-526.3808	-553.3832	27.00239	2.379274	7.673477	0.5349627	0.354977	0.645023	0.4661197
16776	-525.0473	-552.9204	27.87314	2.357818	5.022432	0.4023879	0.403258	0.596742	0.5166127
16782	-528.7095	-555.2541	26.54461	2.513399	5.022432	1.173261	0.278648	0.721352	0.8904279
16788	-521.7081	-548.4068	26.6987	1.860852	5.022432	1.288109	0.0197584	0.980242	1.266845
16794	-520.8971	-548.8477	27.95061	1.729241	4.186981	0.6384558	0.191619	0.808381	1.107401
16800	-526.1684	-554.9552	28.78682	1.645902	4.186981	0.2941318	0.122239	0.877761	0.9725411
16806	-526.0255	-554.1582	28.13272	1.800015	4.59672	0.4812959	0.358043	0.641957	0.9725411
16812	-531.1906	-558.9794	27.78881	1.703035	3.236	0.4812959	0.501571	0.498429	1.709832
16818	-536.6602	-565.1473	28.48705	1.523137	3.236	0.2493489	0.594466	0.405534	1.685022
16824	-533.6896	-561.0831	27.39347	1.666394	3.747397	0.9447888	0.233395	0.766605	1.439511
16830	-533.8262	-560.7755	26.94923	2.010923	7.912205	0.1428893	0.187864	0.812136	1.768267
16836	-533.5382	-559.5048	25.96665	1.140887	15.7086	0.1428893	0.11527	0.88473	2.26981
16842	-537.1444	-564.1658	27.02145	1.654035	3.269712	0.3675504	0.202481	0.797519	2.382881
16848	-532.1926	-559.9366	27.74402	1.247804	2.809245	0.4702025	0.18072	0.81928	2.181327
16854	-532.7535	-559.5658	26.81233	1.180652	4.070842	0.09568382	0.46215	0.53785	3.102359
16860	-538.2188	-564.6786	26.4598	1.835963	11.84357	0.7378528	0.493095	0.506905	0.7939086
16866	-529.7692	-556.2229	26.45377	1.550878	5.615906	0.775125	0.450806	0.549194	1.92938
16872	-534.6809	-557.8986	23.21771	1.316408	5.615906	0.775125	0.356427	0.643573	4.033343
16878	-528.1002	-554.783	26.68276	1.375337	5.972187	0.775125	0.356427	0.643573	1.832686
16884	-527.421	-555.8494	28.42837	1.64066	5.641509	0.06728406	0.490521	0.509479	1.557867
16890	-532.9289	-561.2778	28.3489	1.943882	3.985954	0.06430425	0.385424	0.614576	1.75371
16896	-531.0785	-559.984	28.90555	1.943882	2.824523	0.06430425	0.280287	0.719713	1.677512
16902	-528.7298	-556.1365	27.40662	1.654913	2.824523	0.06430425	0.322419	0.677581	2.833577
16908	-530.843	-559.2308	28.38776	1.433949	2.824523	0.4420507	0.548407	0.451593	1.647414
16914	-536.0581	-563.8286	27.77057	1.562647	5.571942	0.2893928	0.421037	0.578963	1.567412
16920	-527.4793	-553.3554	25.87614	1.563614	3.685594	0.3683129	0.523869	0.476131	3.043892
16926	-535.2717	-561.7713	26.49955	1.404975	4.323854	0.3683129	0.468842	0.531158	2.631151
16932	-529.9076	-555.5591	25.65145	0.9652095	5.618139	0.267008	0.548781	0.451219	3.322851
16938	-527.0213	-552.5841	25.56284	0.7776404	11.6711	0.06818166	0.581425	0.418575	3.23098
16944	-520.6101	-544.3634	23.75333	0.7257	12.84661	0.1328927	0.51662	0.48338	4.060439
16950	-524.362	-548.3723	24.01025	0.8670014	10.02735	0.1328927	0.264827	0.735173	4.060439
16956	-532.0452	-557.8537	25.80853	1.518556	10.02735	0.1328927	0.337198	0.662802	2.615634
16962	-526.6635	-549.1906	22.52718	1.006239	6.275391	0.1328927	0.541768	0.458232	5.212956
16968	-529.2019	-554.6897	25.4878	0.8892759	6.275391	0.1328927	0.201108	0.798892	3.606987
16974	-539.1176	-565.139	26.02134	0.8522936	6.05349	0.08275955	0.634641	0.365359	3.468646
16980	-526.9682	-553.1134	26.14521	1.532969	6.05349	0.2499094	0.320766	0.679234	2.646407
16986	-528.6205	-556.0399	27.41943	1.25012	4.203203	0.2371615	0.380244	0.619756	2.368324
16992	-533.7238	-560.8298	27.10597	1.275756	3.612644	0.2371615	0.505832	0.494168	2.674465
16998	-525.6078	-551.1917	25.5839	0.924894	6.457187	0.1935906	0.42489	0.57511	3.386694
17004	-532.7293	-559.0293	26.29999	1.153975	6.457187	0.3914125	0.166926	0.833074	2.529757
17010	-530.099	-559.1292	29.03023	2.347753	2.534363	0.2871793	0.36773	0.63227	0.4748843
17016	-531.3115	-558.8101	27.49866	2.40808	2.534363	1.438918	0.113588	0.886412	0.6530068
17022	-529.7604	-557.3058	27.54545	1.217312	3.640868	0.1529821	0.634714	0.365286	2.591356
17028	-528.2645	-555.7338	27.46928	1.153632	6.354203	0.3015013	0.284348	0.715652	1.912957
17034	-541.9386	-570.1221	28.18347	0.8835445	3.25701	0.5644678	0.0999486	0.900051	1.905517
17040	-527.4425	-553.8409	26.39837	1.131747	6.377163	0.2621593	0.469619	0.530381	2.67143
17046	-526.9078	-552.4133	25.50552	1.14483	4.823209	0.4370476	0.475788	0.524212	3.217402
17052	-527.1068	-554.4933	27.38653	1.647382	4.823209	0.4370476	0.619376	0.380624	1.709406
17058	-527.3905	-555.5006	28.11018	2.409497	3.395382	0.240184	0.45041	0.54959	1.269654
17064	-525.7451	-550.2679	24.52279	2.424298	6.014741	3.656869	0.239136	0.760864	1.35559
17070	-535.1496	-560.5235	25.37384	2.424298	4.795469	3.656869	0.104303	0.895697	0.8680922
17076	-526.3851	-551.783	25.39786	2.821695	5.068671	2.472842	0.041535	0.958465	0.8680922
17082	-529.3105	-555.7665	26.45606	2.660277	2.039929	2.620181	0.251988	0.748012	1.082193
17088	-534.2986	-560.7341	26.43545	2.746812	2.039929	2.483884	0.0106969	0.989303	1.082193
17094	-524.5178	-551.9622	27.44443	2.131572	3.744275	0.5110081	0.398033	0.601967	1.472717
17100	-530.7101	-559.1534	28.44332	2.40072	1.861851	0.4714503	0.0448897	0.95511	1.206062
17106	-529.2141	-555.9018	26.68765	1.526976	6.649712	0.226701	0.0141253	0.985875	2.262367
17112	-529.8778	-555.6536	25.77573	1.609519	5.309088	0.6346255	0.245686	0.754314	2.499705
17118	-529.7203	-554.7976	25.07737	1.071175	3.366162	0.2588405	0.305411	0.694589	4.011674
17124	-536.0163	-561.3758	25.35954	1.01154	3.366162	0.2588405	0.514141	0.485859	3.884272
17130	-531.6132	-556.5757	24.96252	0.6487821	3.366162	0.2617267	0.430689	0.569311	4.312806
17136	-529.8605	-557.1032	27.24277	0.7190099	4.455137	0.2208724	0.674889	0.325111	2.786146
17142	-526.8275	-552.4944	25.66692	0.5523513	3.944783	0.2208724	0.474696	0.525304	3.90939
17148	-527.6786	-552.9659	25.28732	0.9605371	3.944783	0.2108669	0.474154	0.525846	3.90939
17154	-524.9012	-550.7146	25.81343	0.7363772	5.204328	0.2108669	0.55447	0.44553	3.514254
17160	-526.6242	-551.3737	24.7494	0.9701661	5.204328	0.199615	0.451794	0.548206	4.012191
17166	-526.3918	-550.8937	24.5019	1.245511	5.204328	0.1904325	0.0348416	0.965158	4.012191
17172	-526.859	-551.2703	24.41136	1.086008	7.029504	0.135203	0.344234	0.655766	4.012191
17178	-523.2766	-546.4578	23.18126	1.149689	15.16401	0.1248952	0.405431	0.594569	4.005192
17184	-527.6051	-554.2362	26.6311	1.434133	9.835653	0.1319631	0.425024	0.574976	2.170126
17190	-532.9698	-556.313	23.34319	1.251922	15.16401	0.06417185	0.605512	0.394488	4.005192
17196	-535.2522	-558.9181	23.6659	1.147589	12.56173	0.08399521	0.602457	0.397543	4.005192
17202	-536.6202	-560.4523	23.83205	0.7887502	14.1205	0.08399521	0.486862	0.513138	4.005192
17208	-532.8834	-555.657	22.77361	0.711135	7.123769	0.0906728	0.479737	0.520263	5.231078
17214	-532.8156	-560.2261	27.41047	1.523121	7.781645	0.205196	0.239612	0.760388	1.662067
17220	-534.2504	-556.1005	21.85007	1.07629	10.65889	0.09690973	0.0816627	0.918337	5.181395
17226	-529.6361	-555.0181	25.38196	0.7991486	7.154554	0.09690973	0.21441	0.78559	3.691859
17232	-532.6115	-556.7901	24.17854	1.20677	7.154554	0.3766567	0.0324161	0.967584	3.691859
17238	-540.1258	-559.9217	19.79589	1.362754	16.50573	0.01780991	0.125666	0.874334	5.947679
17244	-534.4299	-556.6634	22.2335	3.066929	12.87758	7.959357	0.496807	0.503193	0.7272078
17250	-535.5306	-560.2787	24.74806	2.962352	5.794021	3.453501	0.311099	0.688901	0.7272078
17256	-531.4154	-556.6017	25.18631	2.962352	4.487552	3.453501	0.294049	0.705951	0.47639
17262	-533.6619	-558.466	24.80414	3.273905	3.577702	4.56821	0.290014	0.709986	0.4804047
17268	-532.269	-557.544	25.27496	3.216799	2.583579	4.56821	0.0892497	0.91075	0.46154
17274	-534.6656	-560.8145	26.14891	2.46875	10.29944	0.4850652	0.0781401	0.92186	1.08263
17280	-529.0627	-555.0624	25.99964	2.100218	4.58199	1.565206	0.0424819	0.957518	1.558072
17286	-531.0684	-557.7811	26.71274	1.823294	3.308809	1.565206	0.145729	0.854271	1.558072
17292	-526.0364	-551.8363	25.79996	1.371515	5.657118	0.1520801	0.145729	0.854271	3.188597
17298	-525.6327	-551.4612	25.82858	1.429627	5.657118	0.102107	0.145729	0.854271	3.250302
17304	-524.5795	-551.3947	26.81516	1.362662	5.657118	0.168853	0.288556	0.711444	2.54417
17310	-522.0347	-547.0233	24.98854	0.9417736	6.95968	0.1606722	0.340691	0.659309	3.720391
17316	-516.8754	-543.1185	26.24313	1.294732	6.95968	0.1606722	0.33026	0.66974	2.768934
17322	-522.2863	-547.1655	24.87914	1.312899	9.233021	0.09223833	0.62865	0.37135	3.471434
17328	-525.9389	-551.0091	25.07016	1.021529	20.25185	0.1088176	0.750914	0.249086	2.713874
17334	-520.7348	-546.4858	25.75099	0.9507276	10.41743	0.266558	0.240702	0.759298	2.713874
17340	-520.5931	-547.4318	26.83869	0.9764692	3.759796	0.266558	0.411034	0.588966	2.940419
17346	-531.9193	-556.9747	25.05536	1.597225	3.759796	1.371184	0.0937792	0.906221	2.777277
17352	-537.1915	-565.4295	28.23799	1.572759	3.528467	0.4167735	0.218126	0.781874	1.478925
17358	-542.9811	-569.1601	26.17906	1.648583	2.995832	2.55363	0.218126	0.781874	1.745999
17364	-520.9032	-547.8675	26.96423	2.214262	6.376983	0.7959526	0.0609302	0.93907	0.7942603
17370	-524.4677	-550.3	25.8323	2.079207	18.19689	0.3559179	0.145665	0.854335	1.088449
17376	-526.6139	-552.3635	25.74958	1.482415	18.19689	0.3008274	0.590351	0.409649	1.716598
17382	-530.0194	-555.6719	25.65249	1.774831	7.802345	0.4247115	0.0765411	0.923459	2.329124
17388	-523.7294	-549.9567	26.22723	1.843955	4.954029	0.1476435	0.30913	0.69087	2.770193
17394	-524.6295	-552.6615	28.03206	1.290236	5.068992	0.1476435	0.324935	0.675065	1.954035
17400	-524.5754	-550.466	25.89066	1.191214	13.16822	0.1476435	0.115764	0.884236	2.461746
17406	-524.2674	-550.0781	25.81074	1.333973	13.16822	0.1476435	0.538936	0.461064	2.422238
17412	-527.9687	-553.7498	25.78107	1.262352	13.43754	0.1698648	0.403199	0.596801	2.417406
17418	-530.0732	-557.6158	27.54262	2.07089	7.983996	0.1618903	0.393406	0.606594	1.213416
17424	-531.3299	-559.7904	28.46048	2.171842	3.925416	0.1618903	0.184013	0.815987	1.210758
17430	-541.7791	-564.8044	23.02524	4.073275	3.255558	6.410573	0.173342	0.826658	0.1274511
17436	-537.6773	-561.2072	23.52989	4.16839	1.985493	6.410573	0.327662	0.672338	0.1257407
17442	-538.0014	-561.7818	23.78042	4.16839	1.985493	6.410573	0.327662	0.672338	0.1800884
17448	-537.0455	-560.5635	23.51805	4.16839	1.985493	7.647991	0.262715	0.737285	0.1800884
17454	-530.6248	-554.8254	24.2006	3.830964	1.913898	7.198664	0.119067	0.880933	0.2621717
17460	-530.6013	-552.7387	22.13736	3.903504	5.278316	11.52018	0.00463857	0.995361	0.2911752
17466	-533.6824	-555.3473	21.6649	4.025354	7.227484	10.38257	0.00463857	0.995361	0.2554648
17472	-533.6943	-555.2045	21.51025	4.025354	6.443945	13.68381	0.00463857	0.995361	0.3463992
17478	-530.6911	-553.0057	22.31461	4.025354	4.158886	12.44717	0.0302013	0.969799	0.3892321
17484	-536.6705	-557.4488	20.77837	4.018224	4.165038	28.47542	0.286151	0.713849	0.8072069
17490	-532.0244	-552.8077	20.78333	4.018224	4.428994	28.47542	0.118792	0.881208	0.6686451
17496	-536.7996	-557.4268	20.62721	4.205154	4.428994	28.47542	0.0784611	0.921539	0.5943593
17502	-536.9312	-558.2296	21.2984	3.698761	3.554887	23.34716	0.399034	0.600966	1.184498
17508	-540.4464	-560.9204	20.474	3.547351	3.554887	40.3683	0.0111561	0.988844	1.149048
17514	-531.5963	-554.1399	22.54357	3.201617	7.542195	9.87868	0.25854	0.74146	0.8159252
17520	-532.3765	-554.8869	22.51034	3.538808	7.542195	8.826527	0.168496	0.831504	0.5873642
17526	-538.3019	-561.2856	22.98372	3.538808	5.310547	8.826527	0.168496	0.831504	0.6808335
17532	-536.2182	-559.5727	23.35444	3.411495	4.431337	8.826527	0.231074	0.768926	0.6973215
17538	-540.3983	-563.5282	23.12999	3.419962	5.405564	8.826527	0.375165	0.624835	0.4867257
17544	-530.0233	-556.9057	26.88238	1.653403	3.954401	0.307509	0.38204	0.61796	2.394574
17550	-527.4382	-556.1856	28.74734	1.610105	3.556041	0.136633	0.590056	0.409944	1.596612
17556	-526.6897	-555.1596	28.46995	1.440103	3.53727	0.3185589	0.52792	0.47208	1.552295
17562	-526.5484	-552.019	25.47055	1.327731	8.467274	0.3251688	0.383767	0.616233	2.768164
17568	-530.7917	-557.181	26.38932	0.822504	10.6288	0.1560302	0.561567	0.438433	2.578646
17574	-532.2182	-556.8132	24.59501	1.050031	10.48691	0.1560302	0.138054	0.861946	3.529691
17580	-527.5934	-553.7938	26.20043	1.032022	3.741238	0.1325779	0.572939	0.427061	3.529691
17586	-531.4857	-556.75	25.26434	0.8682943	3.934282	0.1325779	0.0854618	0.914538	4.123766
17592	-531.4128	-556.8494	25.43666	1.374256	3.934282	0.7404512	0.0913671	0.908633	3.018028
17598	-527.5751	-554.9004	27.3253	1.374256	3.498695	0.7404512	0.248612	0.751388	1.927389
17604	-528.5879	-555.8455	27.2576	1.587659	3.498695	0.7645727	0.452673	0.547327	1.807547
17610	-520.0082	-547.5999	27.59164	1.421286	3.498695	0.4953428	0.377453	0.622547	1.953143
17616	-527.5517	-553.0835	25.5318	1.027668	5.144301	0.4953428	0.464636	0.535364	3.157683
17622	-530.5861	-556.4546	25.86853	1.277762	5.144301	0.2084944	0.520017	0.479983	3.177238
17628	-526.1076	-553.3502	27.2426	1.536899	9.609146	0.2084944	0.472522	0.527478	1.53078
17634	-539.032	-558.7977	19.76572	4.423463	2.877152	53.86119	0.203154	0.796846	0.5559245
17640	-527.3214	-551.8639	24.54252	0.8981319	5.423669	0.2411073	0.491813	0.508187	4.071057
17646	-522.1041	-547.5791	25.47499	1.02527	5.423669	0.4133109	0.346756	0.653244	3.234428
17652	-531.0382	-557.2154	26.17718	0.8982658	3.564411	0.4133109	0.686256	0.313744	3.234428
17658	-526.6543	-551.5062	24.85196	0.9205891	4.62297	0.3895201	0.314342	0.685658	3.815846
17664	-527.5301	-550.0301	22.50001	0.9743573	4.62297	0.3895201	0.294473	0.705527	5.111057
17670	-526.6813	-551.7588	25.07748	0.551956	5.514993	0.3552857	0.369544	0.630456	3.795416
17676	-518.6919	-545.6371	26.94527	0.8907558	5.514993	0.1935514	0.560934	0.439066	2.729314
17682	-523.8799	-550.464	26.58407	1.047153	5.514993	0.1935514	0.36788	0.63212	2.854065
17688	-522.3149	-549.745	27.43013	1.350354	5.514993	0.1980331	0.223925	0.776075	2.125221
17694	-525.428	-553.4531	28.02504	1.282497	5.723062	0.1980331	0.261384	0.738616	1.733248
17700	-529.7895	-556.5396	26.75017	1.22961	6.507282	0.4202331	0.0232215	0.976778	2.153051
17706	-524.8908	-552.867	27.97623	1.477924	3.460922	0.4202331	0.389204	0.610796	1.751154
17712	-524.9865	-552.0856	27.09908	0.9462089	3.460922	0.1424156	0.382222	0.617778	3.090148
17718	-523.6146	-549.7255	26.11099	1.215236	3.460922	0.4299053	0.34545	0.65455	3.090148
17724	-531.6542	-555.3018	23.64757	0.6318344	6.430338	0.1136176	0.272635	0.727365	4.820254
17730	-526.9888	-552.1312	25.1424	0.5717223	6.866248	0.178858	0.193933	0.806067	3.822182
17736	-520.9151	-546.2266	25.3115	0.9238527	6.866248	0.178858	0.347872	0.652128	3.520454
17742	-525.4953	-551.2253	25.72999	1.07439	6.866248	0.2526593	0.347872	0.652128	3.059987
17748	-522.1513	-547.0134	24.8621	0.9348028	5.91952	0.2526593	0.347872	0.652128	3.777603
17754	-521.7465	-547.4132	25.66671	1.106991	5.91952	0.1781601	0.3717	0.6283	3.33367
17760	-525.7224	-550.5879	24.86545	1.05122	10.22233	0.1878692	0.505541	0.494459	3.33367
17766	-523.6958	-549.1776	25.48174	0.9472435	3.548409	0.2998602	0.695379	0.304621	3.753623
17772	-529.6189	-555.7222	26.1033	0.9818358	4.311075	0.2761076	0.438227	0.561773	3.251647
17778	-529.371	-552.8552	23.48418	1.0729	5.348278	0.2761076	0.590105	0.409895	4.531547
17784	-528.7522	-556.5458	27.79358	1.693872	5.348278	0.1065457	0.512174	0.487826	1.8973
17790	-526.938	-551.6241	24.68609	0.7924329	9.583062	0.1736183	0.241609	0.758391	3.674815
17796	-525.3792	-551.752	26.37285	0.964432	3.375979	0.1736183	0.387437	0.612563	3.464302
17802	-522.7974	-547.554	24.75663	0.82672	6.188532	0.2559842	0.387437	0.612563	3.858443
17808	-521.3029	-546.3007	24.99774	0.5610391	6.293726	0.2559842	0.257901	0.742099	3.858443
17814	-521.866	-547.0436	25.17764	0.8903571	4.391415	0.2559842	0.346141	0.653859	3.858443
17820	-527.8955	-553.4077	25.51221	0.2772587	4.391415	0.2559842	0.146765	0.853235	4.017968
17826	-525.7652	-550.6527	24.88755	1.265378	6.914441	0.2559842	0.155159	0.844841	3.433868
17832	-530.2219	-555.4895	25.26762	1.472686	6.418041	0.2414064	0.137695	0.862305	3.175013
17838	-531.6981	-558.305	26.60682	1.115783	3.512101	0.8358546	0.408619	0.591381	2.483048
17844	-532.6445	-560.9194	28.27486	1.647251	2.195575	0.8358546	0.0819726	0.918027	1.386969
17850	-536.345	-563.6678	27.32274	2.805308	3.24328	0.3789735	0.0183803	0.98162	1.375616
17856	-533.5156	-558.6275	25.11189	2.848105	3.24328	4.741271	0.172585	0.827415	0.8810207
17862	-533.2695	-561.9067	28.63718	1.766223	3.135456	0.142409	0.580099	0.419901	1.666434
17868	-536.6883	-565.1447	28.45644	1.839212	3.135456	0.05402976	0.783408	0.216592	2.001736
17874	-535.1781	-563.4189	28.24082	1.791019	3.343216	0.09233076	0.380992	0.619008	2.001736
17880	-533	-561.611	28.61101	1.884862	4.868234	0.09233076	0.344875	0.655125	1.300771
17886	-533.3555	-562.7395	29.38396	1.969413	3.039784	0.194618	0.510118	0.489882	0.6682574
17892	-533.1886	-560.4082	27.2196	1.791036	3.275041	0.1140488	0.493268	0.506732	2.613571
17898	-530.2247	-556.6701	26.4454	1.219041	3.275041	0.2761545	0.390196	0.609804	3.124973
17904	-536.0376	-560.095	24.05735	0.4921658	3.077829	0.2374025	0.438942	0.561058	5.008128
17910	-541.7362	-563.8838	22.14754	0.7049602	3.077829	0.2441371	0.327517	0.672483	5.932306
17916	-538.7962	-564.2659	25.46968	0.6576179	3.636142	0.2198934	0.327517	0.672483	4.025716
17922	-536.1702	-561.7264	25.55618	2.040082	2.5643	2.623415	0.0819876	0.918012	2.013987
17928	-535.8384	-561.4148	25.5764	2.915353	2.5643	0.9444866	0.336096	0.663904	2.172954
17934	-537.0135	-559.7477	22.73423	2.43965	27.70697	3.319808	0.0216285	0.978371	0.7719951
17940	-539.1518	-566.2754	27.12361	2.992039	1.769092	1.79781	0.253132	0.746868	0.5654311
17946	-529.402	-557.1634	27.76142	2.532698	2.726646	0.3081302	0.193683	0.806317	1.532757
17952	-530.8599	-556.7133	25.85343	2.538995	4.093416	2.711087	0.599819	0.400181	0.8774308
17958	-531.8185	-557.8015	25.98294	2.346353	4.093416	2.303157	0.248347	0.751653	1.14016
17964	-540.5752	-565.2981	24.72283	2.343359	4.093416	4.269655	0.15298	0.84702	1.518029
17970	-531.0523	-553.9048	22.85243	0.9999271	2.825024	0.3310508	0.335433	0.664567	5.328782
17976	-537.5807	-562.2492	24.66853	1.521683	2.878135	0.957359	0.229333	0.770667	3.480423
17982	-538.7374	-563.5753	24.83791	0.2327329	4.152747	0.1487081	0.471456	0.528544	4.649014
17988	-544.8213	-566.1627	21.34137	0.3877971	4.152747	0.1975972	0.425233	0.574767	6.400128
17994	-531.0443	-555.081	24.03666	3.162888	2.567655	9.284214	0.239051	0.760949	0.9536101
18000	-535.2747	-558.8749	23.60017	3.220213	3.144325	9.284214	0.21401	0.78599	1.075661
18006	-536.5591	-561.9356	25.37655	3.155848	3.144325	2.400836	0.158966	0.841034	1.222128
18012	-536.1999	-563.1379	26.93803	2.024004	9.070484	0.5024132	0.443084	0.556916	0.9070787
18018	-540.5025	-566.5766	26.07406	2.389131	9.070484	0.480497	0.437566	0.562434	1.387275
18024	-529.2035	-555.8939	26.69034	2.337036	7.132278	0.3879223	0.1892	0.8108	1.364165
18030	-535.4521	-560.6591	25.20697	3.240651	23.01804	0.08257683	0.544288	0.455712	0.9596471
18036	-527.0908	-555.3011	28.21028	2.549495	5.729161	0.08257683	0.177227	0.822773	0.8798356
18042	-527.4184	-554.5291	27.11072	2.090762	12.90372	0.08257683	0.256404	0.743596	1.182444
18048	-525.3327	-553.9746	28.64189	1.666336	6.835857	0.0840401	0.269827	0.730173	1.072493
18054	-523.5276	-552.0214	28.49382	1.666336	8.685577	0.07558504	0.777914	0.222086	0.8943059
18060	-531.7169	-559.0049	27.28799	2.093048	5.560827	0.4018008	0.216316	0.783684	1.350497
18066	-534.6665	-558.1496	23.48314	1.908057	19.40182	0.4018008	0.363206	0.636794	2.701712
18072	-529.1433	-557.0337	27.89043	1.809984	5.838137	0.291037	0.380001	0.619999	1.225208
18078	-532.7417	-559.3092	26.56745	1.401061	14.97327	0.1187765	0.631099	0.368901	1.812481
18084	-539.0791	-564.6767	25.59757	2.261188	1.846912	0.8467928	0.28164	0.71836	2.879221
18090	-530.1162	-556.7475	26.63124	1.189788	5.818253	0.08730231	0.563091	0.436909	2.92874
18096	-524.5782	-550.78	26.20174	1.326434	9.694717	0.2168075	0.45144	0.54856	2.352327
18102	-529.2867	-556.4466	27.15981	1.41301	7.494659	0.1560005	0.391686	0.608314	2.054982
18108	-535.4251	-561.5706	26.14554	1.540718	7.494659	0.3644548	0.701786	0.298214	2.277448
18114	-527.8544	-553.3385	25.48416	1.096717	5.711432	0.3644548	0.574234	0.425766	3.199817
18120	-527.9281	-552.2638	24.33571	1.384689	3.649314	0.6287848	0.267466	0.732534	3.802908
18126	-529.2575	-555.884	26.62648	1.962308	3.649314	0.172586	0.264167	0.735833	2.656286
18132	-529.896	-554.7058	24.80989	2.430357	4.545204	0.172586	0.378359	0.621641	3.289095
18138	-531.1804	-557.5535	26.37311	1.911766	3.158196	0.1537219	0.451335	0.548665	2.994059
18144	-529.1291	-555.6471	26.51797	0.805692	4.503617	0.2954331	0.265477	0.734523	3.046647
18150	-530.4095	-556.6377	26.22818	1.243284	4.17151	0.4932456	0.440953	0.559047	2.785747
18156	-530.1648	-557.0398	26.87498	1.418557	13.16888	0.1123003	0.443162	0.556838	1.752724
18162	-530.8804	-558.6925	27.81208	1.89594	7.168474	0.1123003	0.3852	0.6148	1.415615
18168	-524.0951	-550.0893	25.99415	1.617651	4.698288	0.1298972	0.483954	0.516046	3.130303
18174	-522.0124	-548.7211	26.70869	1.129667	4.720207	0.2306014	0.412001	0.587999	2.796234
18180	-519.1557	-544.2981	25.14245	0.9363708	4.868801	0.3104261	0.412001	0.587999	3.694014
18186	-522.5003	-547.9256	25.42524	0.8505944	5.249183	0.1836104	0.589492	0.410508	3.713882
18192	-523.2627	-550.2014	26.93863	1.197462	7.765546	0.1450694	0.496747	0.503253	2.328089
18198	-525.6848	-551.5192	25.83441	2.062608	4.976709	0.5344702	0.451666	0.548334	2.328089
18204	-528.1136	-556.5054	28.3918	2.197617	4.976709	0.230627	0.451666	0.548334	0.6676104
18210	-530.8986	-558.3669	27.46828	2.577552	4.976709	0.3063415	0.0371118	0.962888	1.08924
18216	-527.2927	-553.3459	26.05315	2.527775	5.696558	1.738647	0.332882	0.667118	0.7173369
18222	-529.3904	-556.1336	26.74323	2.587166	3.312442	1.738647	0.437495	0.562505	0.7034647
18228	-524.356	-552.9585	28.60242	1.527036	5.432309	0.2103755	0.385302	0.614698	1.125414
18234	-524.5857	-547.806	23.22028	0.5075627	14.77525	0.07781937	0.636017	0.363983	4.484581
18240	-529.87	-554.6377	24.76771	1.174985	7.0579	0.1448375	0.437008	0.562992	3.732964
18246	-527.9475	-552.0595	24.11196	1.070897	7.0579	0.1448375	0.395088	0.604912	4.167998
18252	-526.0128	-552.5054	26.49263	0.9530029	14.45136	0.1336538	0.795222	0.204778	2.163696
18258	-527.2531	-554.3481	27.09495	1.253386	14.89681	0.1243763	0.531635	0.468365	1.531852
18264	-523.1437	-551.6497	28.50595	1.464478	4.885002	0.1489535	0.149276	0.850724	1.531852
18270	-534.0611	-559.692	25.63089	0.6893472	2.890427	0.1801322	0.44142	0.55858	4.152766
18276	-537.9309	-563.2028	25.27187	0.5505832	3.476601	0.2337274	0.366367	0.633633	4.210996
18282	-546.3085	-571.1225	24.81398	0.6604207	2.322335	0.2337274	0.714322	0.285678	4.693696
18288	-545.9147	-569.0548	23.14004	0.7246686	2.322335	0.3758084	0.802124	0.197876	5.40371
18294	-545.3057	-568.3188	23.01306	0.6125884	2.818382	0.3758084	0.49153	0.50847	5.40371
18300	-538.5557	-565.0917	26.53598	1.362861	2.288922	0.7892536	0.230285	0.769715	2.741464
18306	-536.1521	-561.5474	25.39532	1.305361	2.288922	0.7121978	0.725593	0.274407	3.512067
18312	-528.8127	-556.0946	27.28189	1.131526	2.953498	0.2661958	0.101138	0.898862	2.768658
18318	-528.9965	-555.0781	26.08164	1.360927	3.337452	0.2661958	0.101138	0.898862	3.256663
18324	-539.1585	-567.1869	28.02834	1.762157	3.337452	0.7904262	0.270693	0.729307	1.1034
18330	-548.2144	-575.8188	27.60441	1.875884	4.821462	0.7904262	0.265752	0.734248	0.9195605
18336	-548.3594	-573.7473	25.38797	2.053921	4.821462	1.810526	0.265752	0.734248	1.857279
18342	-547.3229	-570.6391	23.31626	1.095302	2.790101	0.5751764	0.0981434	0.901857	4.784155
18348	-542.3525	-566.2056	23.85308	1.40911	1.801438	0.2462614	0.401156	0.598844	4.960345
18354	-538.2221	-566.499	28.27684	1.534812	1.801438	0.1228661	0.293057	0.706943	2.548208
18360	-537.7241	-567.0337	29.30958	1.890088	1.801438	0.1228661	0.486369	0.513631	1.631144
18366	-533.8999	-562.1526	28.25263	2.245765	1.801438	1.059717	0.134068	0.865932	0.8574542
18372	-538.3831	-564.3711	25.98802	2.741895	1.89726	2.973586	0.0591818	0.940818	1.348171
18378	-542.4796	-568.1843	25.70471	2.342773	1.89726	2.973586	0.579032	0.420968	1.846721
18384	-539.6959	-564.9537	25.2578	1.212442	2.476311	0.5985231	0.343416	0.656584	3.680509
18390	-540.5975	-566.8195	26.22192	1.187827	6.220575	0.1554637	0.526218	0.473782	2.957361
18396	-530.7752	-555.1079	24.33267	0.8429326	7.879758	0.158415	0.486525	0.513475	4.050986
18402	-536.1123	-562.7056	26.59332	0.6213505	7.879758	0.158415	0.610684	0.389316	2.856824
18408	-540.3897	-565.1286	24.73885	0.8324939	8.391538	0.158415	0.27819	0.72181	3.769103
18414	-544.3901	-569.4967	25.10659	2.36276	19.30056	0.1296411	0.568954	0.431046	1.828761
18420	-531.1823	-556.0027	24.82045	1.373019	17.30596	0.1296411	0.52255	0.47745	2.768129
18426	-536.1672	-563.0857	26.91845	1.686446	9.748844	0.2789127	0.159784	0.840216	1.504283
18432	-533.2445	-558.5628	25.31828	0.9286871	4.458926	0.3937271	0.286819	0.713181	3.56549
18438	-539.5127	-564.4165	24.90384	1.081495	1.52581	0.3937271	0.286819	0.713181	4.474567
18444	-536.2394	-564.3383	28.09889	1.788566	5.157835	0.1650362	0.610234	0.389766	1.495765
18450	-537.3391	-563.5674	26.22827	1.102622	5.157835	0.5318325	0.610234	0.389766	2.653535
18456	-530.6586	-557.7514	27.09282	1.553475	4.503613	0.5318325	0.527671	0.472329	1.931525
18462	-537.2341	-564.7734	27.53926	1.575218	4.503613	0.5318325	0.10247	0.89753	1.604762
18468	-540.7928	-562.6423	21.8495	1.171143	4.503613	0.8596562	0.177428	0.822572	5.003667
18474	-533.9348	-560.2041	26.26927	0.7519669	3.305049	0.1766695	0.483694	0.516306	3.658494
18480	-538.4978	-563.4287	24.93087	0.6428449	9.122149	0.1766695	0.365547	0.634453	3.658494
18486	-537.4144	-562.1784	24.76399	0.6427455	9.122149	0.1766695	0.1843	0.8157	3.755003
18492	-535.8958	-561.9098	26.014	0.7323927	3.5889	0.1766695	0.269829	0.730171	3.755003
18498	-538.5946	-562.0905	23.49592	0.8518294	3.5889	0.3822174	0.0409214	0.959079	4.823691
18504	-526.8631	-554.5256	27.6625	2.90494	1.84914	1.1314	0.186735	0.813265	0.4342178
18510	-526.3758	-554.4452	28.06935	2.462395	1.84914	1.1314	0.170441	0.829559	0.6657577
18516	-526.5488	-554.801	28.25213	2.594743	4.278106	0.2286748	0.606046	0.393954	0.5405515
18522	-525.877	-554.0294	28.15249	2.61286	2.34661	0.6960042	0.341686	0.658314	0.522401
18528	-533.9071	-562.1267	28.21954	2.251153	2.34661	0.6960042	0.800473	0.199527	0.9887166
18534	-519.3359	-548.2932	28.95722	1.890027	5.06722	0.1340429	0.686756	0.313244	0.7108041
18540	-519.2931	-547.6189	28.32576	1.950503	7.473643	0.13552	0.746183	0.253817	0.7114803
18546	-522.4176	-551.1571	28.7395	1.720261	3.104577	0.2334505	0.502289	0.497711	1.424036
18552	-523.6439	-551.5227	27.8788	1.380951	4.726749	0.1866635	0.529598	0.470402	1.974809
18558	-518.2679	-545.0282	26.7603	1.043037	7.648407	0.1866635	0.409905	0.590095	2.465414
18564	-522.0034	-547.9081	25.90467	1.262966	3.314655	0.789296	0.471228	0.528772	2.903764
18570	-522.4233	-547.9649	25.54165	1.570617	6.747872	0.244233	0.0390571	0.960943	2.903764
18576	-520.4964	-546.8341	26.33776	1.816859	6.747872	0.244233	9.10691e-05	0.999909	2.256487
18582	-520.5154	-546.8903	26.37487	1.506135	6.747872	0.3617155	0.255609	0.744391	2.256487
18588	-526.4652	-551.9406	25.47539	1.873653	9.573173	0.3617155	0.647153	0.352847	2.256487
18594	-525.506	-552.3722	26.86627	1.458683	10.07421	0.2133489	0.60158	0.39842	1.792918
18600	-525.4287	-552.5056	27.07686	1.618112	10.07421	0.2133489	0.496671	0.503329	1.527949
18606	-525.7621	-552.7122	26.95003	1.335425	2.481009	0.199933	0.489002	0.510998	3.086478
18612	-525.0768	-552.8662	27.78938	1.702507	6.221467	0.1145777	0.14389	0.85611	1.721355
18618	-526.014	-552.5584	26.54433	1.386798	7.770144	0.2750884	0.257773	0.742227	2.21385
18624	-528.608	-556.4745	27.86649	1.742622	4.02685	0.2750884	0.373877	0.626123	1.718247
18630	-524.9996	-552.7129	27.71338	1.465704	4.108814	0.2543246	0.218692	0.781308	2.028958
18636	-528.2213	-553.4034	25.18211	1.972006	8.558014	0.4437217	0.285097	0.714903	2.391018
18642	-535.6076	-563.6539	28.04625	1.82177	4.616933	0.4496126	0.0942002	0.9058	1.083344
18648	-530.1723	-557.8662	27.69382	2.166269	5.235096	0.2497277	0.0513928	0.948607	1.306923
18654	-527.1153	-553.8393	26.72394	1.816592	7.582774	0.08554511	0.240166	0.759834	2.244825
18660	-524.418	-552.5553	28.13729	1.942479	5.633842	0.1313846	0.447274	0.552726	1.342091
18666	-524.4853	-552.5662	28.08088	2.23977	6.640832	0.04372907	0.510362	0.489638	1.269854
18672	-531.6237	-556.3259	24.70226	1.280232	6.640832	0.1969048	0.0699241	0.930076	3.663499
18678	-526.201	-551.2101	25.00905	1.175993	7.171097	0.1969048	0.286433	0.713567	3.479497
18684	-530.0803	-554.9264	24.8461	1.569908	7.171097	0.1969048	0.370592	0.629408	3.344179
18690	-524.0068	-551.3377	27.33092	1.165342	7.171097	0.1969048	0.410863	0.589137	2.06237
18696	-532.8797	-557.8054	24.92565	1.801981	18.80464	0.4698051	0.0611279	0.938872	1.794072
18702	-530.3686	-557.8306	27.46198	1.282359	6.494117	0.1641065	0.753104	0.246896	2.064168
18708	-528.7724	-555.2523	26.47988	1.933042	6.494117	0.3905036	0.194342	0.805658	1.905223
18714	-531.2078	-558.3041	27.09634	1.643852	5.923242	0.299875	0.337023	0.662977	1.905223
18720	-532.8621	-558.3958	25.53372	1.641019	10.31547	0.4011762	0.14286	0.85714	2.242471
18726	-524.1854	-551.2659	27.08045	1.531059	10.31547	0.1624129	0.150067	0.849933	1.676407
18732	-528.7163	-555.0605	26.34419	1.820233	15.5015	0.3948637	0.0477337	0.952266	1.033687
18738	-532.0967	-557.7839	25.68716	2.436263	7.204543	0.3687429	0.302221	0.697779	2.025428
18744	-533.828	-562.3416	28.51358	2.050352	6.571216	0.07161409	0.472638	0.527362	0.932945
18750	-534.5904	-561.1276	26.53722	2.060117	14.43671	0.2943739	0.317787	0.682213	0.932945
18756	-529.1912	-556.6927	27.50142	1.986931	3.688798	0.1887377	0.315486	0.684514	2.04238
18762	-533.5565	-562.1909	28.63439	2.457013	3.688798	0.1346927	0.315486	0.684514	0.9487435
18768	-537.6605	-565.5568	27.89631	2.180161	5.548836	0.152357	0.235885	0.764115	1.301354
18774	-520.6982	-548.6714	27.97321	1.685633	5.548836	0.140845	0.493789	0.506211	1.648957
18780	-524.2895	-552.6713	28.38183	1.499471	4.40597	0.1098613	0.282315	0.717685	1.803369
18786	-525.6829	-551.056	25.3731	1.350917	11.63594	0.08067199	0.520043	0.479957	2.970149
18792	-527.3629	-549.8567	22.49378	0.9631235	30.63485	0.02759601	0.75816	0.24184	4.045547
18798	-527.2149	-549.9499	22.73502	0.5858353	45.07487	0.02612905	0.855402	0.144598	3.704545
18804	-528.7413	-551.0438	22.30256	0.9890099	45.07487	0.03338645	0.510328	0.489672	3.704545
18810	-528.3418	-552.8535	24.51174	1.43836	12.30373	0.03719425	0.655483	0.344517	3.499991
18816	-533.0588	-557.7403	24.68151	0.7685628	16.61351	0.03719425	0.710829	0.289171	3.499991
18822	-526.4311	-550.9355	24.50434	1.21233	16.104	0.03719425	0.710829	0.289171	3.374958
18828	-527.8276	-553.3873	25.55975	0.6684353	16.104	0.06676278	0.753604	0.246396	2.984546
18834	-532.8468	-557.7674	24.92058	0.4714727	16.104	0.0987579	0.354169	0.645831	3.394015
18840	-535.7873	-564.0051	28.2178	2.227665	1.800465	0.9928127	0.223201	0.776799	0.9877968
18846	-534.2606	-563.4376	29.17706	2.022809	1.555173	0.3434192	0.301843	0.698157	1.28364
18852	-532.7189	-560.1372	27.41832	1.90053	2.269446	1.151273	0.210275	0.789725	1.572049
18858	-541.8547	-564.5476	22.69287	1.274851	1.312977	1.521888	0.634477	0.365523	4.98642
18864	-533.1202	-560.2296	27.10941	1.667026	1.312977	0.5416163	0.392627	0.607373	2.797086
18870	-530.9741	-557.6506	26.67655	1.219243	1.312977	0.5416163	0.697728	0.302272	3.323652
18876	-534.1835	-558.8334	24.64994	1.106776	2.18329	0.4156936	0.260936	0.739064	4.347351
18882	-531.1809	-559.4032	28.22236	1.245628	1.846253	0.3502464	0.73574	0.26426	2.346959
18888	-531.3357	-558.4563	27.12057	1.50814	1.374048	0.3502464	0.319891	0.680109	3.064935
18894	-536.1602	-562.3095	26.14932	1.478169	1.487841	0.3502464	0.754975	0.245025	3.603094
18900	-530.2038	-558.4239	28.22008	1.540073	1.487841	0.3665794	0.623745	0.376255	2.29409
18906	-524.8727	-552.8589	27.98613	1.750812	2.66988	0.3665794	0.693163	0.306837	1.857339
18912	-527.3179	-552.3804	25.06252	1.342592	3.006473	0.8319615	0.267693	0.732307	3.402096
18918	-527.9998	-555.3105	27.31075	1.938085	3.198966	1.039579	0.292376	0.707624	1.379845
18924	-533.4993	-561.6384	28.13919	2.024563	4.546261	0.04420492	0.868567	0.131433	1.788534
18930	-530.5579	-559.9912	29.43331	2.031815	1.774749	0.2623753	0.211338	0.788662	1.088026
18936	-528.9957	-555.2747	26.27903	1.735556	3.672916	0.3278515	0.379182	0.620818	2.750978
18942	-533.4068	-561.6626	28.25585	2.011962	1.607973	0.3278515	0.445607	0.554393	1.959399
18948	-531.4097	-559.4542	28.04443	1.91301	2.13357	0.3870408	0.358821	0.641179	1.865166
18954	-530.4663	-558.8162	28.34995	1.848559	2.190883	0.693305	0.29195	0.70805	1.307766
18960	-531.6434	-560.615	28.97155	2.401731	1.944748	0.4412806	0.583012	0.416988	0.5514977
18966	-534.3838	-563.589	29.20523	2.10656	2.03693	0.4412806	0.827598	0.172402	0.582126
18972	-531.5851	-559.8492	28.26409	2.093417	5.739572	0.1636239	0.286892	0.713108	0.9709988
18978	-536.2851	-564.1044	27.81928	2.655508	6.011631	0.1921641	0.169388	0.830612	0.4626231
18984	-528.6294	-557.1844	28.555	1.67013	2.29516	0.3363604	0.131186	0.868814	1.69078
18990	-531.6172	-559.8307	28.2135	2.367498	4.452656	0.3145701	0.0865602	0.91344	0.4881469
18996	-528.0489	-556.2695	28.2206	1.430656	3.866763	0.5255306	0.590244	0.409756	1.363312
19002	-535.6443	-560.4631	24.81875	1.51482	3.866763	0.5255306	0.122706	0.877294	3.492511
19008	-528.465	-553.8024	25.3374	1.127014	2.880943	0.5255306	0.0252331	0.974767	3.639141
19014	-531.3954	-556.3999	25.00454	1.096708	3.951583	0.4955222	0.500151	0.499849	3.639141
19020	-536.1036	-563.3572	27.25359	1.165232	3.587633	0.1641899	0.348411	0.651589	2.791116
19026	-532.9845	-560.076	27.09152	2.667569	6.107502	0.4490657	0.348411	0.651589	0.7680052
19032	-531.2949	-558.5458	27.25084	1.925631	5.065858	0.1716944	0.295327	0.704673	1.997619
19038	-534.0871	-562.467	28.37994	1.878148	4.139878	0.1716944	0.271217	0.728783	1.428443
19044	-533.158	-561.9923	28.83429	2.605037	1.643807	0.08263637	0.420726	0.579274	1.655156
19050	-522.3159	-549.7507	27.43482	1.984293	3.51427	0.3365794	0.342085	0.657915	1.87726
19056	-523.6086	-551.5075	27.8989	1.712031	4.219666	0.1815785	0.364218	0.635782	1.853444
19062	-521.6398	-548.2975	26.6577	1.186804	6.631284	0.1413306	0.370059	0.629941	2.666253
19068	-517.1701	-543.1278	25.95771	1.169169	7.923888	0.1450943	0.541086	0.458914	2.932817
19074	-519.0124	-546.1323	27.11988	1.220029	9.429641	0.1450943	0.541086	0.458914	2.001332
19080	-521.6313	-546.843	25.21164	1.146677	16.70894	0.04271507	0.631922	0.368078	2.940439
19086	-523.9452	-548.9279	24.98277	1.102007	26.03862	0.04271507	0.726133	0.273867	2.631412
19092	-522.7806	-546.5555	23.77494	1.416752	27.21807	0.09050003	0.710921	0.289079	2.986167
19098	-527.8442	-552.7817	24.93748	0.8936553	27.21807	0.09050003	0.754426	0.245574	2.596536
19104	-522.3064	-551.0862	28.77978	1.626939	5.10825	0.09050003	0.502897	0.497103	1.324791
19110	-525.2421	-553.6297	28.38759	1.793197	5.10825	0.1740391	0.140245	0.859755	1.252311
19116	-524.1738	-551.5972	27.42343	1.629928	8.071889	0.1740391	0.249689	0.750311	1.604956
19122	-525.0635	-549.7533	24.68981	1.424825	6.875056	0.1740391	0.196818	0.803182	3.598565
19128	-526.4689	-551.7857	25.31681	1.036569	11.60466	0.1740391	0.6799	0.3201	2.979818
19134	-525.4419	-551.5352	26.09326	1.324165	4.878275	0.2575434	0.0463517	0.953648	2.979818
19140	-523.2673	-547.8852	24.61785	1.263226	11.37972	0.2575434	0.0139247	0.986075	3.137633
19146	-523.2721	-547.9679	24.69585	1.126195	16.05537	0.100959	0.394249	0.605751	3.137633
19152	-522.024	-547.1159	25.09191	1.11964	16.90921	0.100959	0.570367	0.429633	2.850912
19158	-520.3763	-546.2548	25.87853	1.16851	9.955292	0.1090658	0.261765	0.738235	2.850912
19164	-528.4608	-552.3534	23.89263	1.565782	27.55277	0.04596124	0.388613	0.611387	2.940553
19170	-528.1787	-553.3974	25.21869	1.336115	11.13123	0.1533591	0.357897	0.642103	2.940553
19176	-537.1757	-561.9224	24.74666	1.749295	11.13123	0.0796359	0.614367	0.385633	3.151918
19182	-531.8161	-555.5702	23.75407	1.545171	20.08835	0.0796359	0.556726	0.443274	3.274545
19188	-530.5505	-554.1416	23.59113	1.420083	20.08835	0.0702913	0.510693	0.489307	3.469423
19194	-525.7524	-553.1504	27.398	1.379497	6.619612	0.1291165	0.476727	0.523273	2.105589
19200	-526.4486	-553.8848	27.43625	2.246716	6.619612	0.1679605	0.508752	0.491248	1.369107
19206	-529.1001	-556.7836	27.68353	1.597605	10.46295	0.1679605	0.182669	0.817331	1.119007
19212	-527.2766	-555.1929	27.91625	1.244183	7.568085	0.1679605	0.341996	0.658004	1.612471
19218	-527.6537	-554.1007	26.44692	1.859879	5.353635	0.1793585	0.242354	0.757646	2.491576
19224	-526.8815	-553.014	26.13249	1.640303	5.353635	0.1793585	0.567586	0.432414	2.820595
19230	-523.2736	-550.713	27.43934	1.278113	4.146734	0.1274727	0.516603	0.483397	2.568844
19236	-526.5701	-551.6408	25.07071	1.246086	4.146734	0.2334855	0.290526	0.709474	3.794561
19242	-536.6042	-561.7979	25.19371	1.702425	4.146734	0.08859476	0.335396	0.664604	3.748405
19248	-525.7049	-550.6643	24.95943	1.223041	4.099577	0.2334188	0.335396	0.664604	3.880794
19254	-523.691	-549.2678	25.57689	1.186773	9.71936	0.12954	0.323676	0.676324	2.996056
19260	-528.791	-553.176	24.38506	1.438502	11.11452	0.05652878	0.236477	0.763523	3.613232
19266	-529.833	-553.9628	24.12976	2.02347	18.10944	0.1909985	0.231463	0.768537	2.617006
19272	-529.6253	-557.2121	27.5868	1.618407	5.501035	0.1680524	0.588238	0.411762	1.907897
19278	-535.128	-563.2489	28.12097	1.675449	4.889046	0.1221747	0.175296	0.824704	1.727986
19284	-523.6431	-550.6135	26.97047	1.245931	4.658047	0.1769638	0.321449	0.678551	2.673375
19290	-531.5268	-560.1417	28.61493	1.738863	2.567735	0.1769638	0.321449	0.678551	1.795936
19296	-529.9592	-557.9046	27.94544	1.158823	6.044936	0.2200188	0.6216	0.3784	1.775397
19302	-531.0106	-555.3637	24.35314	1.619914	15.9408	0.124741	0.312512	0.687488	2.997404
19308	-524.1604	-552.33	28.16964	1.71253	5.745252	0.1221489	0.684052	0.315948	1.500128
19314	-524.8641	-550.9168	26.05271	1.675292	16.33375	0.1221489	0.719866	0.280134	1.867803
19320	-528.1053	-555.7775	27.67214	1.146371	6.649238	0.1216905	0.454581	0.545419	2.09305
19326	-522.9324	-549.5796	26.64723	1.270022	13.5551	0.1488504	0.554508	0.445492	1.884451
19332	-526.908	-554.4518	27.54374	1.808286	13.5551	0.1307923	0.576106	0.423894	0.7161144
19338	-524.2096	-551.9851	27.77551	1.340595	7.270975	0.2543422	0.38755	0.61245	1.504255
19344	-516.6431	-544.0287	27.38565	1.516477	5.20671	0.2543422	0.492901	0.507099	1.995307
19350	-522.3506	-549.0274	26.67684	1.636419	4.213032	0.2853664	0.180182	0.819818	2.513199
19356	-528.2594	-555.0828	26.82342	0.8587549	4.213032	0.2231954	0.554095	0.445905	2.997406
19362	-530.3441	-556.5605	26.21635	0.950693	4.806394	0.2108381	0.538798	0.461202	3.217319
19368	-530.9099	-557.3945	26.48468	1.063139	3.471383	0.2108381	0.52441	0.47559	3.252267
19374	-533.4941	-557.9888	24.49469	1.492456	4.190646	0.3822391	0.22284	0.77716	3.778036
19380	-529.8334	-556.9827	27.14928	1.806715	4.190646	0.8885752	0.122228	0.877772	1.449905
19386	-531.6541	-558.2911	26.63706	2.055056	2.355541	0.5848459	0.122228	0.877772	2.39537
19392	-529.1891	-556.9382	27.74911	2.166614	2.355541	1.092875	0.226563	0.773437	1.098776
19398	-527.2712	-555.2514	27.98024	2.011891	2.355541	1.161164	0.226563	0.773437	0.9638636
19404	-527.7702	-555.3894	27.61921	2.011891	2.355541	0.8961188	0.257837	0.742163	1.493561
19410	-525.9845	-554.0994	28.11492	1.716766	2.292138	0.2955246	0.375244	0.624756	2.024375
19416	-535.0845	-563.9265	28.842	1.344462	1.418012	0.2955246	0.640974	0.359026	2.153362
19422	-531.927	-558.0666	26.13963	1.266124	2.510969	0.6586966	0.517664	0.482336	3.071437
19428	-526.5578	-552.487	25.92925	1.476513	2.510969	0.6586966	0.37277	0.62723	3.071437
19434	-532.3519	-556.8998	24.54797	2.016072	3.609358	1.030608	0.190007	0.809993	3.043289
19440	-530.1605	-555.2811	25.12061	1.20163	3.609358	0.5894635	0.281353	0.718647	3.495386
19446	-533.7623	-562.1205	28.35815	2.070313	3.565518	0.2137588	0.126489	0.873511	1.350828
19452	-532.6781	-560.8582	28.18009	1.63165	6.203436	0.2017243	0.334715	0.665285	1.256527
19458	-536.6778	-563.6231	26.94526	2.911198	5.39311	0.2786496	0.240236	0.759764	1.214421
19464	-532.7194	-560.7842	28.06476	2.130814	4.506515	0.5015634	0.252981	0.747019	0.5753827
19470	-530.2908	-558.0674	27.77661	2.372077	4.342231	0.5192796	0.129409	0.870591	0.7263775
19476	-538.9241	-564.1454	25.22131	2.731761	4.342231	3.596038	0.242646	0.757354	0.8730315
19482	-541.3307	-566.7342	25.40346	2.930689	2.291087	1.267785	0.119707	0.880293	2.169179
19488	-535.7428	-564.7321	28.9893	1.784045	2.410069	0.4015551	0.253066	0.746934	1.110351
19494	-532.8728	-559.5108	26.63797	2.158662	2.410069	0.6236288	0.211668	0.788332	2.275449
19500	-536.5986	-563.5511	26.95252	1.358207	2.199878	0.6326989	0.294778	0.705222	2.641807
