Iteration	Posterior	Likelihood	Prior	rate_log_sd	rate_loss	rate_neo	root_freqs[1]	root_freqs[2]	tree_length
0	-526.8041	-554.8013	27.99718	1.5728	4.514539	0.09156916	0.803427	0.196573	2.043526
6	-524.9183	-552.4196	27.50131	1.8316	5.348866	0.09156916	0.739403	0.260597	2.043526
12	-529.7724	-555.1344	25.36192	1.31995	10.19452	0.07181364	0.760662	0.239338	3.14635
18	-524.4621	-551.9863	27.52421	1.247252	4.19051	0.09602847	0.760662	0.239338	2.605474
24	-536.2218	-560.288	24.06623	0.6984548	4.403116	0.2149713	0.760662	0.239338	4.658111
30	-536.3753	-563.6578	27.28249	1.735405	3.106979	0.2890427	0.314937	0.685063	2.317062
36	-542.9861	-569.3613	26.37524	1.735405	1.766869	0.8339039	0.24474	0.75526	2.765978
42	-537.4919	-556.7195	19.22754	4.871532	7.528441	24.01183	0.208481	0.791519	0.2070785
48	-536.2201	-556.1879	19.96783	4.742239	5.227519	22.97734	0.446363	0.553637	0.2070785
54	-530.2404	-556.4289	26.18849	1.149901	4.315873	0.3321512	0.167438	0.832562	3.022996
60	-532.2565	-559.2434	26.9869	1.686453	4.473121	0.3321512	0.545974	0.454026	2.163811
66	-538.1219	-565.1079	26.986	2.057309	16.6855	0.1001782	0.545974	0.454026	0.8326518
72	-545.3623	-570.2762	24.91387	0.8928661	7.554574	0.6088637	0.374547	0.625453	3.167923
78	-537.6556	-562.5813	24.92571	1.477068	5.617226	0.5041233	0.299556	0.700444	3.167923
84	-532.1914	-557.0437	24.85228	1.019843	16.79354	0.1303566	0.205431	0.794569	2.992024
90	-529.8157	-554.0537	24.23797	1.632019	37.41483	0.1505353	0.259705	0.740295	2.042479
96	-533.8633	-558.2399	24.37667	1.661519	26.66311	0.3018215	0.294953	0.705047	2.066393
102	-537.6196	-560.5975	22.97791	1.888136	26.66311	0.3018215	0.243576	0.756424	2.805323
108	-529.8605	-555.6575	25.79704	1.662312	14.406	0.1413365	0.243576	0.756424	2.139834
114	-531.045	-558.2492	27.20419	1.720827	4.417518	0.1264451	0.455467	0.544533	2.387239
120	-537.0267	-564.8776	27.8509	1.705717	2.055804	0.4648354	0.444858	0.555142	2.067006
126	-531.0641	-559.0053	27.94128	1.42157	2.134074	0.4648354	0.207479	0.792521	2.164887
132	-527.6235	-556.3868	28.76322	1.568016	3.503264	0.2471301	0.476751	0.523249	1.373467
138	-525.5829	-553.4988	27.91585	1.191946	2.550854	0.2471301	0.441021	0.558979	2.483393
144	-536.8267	-564.1843	27.35765	1.57281	6.059893	0.5509097	0.176489	0.823511	1.405994
150	-528.0744	-556.8582	28.78379	1.951439	3.232319	0.1434416	0.455871	0.544129	1.387438
156	-531.07	-557.691	26.62099	1.300233	3.232319	0.2860514	0.282057	0.717943	2.967158
162	-533.712	-562.1723	28.46029	1.792183	3.83644	0.2499454	0.714973	0.285027	1.33464
168	-535.1574	-564.1695	29.01214	1.792183	2.074152	0.1511964	0.538955	0.461045	1.721677
174	-523.1067	-551.1464	28.03963	1.37232	6.062093	0.1743055	0.658273	0.341727	1.652663
180	-523.6826	-549.2633	25.58067	0.876882	7.287978	0.1743055	0.477879	0.522121	3.347013
186	-527.4494	-552.4651	25.01568	1.488077	11.2164	0.1160244	0.477879	0.522121	3.046989
192	-522.6985	-550.9545	28.25598	1.759722	3.07142	0.2571265	0.164749	0.835251	1.71442
198	-523.151	-552.236	29.08503	2.018093	3.07142	0.08703569	0.445429	0.554571	1.327015
204	-523.5826	-552.032	28.44942	2.018093	2.819621	0.2007416	0.601986	0.398014	1.579879
210	-533.9976	-561.2775	27.2799	0.9096331	6.77897	0.1705669	0.484544	0.515456	2.367917
216	-534.3333	-560.143	25.8097	1.225659	6.77897	0.2388622	0.165266	0.834734	2.95468
222	-526.3963	-553.6209	27.22468	1.814586	4.686947	0.1481855	0.538637	0.461363	2.211084
228	-526.6306	-554.2342	27.6036	2.132134	6.736507	0.1569398	0.58017	0.41983	1.336135
234	-529.3468	-556.6509	27.30406	1.622653	8.706485	0.1810215	0.498132	0.501868	1.596524
240	-529.5644	-556.9578	27.39337	1.71133	4.933186	0.3863899	0.277317	0.722683	1.704835
246	-530.0369	-557.54	27.5031	1.57311	5.034513	0.3863899	0.305597	0.694403	1.704835
252	-525.5362	-553.5833	28.04715	1.57311	5.034513	0.2102341	0.530804	0.469196	1.614361
258	-527.6607	-554.7146	27.05387	2.00626	12.72214	0.06685123	0.531335	0.468665	1.378357
264	-532.1645	-556.808	24.64352	1.350016	7.994102	0.2803252	0.0920079	0.907992	3.363875
270	-527.6875	-553.0827	25.3952	0.7910349	10.5153	0.1258462	0.699799	0.300201	3.274038
276	-530.7859	-558.2715	27.48569	0.8089779	4.655301	0.1238191	0.813078	0.186922	2.740296
282	-528.8227	-554.3368	25.51418	1.568746	8.326447	0.1248443	0.263776	0.736224	2.958956
288	-529.5246	-556.9924	27.4678	1.029814	5.060933	0.2742903	0.560073	0.439927	2.253147
294	-531.4736	-555.7017	24.22813	0.971797	5.722202	0.2293584	0.0272811	0.972719	4.182578
300	-526.9817	-555.7792	28.7975	1.96368	4.154027	0.158618	0.368466	0.631534	1.035511
306	-530.4238	-558.6362	28.21243	1.869703	4.872891	0.158618	0.489889	0.510111	1.424793
312	-532.1439	-559.2537	27.10978	1.944644	2.669773	1.005195	0.196238	0.803762	1.718298
318	-534.2267	-560.8531	26.62644	1.778005	3.167412	1.51726	0.0716417	0.928358	1.718298
324	-521.601	-549.9514	28.35043	1.632409	5.512569	0.1393459	0.622268	0.377732	1.419411
330	-527.8738	-554.8783	27.00449	1.875238	5.932588	0.3716607	0.524679	0.475321	1.699228
336	-533.9336	-558.2013	24.26768	1.458531	21.50364	0.357087	0.229899	0.770101	2.437131
342	-534.6288	-563.6767	29.04795	2.615548	3.536948	0.06618796	0.516044	0.483956	0.6366733
348	-544.5965	-573.2319	28.63538	2.386572	2.915979	0.1865593	0.330278	0.669722	1.139762
354	-525.8058	-554.3928	28.58703	2.029881	3.922011	0.1865593	0.184619	0.815381	1.156021
360	-527.9358	-554.1482	26.21237	1.818597	3.922011	0.1501672	0.336175	0.663825	2.982976
366	-522.9429	-550.1539	27.21098	1.053711	2.92764	0.1956451	0.336175	0.663825	2.982976
372	-528.4584	-555.5596	27.10124	1.020506	3.66492	0.1716616	0.418008	0.581992	2.939067
378	-529.1879	-556.0624	26.87444	1.395479	3.66492	0.3994897	0.392588	0.607412	2.504021
384	-525.795	-552.8696	27.07454	1.250568	6.958518	0.1502605	0.666155	0.333845	2.300723
390	-528.2118	-548.8142	20.60243	0.8878906	9.121559	0.160251	0.184948	0.815052	5.972327
396	-524.9404	-551.7638	26.82343	1.597756	7.363612	0.4810165	0.200055	0.799945	1.655065
402	-526.1691	-553.0997	26.93059	1.422475	6.897091	0.4810165	0.195377	0.804623	1.772076
408	-530.8668	-558.1714	27.30463	1.697692	4.118479	0.5310362	0.00506736	0.994933	1.772076
414	-531.8886	-559.1537	27.26515	1.919238	4.118479	0.4747176	0.0349496	0.96505	1.709453
420	-532.392	-557.9277	25.53567	1.338068	7.546784	0.4747176	0.262154	0.737846	2.65132
426	-531.6684	-557.9006	26.23223	2.266011	7.546784	0.466306	0.291973	0.708027	1.590965
432	-527.5857	-556.5792	28.99353	1.773924	4.452745	0.1264746	0.537589	0.462411	1.049697
438	-529.2932	-556.3902	27.09705	2.468055	4.078475	0.6979766	0.452382	0.547618	1.169985
444	-526.7881	-554.5081	27.72002	2.831904	7.748954	0.01811452	0.425295	0.574705	0.9313765
450	-524.1204	-552.7796	28.65922	2.783318	3.97118	0.03038693	0.485214	0.514786	0.9654284
456	-529.0782	-557.0267	27.94846	2.876195	6.316145	0.01752645	0.485068	0.514932	0.9641064
462	-527.8322	-556.1869	28.35465	2.51157	6.559772	0.02346115	0.654733	0.345267	0.8473198
468	-530.6678	-557.8305	27.16278	2.535995	13.62013	0.06159809	0.776767	0.223233	0.599544
474	-543.2628	-569.4968	26.23399	2.311591	20.47411	0.1492502	0.642146	0.357854	0.3006423
480	-526.4976	-554.1804	27.68279	1.419136	3.100225	0.3279997	0.494966	0.505034	2.207661
486	-524.1548	-551.5857	27.43087	1.470351	7.138251	0.3732167	0.289338	0.710662	1.483056
492	-526.7049	-552.5144	25.80945	1.163932	7.138251	0.2328105	0.255773	0.744227	2.955695
498	-526.9221	-553.5177	26.59559	0.9681558	4.743958	0.2328105	0.00150977	0.99849	2.95457
504	-527.8516	-555.2877	27.43612	0.8928246	4.743958	0.2328105	0.562679	0.437321	2.485537
510	-526.5202	-554.1443	27.62417	1.129613	3.892636	0.2328105	0.381055	0.618945	2.388055
516	-536.2678	-563.3801	27.11232	1.949438	5.704894	0.577156	0.247204	0.752796	1.339876
522	-544.8699	-569.7226	24.85277	2.060233	12.81286	0.08652702	0.384139	0.615861	2.744558
528	-540.619	-564.7659	24.14695	1.137261	14.62238	0.0748503	0.637581	0.362419	3.614132
534	-528.6945	-556.6224	27.92788	1.281118	4.062712	0.3717005	0.354259	0.645741	1.838564
540	-527.715	-553.2659	25.55092	1.420893	4.062712	0.3717005	0.0478244	0.952176	3.240532
546	-528.776	-555.6205	26.84448	2.293977	6.998166	0.219154	0.301379	0.698621	1.600039
552	-541.8746	-566.2685	24.39393	2.947998	2.870289	0.5075338	0.607667	0.392333	3.144171
558	-539.0453	-564.4297	25.38434	2.977361	2.870289	1.56816	0.27053	0.72947	1.810306
564	-533.8591	-560.0427	26.18359	1.492214	2.870289	0.2655062	0.195381	0.804619	3.234135
570	-533.8155	-560.7248	26.90932	1.356758	3.272614	0.2471598	0.499517	0.500483	2.808012
576	-537.7282	-563.4258	25.6976	1.074963	3.272614	0.393687	0.663737	0.336263	3.499936
582	-531.2606	-556.7146	25.45399	1.057625	2.472741	0.6493452	0.404895	0.595105	3.615923
588	-532.8316	-560.0452	27.21363	1.98318	3.792544	0.6493452	0.452997	0.547003	1.588291
594	-532.6241	-559.6112	26.9871	2.795243	5.88954	0.2318213	0.171143	0.828857	1.272117
600	-535.2551	-560.3335	25.07836	2.243332	2.820446	1.222784	0.355524	0.644476	2.670193
606	-529.0931	-556.1444	27.05135	2.848975	4.379944	0.7002189	0.205203	0.794797	0.6840625
612	-523.9522	-553.0472	29.09495	2.329907	4.319859	0.05771684	0.701098	0.298902	0.6630669
618	-521.4699	-550.1193	28.64936	2.351036	5.740576	0.04960252	0.614325	0.385675	0.7732167
624	-529.6071	-553.6568	24.04975	1.045423	4.184489	0.4366673	0.33592	0.66408	4.229833
630	-525.951	-554.5828	28.63186	2.109436	5.740576	0.1335802	0.569244	0.430756	0.5090599
636	-541.5631	-570.4865	28.92337	1.811922	5.285758	0.1690224	0.328513	0.671487	0.5070989
642	-528.6587	-555.5023	26.84363	1.647209	4.184489	0.3592244	0.379314	0.620686	2.303043
648	-522.7418	-548.7326	25.99073	1.133674	9.951769	0.2546926	0.201251	0.798749	2.515901
654	-520.7831	-546.7162	25.93315	1.264458	9.951769	0.2273199	0.451811	0.548189	2.515901
660	-524.2618	-552.1143	27.85248	1.152513	3.37922	0.09214339	0.491001	0.508999	2.648602
666	-522.5387	-548.361	25.82223	1.030461	4.442755	0.4621538	0.385102	0.614898	3.138252
672	-532.9278	-558.2498	25.32195	0.8229338	3.441558	0.392151	0.302297	0.697703	3.827177
678	-523.9747	-548.2673	24.29262	1.158327	3.657709	0.392151	0.346551	0.653449	4.177885
684	-534.1426	-562.3076	28.16502	1.088127	3.657709	0.392151	0.306514	0.693486	1.876619
690	-526.0209	-552.2721	26.25128	1.469598	3.387291	0.3388992	0.177988	0.822012	2.978832
696	-526.7935	-553.3564	26.56289	1.389162	4.35682	0.1344502	0.457687	0.542313	2.978832
702	-525.0335	-552.6024	27.56894	1.57235	5.830249	0.1499631	0.605109	0.394891	1.936338
708	-524.6082	-550.8596	26.25133	1.355531	6.816588	0.3096587	0.369773	0.630227	2.492177
714	-522.5827	-549.9562	27.37352	1.595615	3.382397	0.4102323	0.505765	0.494235	2.111666
720	-532.8736	-558.8455	25.97187	0.7987963	4.982968	0.3198587	0.0691901	0.93081	3.258518
726	-529.1651	-555.0972	25.93206	1.156775	4.982968	0.6555392	0.157458	0.842542	2.72047
732	-531.6765	-559.5016	27.8251	1.26164	3.459722	0.1273565	0.378432	0.621568	2.489443
738	-537.533	-562.1003	24.56727	1.133835	3.459722	0.6467296	0.446228	0.553772	3.840054
744	-533.0534	-556.6976	23.64426	1.18169	3.612741	0.2685865	0.138383	0.861617	4.692663
750	-530.3011	-559.4482	29.14715	1.5564	3.612741	0.1275141	0.63742	0.36258	1.3441
756	-527.6577	-554.8253	27.16758	1.752511	7.088171	0.107696	0.586571	0.413429	2.000203
762	-524.5615	-552.1719	27.61047	1.824285	11.6056	0.1709857	0.554435	0.445565	0.7625568
768	-524.8438	-552.6832	27.83938	1.532005	11.6056	0.1178728	0.529907	0.470093	1.048839
774	-529.2376	-554.4955	25.25795	1.114918	16.91933	0.1852654	0.451985	0.548015	2.564178
780	-534.3435	-560.0806	25.73719	0.8460635	16.91933	0.1852654	0.0729539	0.927046	2.432658
786	-528.274	-553.9017	25.62763	0.945749	16.91933	0.1884412	0.564032	0.435968	2.432658
792	-527.2993	-555.2684	27.96911	1.426298	4.797919	0.480804	0.500618	0.499382	1.390763
798	-526.7265	-554.94	28.21351	1.93141	7.134874	0.03894754	0.551129	0.448871	1.345068
804	-538.1917	-559.9076	21.71592	0.8842324	18.27334	0.05889524	0.13809	0.86191	4.964164
810	-534.341	-560.0892	25.74816	1.294125	19.13817	0.05228081	0.329675	0.670325	2.344456
816	-526.1768	-551.1556	24.97876	1.431727	19.13817	0.2287848	0.748599	0.251401	2.326867
822	-522.182	-549.1378	26.95576	1.693231	5.301541	0.1264815	0.716758	0.283242	2.40086
828	-524.6633	-552.9702	28.30688	1.817918	5.301541	0.1330038	0.455832	0.544168	1.370229
834	-522.6743	-551.4591	28.7848	2.598393	4.047532	0.08043514	0.418846	0.581154	0.7024445
840	-518.5996	-547.1862	28.58656	2.698126	4.047532	0.1137312	0.586164	0.413836	0.4058843
846	-517.2635	-546.1525	28.88902	2.318666	4.313186	0.1137312	0.592785	0.407215	0.4294266
852	-523.7376	-552.5892	28.85164	2.318666	4.313186	0.1137312	0.332425	0.667575	0.6720862
858	-519.6014	-547.6014	28.00003	1.670829	5.9488	0.1137312	0.447332	0.552668	1.642703
864	-525.5494	-552.7229	27.17345	2.188126	5.9488	0.2351512	0.0454655	0.954535	1.578684
870	-525.2828	-552.1741	26.8913	1.724074	7.611928	0.2351512	0.484311	0.515689	1.848724
876	-524.3912	-551.6593	27.26812	1.405347	4.960372	0.2664738	0.568407	0.431593	2.170297
882	-528.2458	-553.5262	25.28041	1.594496	13.96309	0.2126008	0.312476	0.687524	2.400876
888	-530.245	-556.5354	26.2904	1.446169	5.268954	0.4063689	0.151804	0.848196	2.518244
894	-529.8835	-558.6166	28.73315	1.491177	5.813222	0.1391258	0.667399	0.332601	1.160171
900	-531.3274	-557.2076	25.88024	1.200139	20.04834	0.2673307	0.16727	0.83273	1.761599
906	-532.0305	-557.6879	25.65744	1.911892	11.25118	0.3970576	0.128331	0.871669	1.896026
912	-531.738	-558.7396	27.0016	0.9510566	5.00883	0.1435665	0.548882	0.451118	2.841759
918	-531.872	-558.8131	26.94114	1.061208	5.00883	0.2091037	0.173421	0.826579	2.682445
924	-521.8175	-549.9146	28.0971	1.758955	5.332377	0.4032023	0.162846	0.837154	0.9823809
930	-527.9265	-556.6227	28.69622	1.415648	3.727741	0.2245385	0.659737	0.340263	1.525094
936	-525.7291	-552.5141	26.78506	1.582433	6.878297	0.2485267	0.453018	0.546982	2.0925
942	-526.1344	-551.7167	25.58228	2.410737	4.30027	3.220554	0.079881	0.920119	0.999205
948	-528.724	-554.5233	25.7993	2.410737	11.0163	0.4635644	0.0138168	0.986183	1.368508
954	-521.1652	-547.5268	26.36166	1.961958	12.93401	0.09823558	0.461314	0.538686	1.79305
960	-538.083	-562.8988	24.8158	1.136131	8.55477	0.8909159	0.0666003	0.9334	2.755189
966	-539.806	-566.5733	26.76728	1.182001	3.774829	0.08676672	0.345299	0.654701	3.211799
972	-531.5555	-555.4513	23.89582	1.395748	14.03969	0.1261195	0.3512	0.6488	3.522685
978	-525.8457	-553.6521	27.8064	1.395748	5.83954	0.1261195	0.30208	0.69792	1.952569
984	-527.1242	-553.8815	26.75734	1.487036	5.021999	0.07728665	0.539724	0.460276	2.826843
990	-534.7505	-561.8908	27.14031	1.487036	6.225128	0.2756045	0.171476	0.828524	1.971803
996	-526.6533	-554.6587	28.00535	1.48655	4.254233	0.2756045	0.199082	0.800918	1.747423
1002	-530.3127	-557.934	27.62135	1.201452	3.735327	0.3039188	0.401068	0.598932	2.265602
1008	-527.5828	-551.6984	24.11558	0.9853644	4.164231	0.3039188	0.405148	0.594852	4.383551
1014	-523.8502	-550.8803	27.03008	1.401179	3.995635	0.3039188	0.359776	0.640224	2.456825
1020	-523.2174	-547.9991	24.78165	1.680821	11.96722	0.2957428	0.0349278	0.965072	2.680722
1026	-522.193	-548.4584	26.26544	1.479992	11.54068	0.1958913	0.063852	0.936148	2.072545
1032	-531.4628	-558.2428	26.78	1.692165	6.386988	0.2836583	0.554516	0.445484	2.037136
1038	-520.8225	-549.2206	28.39809	1.887556	3.693898	0.09178398	0.333331	0.666669	1.740594
1044	-522.9148	-550.1893	27.27455	1.566484	2.874905	0.3358479	0.373988	0.626012	2.424413
1050	-531.9182	-557.3926	25.47438	0.6915257	9.440142	0.1678821	0.0509972	0.949003	3.298175
1056	-537.5759	-565.4866	27.91072	1.310785	8.343381	0.1109514	0.428499	0.571501	1.611799
1062	-521.5647	-550.2386	28.67396	2.057627	4.758012	0.2180511	0.1116	0.8884	0.5304532
1068	-519.8081	-547.6089	27.80074	2.071274	6.596816	0.3575376	0.131652	0.868348	0.6884073
1074	-526.8478	-553.3381	26.49031	0.8189466	4.863028	0.107779	0.476729	0.523271	3.332418
1080	-524.3857	-551.3518	26.96616	1.449685	4.863028	0.107779	0.580829	0.419171	2.667924
1086	-522.0168	-548.7055	26.68874	0.8463402	6.808785	0.19186	0.580829	0.419171	2.72923
1092	-525.2766	-549.9982	24.72157	0.6087439	3.601899	0.232353	0.186304	0.813696	4.464922
1098	-525.7307	-549.4781	23.7474	0.9405915	2.906245	0.753253	0.293026	0.706974	4.464922
1104	-535.8674	-558.2327	22.36527	3.780798	2.470048	20.1415	0.183655	0.816345	0.730489
1110	-542.8695	-566.8239	23.95441	3.240816	3.008052	8.909019	0.238704	0.761296	0.8015557
1116	-539.2323	-563.0047	23.77233	3.240816	3.307051	8.909019	0.2651	0.7349	0.8760258
1122	-542.3308	-564.605	22.27418	3.502883	4.973743	14.37424	0.00992468	0.990075	0.7694652
1128	-533.925	-556.3725	22.4475	3.549689	4.572281	14.37424	0.0245432	0.975457	0.5502865
1134	-524.1561	-548.6065	24.45037	0.9634295	5.386002	0.2075865	0.438458	0.561542	4.145303
1140	-534.1969	-560.9575	26.76054	1.311712	8.165572	0.09766004	0.346626	0.653374	2.437381
1146	-529.7384	-556.7008	26.96244	1.911159	6.818145	0.09606405	0.405586	0.594414	2.10147
1152	-527.9532	-554.1953	26.2421	1.379276	5.240286	0.5354754	0.0787041	0.921296	2.45542
1158	-525.734	-552.1542	26.4202	1.627555	4.781963	0.3684502	0.40042	0.59958	2.45542
1164	-522.7884	-551.8311	29.04267	1.636683	3.337011	0.261728	0.313329	0.686671	1.10239
1170	-524.3735	-552.2503	27.87683	1.346201	4.843008	0.173856	0.407862	0.592138	2.003887
1176	-524.3759	-550.2791	25.90316	1.283109	4.843008	0.563503	0.407862	0.592138	2.766234
1182	-519.6782	-546.9654	27.28717	1.846813	3.797964	0.563503	0.334501	0.665499	1.720803
1188	-519.2457	-546.2796	27.03386	1.996352	4.290453	1.247093	0.0867575	0.913242	1.076008
1194	-522.6193	-550.0557	27.43648	2.209134	4.290453	0.852006	0.654552	0.345448	0.8311125
1200	-522.9052	-549.9211	27.01591	2.342239	7.591842	0.4138121	0.0472251	0.952775	0.9418147
1206	-527.4896	-555.8415	28.35182	1.943032	2.338746	0.4138121	0.187733	0.812267	1.50988
1212	-528.7284	-555.7961	27.06776	1.160239	2.992878	0.6793441	0.2115	0.7885	2.416639
1218	-530.4254	-556.222	25.79665	1.232564	3.314905	0.7138953	0.195808	0.804192	3.042938
1224	-526.8352	-555.0188	28.1836	1.778946	4.61893	0.4152103	0.239752	0.760248	1.05306
1230	-526.2927	-553.2349	26.94219	0.7803443	3.265642	0.3113246	0.170255	0.829745	3.042938
1236	-531.2465	-557.1451	25.89861	1.241093	5.029071	0.3113246	0.151783	0.848217	3.042938
1242	-523.38	-551.3337	27.95367	1.312533	5.029071	0.3113246	0.219157	0.780843	1.683803
1248	-523.286	-550.111	26.825	1.090253	5.029071	0.3192843	0.22713	0.77287	2.559721
1254	-531	-558.3559	27.35596	1.530169	6.256947	0.3192843	0.323615	0.676385	1.718837
1260	-524.9311	-550.4223	25.49123	1.797602	5.253422	1.103223	0.242757	0.757243	2.235326
1266	-531.1166	-557.8234	26.70683	1.431052	7.292264	0.2202037	0.700905	0.299095	2.235326
1272	-521.9237	-549.1449	27.2212	1.16319	8.566746	0.2202037	0.413512	0.586488	1.911715
1278	-523.0647	-550.4845	27.41989	1.733176	8.566746	0.1939291	0.446039	0.553961	1.415663
1284	-521.4886	-548.5461	27.05752	1.567337	10.66571	0.2442447	0.448292	0.551708	1.448425
1290	-539.4651	-567.383	27.91795	2.820212	3.26554	0.3873471	0.050714	0.949286	0.7633589
1296	-531.8984	-557.6634	25.76498	2.093542	3.26554	0.6511691	0.570267	0.429733	2.601168
1302	-527.9896	-554.5435	26.55392	2.453021	2.37838	1.08995	0.198612	0.801388	1.793722
1308	-525.7463	-553.668	27.92173	1.868828	3.16173	0.6339906	0.00792774	0.992072	1.334032
1314	-522.8196	-550.6158	27.79614	1.841784	3.16173	0.494912	0.253443	0.746557	1.610356
1320	-529.7479	-556.4505	26.70269	1.574818	4.521879	0.5190179	0.385566	0.614434	2.18502
1326	-534.5662	-562.541	27.9748	1.570033	3.358069	0.3793015	0.164501	0.835499	1.770496
1332	-533.6789	-561.7153	28.03634	2.089454	3.961589	0.2433315	0.512739	0.487261	1.414107
1338	-533.114	-558.2459	25.13187	2.153469	8.367028	1.340678	0.228074	0.771926	1.636017
1344	-533.7206	-558.0313	24.31073	3.865034	2.254767	5.044752	0.253801	0.746199	0.1901511
1350	-536.7079	-560.4889	23.78102	3.687065	4.281953	5.044752	0.202753	0.797247	0.2321073
1356	-536.0747	-560.6916	24.61685	3.687065	2.428328	5.044752	0.116487	0.883513	0.2870712
1362	-544.6917	-569.3787	24.68707	3.687065	2.428328	5.044752	0.407981	0.592019	0.3475461
1368	-539.7871	-564.8826	25.0955	3.464512	2.080524	5.044752	0.729117	0.270883	0.3475461
1374	-533.9302	-562.4854	28.55522	2.172965	3.144196	0.4340904	0.525017	0.474983	0.7176588
1380	-533.6596	-562.7639	29.10434	2.126788	2.07568	0.4340904	0.495032	0.504968	0.733264
1386	-537.8658	-565.6275	27.76176	1.499889	1.640072	0.2835221	0.854642	0.145358	2.654219
1392	-539.3391	-567.1857	27.84659	1.498498	1.640072	0.4848102	0.644091	0.355909	2.349917
1398	-537.0996	-565.6798	28.58026	1.467244	1.640072	0.4848102	0.613104	0.386896	1.889739
1404	-536.2383	-562.0369	25.79861	1.971529	2.624292	2.57319	0.479509	0.520491	1.893983
1410	-545.491	-567.1776	21.6866	3.126761	7.28889	12.67269	0.00109145	0.998909	1.365077
1416	-557.292	-578.9786	21.6866	3.126761	7.28889	12.67269	0.00109145	0.998909	1.365077
1422	-536.7712	-561.0383	24.26712	2.252015	2.063943	1.67257	0.590577	0.409423	3.178496
1428	-537.0304	-562.8927	25.86226	1.723643	2.063943	0.5721811	0.354216	0.645784	3.178496
1434	-528.2489	-555.8107	27.5618	1.933128	3.330072	0.4891615	0.281621	0.718379	1.671823
1440	-528.4715	-555.4029	26.9314	1.404153	4.076626	0.3071469	0.351835	0.648165	2.495172
1446	-522.2669	-547.9527	25.68579	1.311779	13.81084	0.2098389	0.296104	0.703896	2.339728
1452	-524.1556	-548.5287	24.37312	1.464651	10.27658	0.2624912	0.545405	0.454595	3.252241
1458	-529.4736	-553.0948	23.62116	1.754799	6.401469	0.2124027	0.425905	0.574095	4.016919
1464	-522.3715	-546.2425	23.871	0.856263	8.154862	0.2124027	0.204359	0.795641	4.180317
1470	-526.6452	-551.3776	24.7323	1.538034	8.0878	0.1021899	0.392335	0.607665	3.519748
1476	-533.1083	-557.9539	24.84563	0.8947377	18.12044	0.06048656	0.172906	0.827094	3.17369
1482	-530.6775	-555.4166	24.73908	0.8440226	18.12044	0.1356037	0.431099	0.568901	3.075283
1488	-530.097	-555.3927	25.29568	0.9309272	12.34376	0.1356037	0.534298	0.465702	3.075283
1494	-530.8231	-557.2808	26.45771	1.02575	10.21482	0.1356037	0.548323	0.451677	2.493982
1500	-530.1295	-556.2632	26.13369	1.02575	3.844232	0.1356037	0.493087	0.506913	3.544581
1506	-530.0092	-556.9645	26.95538	1.382405	6.618024	0.1356037	0.220824	0.779176	2.37336
1512	-538.1242	-564.745	26.62073	1.342685	8.489145	0.1356037	0.49626	0.50374	2.37336
1518	-533.3777	-559.9112	26.53356	1.478043	8.489145	0.1397202	0.202295	0.797705	2.333191
1524	-543.8375	-566.5188	22.68129	3.177018	5.544666	10.6603	0.204612	0.795388	1.05166
1530	-533.5378	-556.7863	23.2485	3.177018	3.883063	10.6603	0.0223314	0.977669	0.9783855
1536	-530.7382	-554.0209	23.28268	3.177018	3.883063	10.6603	0.0843012	0.915699	0.9427459
1542	-539.7344	-563.4568	23.72235	3.216588	2.007802	12.35268	0.1113	0.8887	1.055399
1548	-536.0201	-559.1769	23.15683	3.263862	3.06297	12.35268	0.399247	0.600753	1.055399
1554	-536.8634	-559.6505	22.78709	3.165648	5.866335	10.44271	0.0278469	0.972153	0.9055928
1560	-529.0849	-555.2264	26.14148	1.392013	7.202373	0.5122053	0.214624	0.785376	2.241141
1566	-530.6147	-556.3983	25.78359	1.469303	14.29571	0.2008479	0.155296	0.844704	2.155681
1572	-533.8836	-559.1681	25.28449	1.583273	44.50831	0.02033254	0.863244	0.136756	1.497881
1578	-529.0016	-553.6331	24.63155	1.183167	39.7985	0.01901505	0.866852	0.133148	2.36065
1584	-532.5694	-554.8187	22.24931	1.593855	43.09063	0.03270901	0.520075	0.479925	3.436523
1590	-531.1967	-560.5059	29.30922	2.655704	1.770968	0.1884038	0.582777	0.417223	0.3022272
1596	-532.3471	-561.5775	29.2304	2.841656	1.770968	0.1884038	0.474484	0.525516	0.4809743
1602	-533.9951	-562.513	28.51789	2.721427	2.19731	0.4123037	0.258927	0.741073	0.3605094
1608	-534.879	-562.7394	27.8604	2.721427	2.454753	0.6794001	0.0729827	0.927017	0.2728019
1614	-534.4333	-562.7777	28.34437	2.445934	2.526801	0.5791202	0.168297	0.831703	0.6723661
1620	-528.9812	-553.0734	24.09216	1.16684	9.305473	0.1066682	0.332881	0.667119	3.968031
1626	-528.2718	-556.207	27.93525	1.376434	9.305473	0.1066682	0.462524	0.537476	1.432136
1632	-531.307	-558.2947	26.98774	1.257265	6.042827	0.1305264	0.539065	0.460935	2.526999
1638	-532.7428	-560.0702	27.32736	1.186659	4.037924	0.2216805	0.108127	0.891873	2.526999
1644	-529.8548	-554.5195	24.66465	1.517942	12.53186	0.3040902	0.11021	0.88979	2.794171
1650	-532.5899	-561.4408	28.85092	2.516878	2.173577	0.3720374	0.403637	0.596363	0.4285632
1656	-536.808	-564.7213	27.91323	3.308794	2.405519	0.3720374	0.35792	0.64208	0.6435701
1662	-534.481	-560.4011	25.9201	1.392641	2.334745	0.7303397	0.154695	0.845305	3.123947
1668	-535.8094	-561.2107	25.40127	2.692549	3.692611	0.7303397	0.14159	0.85841	2.286415
1674	-533.3192	-559.9629	26.64372	3.276575	2.703425	0.5694182	0.144293	0.855707	1.460678
1680	-520.6143	-549.9149	29.30056	2.167939	3.066572	0.165631	0.711801	0.288199	0.5820108
1686	-526.4818	-555.0445	28.56266	2.092041	4.253478	0.2819242	0.18666	0.81334	0.7035308
1692	-528.945	-555.8544	26.90943	1.974444	2.573248	0.7464709	0.111103	0.888897	2.06073
1698	-519.6534	-547.6752	28.0218	1.20674	2.923526	0.1724527	0.129538	0.870462	2.437287
1704	-524.0125	-551.9875	27.97497	1.444856	2.923526	0.1676079	0.419481	0.580519	2.326272
1710	-527.7933	-554.5597	26.76637	1.536027	2.923526	0.2200081	0.515258	0.484742	2.918478
1716	-527.9071	-554.6134	26.70632	1.242913	2.923526	0.1979387	0.451732	0.548268	3.168267
1722	-531.9242	-559.6186	27.69447	2.077922	10.71496	0.08831898	0.317732	0.682268	0.8949819
1728	-530.3792	-555.198	24.81877	1.505157	10.71496	0.3311519	0.502591	0.497409	2.824854
1734	-532.5763	-559.1291	26.55283	2.283058	2.627385	1.85593	0.248482	0.751518	1.407127
1740	-527.4095	-556.8474	29.43791	2.10568	1.884517	0.2640164	0.335662	0.664338	0.9379973
1746	-529.1149	-557.4057	28.2908	1.810568	1.884517	1.007982	0.712034	0.287966	1.239432
1752	-526.1007	-555.6027	29.50204	2.105256	1.884517	0.2530163	0.445191	0.554809	0.8989798
1758	-530.093	-558.4393	28.34632	2.009817	1.884517	0.2530163	0.594276	0.405724	1.898284
1764	-528.0014	-554.5189	26.51749	1.518338	1.884517	0.4668524	0.275849	0.724151	3.075134
1770	-527.2787	-553.7783	26.49962	0.7966719	3.43247	0.4668524	0.390374	0.609626	3.075134
1776	-532.0675	-558.2145	26.147	1.125746	3.541343	0.6673439	0.102372	0.897628	2.881254
1782	-531.1098	-559.3874	28.27763	1.857171	3.508332	0.6673439	0.142222	0.857778	0.8402363
1788	-530.2862	-555.7044	25.41817	2.720474	2.483502	1.159771	0.342496	0.657504	2.292068
1794	-525.3237	-551.6657	26.34196	2.012585	2.534512	1.890247	0.386889	0.613111	1.77581
1800	-525.5344	-554.9746	29.44027	2.024103	2.534512	0.101265	0.297569	0.702431	1.175593
1806	-528.9536	-556.6077	27.65418	1.264026	2.534512	0.101265	0.721209	0.278791	2.900174
1812	-529.5642	-558.1729	28.60866	1.562799	2.527855	0.3799581	0.473384	0.526616	1.579366
1818	-531.3339	-559.4171	28.08327	1.503253	2.527855	0.5122469	0.38031	0.61969	1.825416
1824	-537.4926	-562.8739	25.38131	1.438624	3.458966	0.1653441	0.229907	0.770093	3.761882
1830	-528.5899	-556.7701	28.18026	1.469324	3.209783	0.4240211	0.283558	0.716442	1.677412
1836	-526.6735	-553.4922	26.81864	0.9356211	3.209783	0.4240211	0.426497	0.573503	2.898555
1842	-532.3152	-558.2651	25.94995	0.9090664	2.617332	0.4240211	0.378373	0.621627	3.581067
1848	-530.0208	-556.8205	26.79969	1.151675	4.596043	0.4240211	0.222298	0.777702	2.482678
1854	-530.3577	-558.0013	27.64359	1.765026	2.717261	0.9717124	0.480878	0.519122	1.468568
1860	-530.0415	-556.6646	26.62311	2.643084	2.092733	2.341433	0.306411	0.693589	1.042456
1866	-528.6324	-556.3374	27.70502	2.643084	1.720506	1.463859	0.59428	0.40572	0.6497076
1872	-530.4094	-558.5162	28.10686	2.01452	2.678303	0.5927472	0.410215	0.589785	1.284247
1878	-534.1172	-560.233	26.11585	2.01452	2.201922	1.579768	0.271486	0.728514	2.177232
1884	-529.6353	-556.036	26.4007	2.078869	1.940316	1.322476	0.309219	0.690781	2.173589
1890	-534.2876	-557.5975	23.3099	3.158239	3.434085	10.84923	0.279516	0.720484	1.068421
1896	-532.94	-556.3886	23.44853	3.158239	1.828905	13.57589	0.0324714	0.967529	1.304079
1902	-528.1471	-553.6081	25.461	2.573776	4.234639	3.404895	0.00817402	0.991826	0.9008148
1908	-529.9366	-555.0984	25.16182	2.413246	3.492524	3.404895	0.0722711	0.927729	1.521532
1914	-531.172	-557.1431	25.97109	2.413246	3.170908	3.404895	0.438172	0.561828	0.9376984
1920	-532.3402	-559.034	26.69378	2.427963	3.170908	2.269953	0.688808	0.311192	0.601745
1926	-526.6134	-553.2491	26.6357	2.36784	3.473957	2.13879	0.127911	0.872089	0.7417398
1932	-533.0942	-559.4178	26.32351	1.12151	11.30427	0.1726536	0.478351	0.521649	2.335542
1938	-533.5614	-559.33	25.76861	1.28741	20.48721	0.3330227	0.543181	0.456819	1.643452
1944	-530.2003	-557.4384	27.23812	2.04579	3.919503	0.5199909	0.468501	0.531499	1.63243
1950	-528.4388	-555.7446	27.30585	1.639973	3.919503	0.09763288	0.352041	0.647959	2.549017
1956	-526.168	-553.7675	27.59955	1.170617	9.048083	0.1829215	0.553455	0.446545	1.662215
1962	-531.1724	-556.8287	25.65633	1.266047	9.011046	0.3713682	0.644017	0.355983	2.572631
1968	-530.7424	-555.9681	25.22565	1.191383	3.824314	0.3713682	0.252221	0.747779	3.613306
1974	-530.9399	-557.0005	26.06066	1.162611	25.69485	0.1927762	0.818704	0.181296	1.48758
1980	-533.3692	-560.8084	27.43924	1.172618	5.777361	0.3320182	0.152227	0.847773	1.967116
1986	-523.9172	-549.3065	25.38924	1.044123	4.998126	0.2032497	0.280156	0.719844	3.628008
1992	-526.1926	-551.2871	25.09443	0.8315962	4.998126	0.4225659	0.188664	0.811336	3.628008
1998	-533.0325	-556.6262	23.59367	1.078426	4.998126	0.4225659	0.0693371	0.930663	4.345167
2004	-535.0651	-559.3769	24.31173	1.011579	5.262035	0.3394186	0.456878	0.543122	4.028437
2010	-529.0676	-554.9158	25.84825	2.172557	12.33302	0.8897774	0.00888093	0.991119	0.8351602
2016	-532.9589	-558.9029	25.94399	2.530076	12.33302	0.6255462	0.275502	0.724498	0.6340677
2022	-527.2695	-554.8262	27.55677	2.168847	12.33302	0.0225492	0.703492	0.296508	1.024858
2028	-529.3887	-553.6885	24.29988	1.323095	12.33302	0.1680959	0.307431	0.692569	3.36639
2034	-527.2478	-551.2356	23.98782	0.9173938	12.85602	0.1680959	0.212556	0.787444	3.744591
2040	-542.6198	-563.0631	20.4433	0.6361226	3.095667	0.3528488	0.385439	0.614561	6.752145
2046	-534.4622	-558.3361	23.87391	1.032938	3.91023	0.3528488	0.46688	0.53312	4.480131
2052	-529.6285	-555.0628	25.43433	0.7457512	4.929497	0.2779395	0.146041	0.853959	3.669783
2058	-538.1363	-563.9955	25.8592	1.003571	4.150432	0.2779395	0.0835739	0.916426	3.410225
2064	-532.2442	-560.3983	28.15418	1.056526	2.852375	0.3980407	0.184089	0.815911	2.111984
2070	-529.2507	-556.3954	27.14466	1.535207	2.852375	0.633946	0.00421887	0.995781	2.206689
2076	-533.1296	-560.2451	27.11548	1.522327	6.27513	0.8340004	0.361072	0.638928	1.30092
2082	-523.3061	-550.7203	27.4142	1.35694	6.27513	0.2136697	0.238608	0.761392	1.977808
2088	-530.2726	-557.539	27.26635	1.070367	5.718046	0.149199	0.242116	0.757884	2.477081
2094	-529.657	-554.6411	24.98418	0.8439979	6.896701	0.1891099	0.157228	0.842772	3.734157
2100	-541.6675	-567.6812	26.01372	1.095262	3.483622	0.1605393	0.0311729	0.968827	3.598568
2106	-533.8516	-560.8088	26.95714	1.26734	3.483622	0.305187	0.131532	0.868468	2.696411
2112	-530.4989	-555.379	24.88008	0.9581768	3.541371	0.4342834	0.168901	0.831099	3.936017
2118	-527.0718	-551.4405	24.36878	1.478136	3.518135	0.4342834	0.172414	0.827586	3.936017
2124	-529.7797	-554.9079	25.12811	1.112142	9.400599	0.4342834	0.155313	0.844687	2.876152
2130	-532.4321	-559.2507	26.81858	2.419097	10.51331	0.3155896	0.615676	0.384324	0.7096288
2136	-532.0537	-559.2095	27.15585	2.208392	5.235314	0.3996329	0.0721469	0.927853	1.433767
2142	-536.6975	-562.2466	25.54909	1.546176	6.148963	0.8269071	0.208189	0.791811	2.396532
2148	-532.9187	-556.3008	23.38205	1.622895	6.148963	0.8269071	0.414318	0.585682	3.652369
2154	-521.219	-545.5786	24.35961	0.7684382	10.00439	0.1292147	0.256811	0.743189	3.927054
2160	-533.264	-562.4446	29.18063	1.571334	1.874974	0.5478686	0.476334	0.523666	1.170804
2166	-534.8574	-561.0734	26.21593	1.857707	2.344922	0.5478686	0.369315	0.630685	2.816308
2172	-531.4295	-557.9203	26.49079	1.739322	14.76852	0.3183069	0.458039	0.541961	1.193006
2178	-532.4525	-558.2661	25.81365	1.794132	16.83834	0.288799	0.356297	0.643703	1.562367
2184	-529.1498	-557.3286	28.17877	2.089755	3.918954	0.1386531	0.505886	0.494114	1.561744
2190	-531.3877	-560.4066	29.01888	1.845753	5.048844	0.1307269	0.647103	0.352897	0.7109822
2196	-527.2762	-555.4916	28.21539	1.826496	4.617763	0.1503964	0.29905	0.70095	1.533077
2202	-528.2802	-553.1186	24.8384	1.780413	15.73382	0.8341252	0.182562	0.817438	1.729187
2208	-529.6792	-554.9173	25.2381	1.921889	26.88928	0.5516322	0.577475	0.422525	0.7707541
2214	-529.4878	-557.4368	27.94908	3.382322	3.296826	0.1827058	0.3018	0.6982	0.4817953
2220	-526.3958	-555.4678	29.07199	2.042383	3.296826	0.1850772	0.3018	0.6982	0.8978153
2226	-528.8276	-557.5749	28.74729	2.03864	1.922145	0.1850772	0.255519	0.744481	1.718752
2232	-525.0492	-553.5702	28.52093	1.741552	2.913329	0.5692743	0.446531	0.553469	1.101583
2238	-524.2687	-551.8827	27.614	1.979299	4.282502	0.1563288	0.258714	0.741286	1.908311
2244	-524.963	-554.7087	29.74575	1.878053	1.875293	0.1409937	0.380744	0.619256	1.214549
2250	-521.6052	-551.199	29.59385	2.023993	2.139615	0.176422	0.379524	0.620476	0.9646304
2256	-519.7561	-548.1464	28.3903	1.520198	2.650078	0.4265657	0.335567	0.664433	1.661186
2262	-518.4876	-545.479	26.99135	1.020809	3.280972	0.2263729	0.143828	0.856172	2.993376
2268	-519.8622	-544.8191	24.95696	0.8411943	4.539193	0.2263729	0.355764	0.644236	4.032239
2274	-515.8659	-543.5006	27.63473	1.203534	4.539193	0.1658341	0.3641	0.6359	2.329637
2280	-519.4112	-546.0259	26.61467	1.186431	5.748683	0.2367331	0.231903	0.768097	2.638196
2286	-520.9518	-546.2823	25.33047	1.10698	3.246782	0.2367331	0.318076	0.681924	3.906441
2292	-523.6716	-549.0342	25.36258	1.116676	4.844688	0.1827665	0.230524	0.769476	3.662896
2298	-528.028	-554.3945	26.3665	0.9383987	6.440768	0.4620927	0.157736	0.842264	2.543629
2304	-533.8935	-562.2111	28.31751	1.682675	5.165506	0.3683289	0.167186	0.832814	0.951042
2310	-533.7151	-561.386	27.67084	1.682675	5.737111	0.4631044	0.0749519	0.925048	1.245263
2316	-535.3679	-563.1603	27.79248	3.026539	4.243661	0.1978489	0.457908	0.542092	0.80101
2322	-531.2155	-556.8936	25.67811	2.410501	6.87452	0.6317778	0.247653	0.752347	1.797959
2328	-523.4656	-551.2713	27.80575	1.564811	4.258636	0.132488	0.557434	0.442566	2.118336
2334	-538.7054	-565.0234	26.31802	3.375518	4.243661	0.6068101	0.185417	0.814583	1.119055
2340	-527.0526	-555.3053	28.25265	1.677217	2.53805	0.2374897	0.470891	0.529109	1.973364
2346	-526.9407	-554.8676	27.92689	1.655102	6.866768	0.1505925	0.355738	0.644262	1.45109
2352	-526.7755	-554.457	27.6815	1.563742	4.333565	0.2921881	0.253053	0.746947	1.872767
2358	-528.185	-555.8546	27.6696	1.414366	5.889274	0.4072049	0.44165	0.55835	1.507724
2364	-532.8211	-559.1049	26.28378	1.259301	9.278256	0.3490758	0.166365	0.833635	2.179782
2370	-527.8874	-553.3401	25.45264	0.53626	9.326295	0.122171	0.64293	0.35707	3.508802
2376	-528.0001	-551.7047	23.70456	0.7086884	11.52659	0.1242515	0.160302	0.839698	4.216658
2382	-527.815	-552.3262	24.51123	1.509821	3.874982	0.1242515	0.278644	0.721356	4.216658
2388	-530.4721	-556.7445	26.27239	1.898666	4.145762	0.1242515	0.260305	0.739695	2.910866
2394	-536.8438	-563.882	27.03818	1.684136	2.507107	0.0919232	0.649708	0.350292	3.050123
2400	-528.4652	-553.7526	25.28743	0.7626617	11.346	0.0919232	0.402009	0.597991	3.364503
2406	-528.6834	-554.7792	26.09581	1.181517	11.346	0.09182715	0.514081	0.485919	2.627462
2412	-519.9953	-546.3669	26.37164	1.104531	10.0936	0.09182715	0.514081	0.485919	2.619702
2418	-528.6033	-554.068	25.4647	1.820821	4.88459	0.1477764	0.594416	0.405584	3.252986
2424	-540.8398	-566.6881	25.84831	1.592144	3.808302	0.5714166	0.343681	0.656319	2.803875
2430	-535.5087	-558.4502	22.94149	1.155118	5.216159	0.3149087	0.137732	0.862268	4.758224
2436	-531.8425	-557.4099	25.56739	1.088808	5.216159	0.1176552	0.357528	0.642472	3.633006
2442	-532.82	-559.7935	26.97352	1.856644	1.621719	0.3351602	0.577928	0.422072	2.853414
2448	-535.5881	-561.911	26.32293	1.619702	1.621719	0.0742743	0.623351	0.376649	3.85295
2454	-537.3583	-563.372	26.01376	0.7913506	2.123172	0.3422361	0.641325	0.358675	3.85295
2460	-535.7058	-559.5911	23.88524	1.354821	9.182979	0.09154634	0.25819	0.74181	4.027451
2466	-528.5551	-554.7591	26.20398	0.9318131	8.567218	0.1537221	0.25819	0.74181	2.83699
2472	-533.872	-558.7072	24.83522	0.5694687	6.592487	0.2010717	0.302369	0.697631	3.994823
2478	-528.4176	-552.8739	24.45634	1.115206	7.148195	0.1632667	0.302369	0.697631	3.898963
2484	-533.8344	-562.1829	28.34848	2.326867	2.595993	0.1523087	0.209045	0.790955	1.617058
2490	-525.5928	-554.9157	29.32291	1.5244	2.595993	0.1749788	0.698385	0.301615	1.432568
2496	-523.7589	-551.8958	28.13685	1.422691	2.595993	0.1749788	0.367122	0.632878	2.316813
2502	-528.2168	-554.4128	26.19598	1.542603	8.260641	0.2510167	0.143537	0.856463	2.316813
2508	-537.7044	-562.6974	24.99296	1.218283	18.51399	0.07178966	0.499802	0.500198	2.836038
2514	-536.7242	-564.314	27.58985	1.961067	3.715194	0.3123496	0.565172	0.434828	1.772862
2520	-541.9389	-570.3125	28.37363	1.940594	3.754989	0.1015148	0.69629	0.30371	1.675376
2526	-533.8796	-562.1702	28.29068	1.621736	3.676183	0.4222726	0.0418831	0.958117	1.350442
2532	-535.0102	-560.2662	25.256	1.31217	8.192989	0.1493659	0.0522835	0.947717	3.227001
2538	-527.0998	-552.783	25.68316	1.284617	6.188057	0.1493659	0.373952	0.626048	3.238108
2544	-532.9782	-557.2207	24.24252	0.6731642	10.56942	0.1255506	0.336351	0.663649	4.006779
2550	-534.2062	-559.3776	25.17144	3.085172	2.963158	0.48811	0.468317	0.531683	2.584807
2556	-524.0862	-550.4978	26.41157	2.111298	4.651317	0.48811	0.31262	0.68738	2.031981
2562	-521.4192	-548.6825	27.2633	1.978606	6.220247	0.2293891	0.523819	0.476181	1.630019
2568	-530.8866	-558.3014	27.41485	2.292714	6.220247	0.1686529	0.477933	0.522067	1.419215
2574	-528.616	-555.0334	26.4174	1.090001	8.351692	0.08940567	0.251512	0.748488	2.787732
2580	-530.3266	-557.8819	27.55529	1.897737	2.581004	1.063843	0.416804	0.583196	1.413903
2586	-528.0008	-555.0678	27.06693	1.5538	2.581004	0.348907	0.202949	0.797051	2.62843
2592	-529.5511	-556.8789	27.32785	1.056763	2.938274	0.348907	0.38483	0.61517	2.67381
2598	-538.8592	-564.2115	25.3523	0.706571	5.222764	0.3371817	0.305142	0.694858	3.614094
2604	-534.3202	-559.5305	25.21032	0.9017544	5.029162	0.3371817	0.305142	0.694858	3.614094
2610	-535.466	-559.4069	23.94094	0.6278203	35.02445	0.06458577	0.679172	0.320828	3.150469
2616	-536.1725	-562.6801	26.50755	1.217415	22.56722	0.2531551	0.585054	0.414946	1.131737
2622	-529.1958	-555.1884	25.99257	1.272036	15.50179	0.2048328	0.785165	0.214835	2.051248
2628	-530.4049	-555.5814	25.17652	1.372368	6.524989	0.2048328	0.440647	0.559353	3.33436
2634	-528.4481	-554.0784	25.63029	1.353628	7.018466	0.2924944	0.379506	0.620494	2.873066
2640	-529.2192	-553.4243	24.20507	1.215867	7.018466	0.2924944	0.143936	0.856064	3.793511
2646	-538.3744	-565.4538	27.07948	1.368303	6.315737	0.2924944	0.590968	0.409032	2.050147
2652	-533.7538	-558.9808	25.22701	1.137493	9.66214	0.2924944	0.065834	0.934166	2.952287
2658	-532.6832	-558.0278	25.34457	1.644573	6.076588	0.4489391	0.22837	0.77163	2.80434
2664	-530.7599	-554.9424	24.18251	0.7327955	6.222678	0.2926515	0.253847	0.746153	4.183667
2670	-530.1802	-555.8859	25.70568	1.068826	6.222678	0.1474562	0.0466279	0.953372	3.351209
2676	-529.8295	-556.8057	26.97615	1.721263	6.222678	0.4219715	0.298014	0.701986	1.71018
2682	-538.6928	-567.8522	29.15939	1.60389	1.693732	0.4219715	0.343213	0.656787	1.429936
2688	-533.0333	-561.3209	28.28762	1.575998	2.799366	0.2858433	0.347642	0.652358	1.852327
2694	-537.9306	-563.1808	25.25018	2.88161	2.467994	5.188868	0.535991	0.464009	0.9324041
2700	-530.178	-557.5071	27.32912	1.067582	2.990627	0.3079747	0.41118	0.58882	2.707863
2706	-532.1237	-553.457	21.33329	0.6379333	2.990627	0.3079747	0.0609393	0.939061	6.34647
2712	-527.2889	-551.3321	24.04318	1.115777	3.289679	0.3079747	0.0331707	0.966829	4.521842
2718	-528.4538	-553.3308	24.87701	0.7428442	4.741348	0.3079747	0.439355	0.560645	3.982343
2724	-524.2803	-552.327	28.04673	1.748956	2.384552	0.2791265	0.582834	0.417166	2.042517
2730	-525.5513	-548.283	22.73172	0.7145483	4.760948	0.261279	0.140089	0.859911	5.2619
2736	-528.338	-551.4567	23.11869	0.8711611	4.760948	0.261279	0.378311	0.621689	4.96063
2742	-531.2458	-554.2191	22.97327	1.131434	4.760948	0.218483	0.444438	0.555562	4.96063
2748	-526.51	-555.4626	28.95252	2.046375	3.237969	0.1277799	0.39977	0.60023	1.218442
2754	-530.2348	-556.5477	26.31294	1.218917	7.362819	0.08245304	0.582751	0.417249	2.907648
2760	-525.3773	-550.6775	25.30017	1.258641	6.515465	0.2082681	0.31306	0.68694	3.323852
2766	-521.9059	-546.9241	25.0182	0.7165074	6.780032	0.2082681	0.291051	0.708949	3.769488
2772	-526.9258	-553.5845	26.65868	1.526379	10.87525	0.1881707	0.374083	0.625917	1.857362
2778	-533.387	-556.838	23.451	1.061577	10.87525	0.1855033	0.390864	0.609136	4.092781
2784	-526.5883	-552.3859	25.7976	2.549091	8.138236	1.275693	0.112755	0.887245	0.7873509
2790	-525.1189	-550.9594	25.84045	2.626152	8.138236	1.275693	0.481908	0.518092	0.5193582
2796	-525.9451	-553.0914	27.14634	2.626152	3.219345	1.275693	0.0495133	0.950487	0.4801436
2802	-527.9327	-553.394	25.46121	2.620988	8.513722	1.700597	0.0743671	0.925633	0.4801436
2808	-526.7751	-552.2763	25.50118	2.532306	8.513722	1.766352	0.257292	0.742708	0.5585673
2814	-525.3859	-549.7986	24.41274	2.532306	21.01082	1.2258	0.199579	0.800421	0.5585673
2820	-534.6877	-560.3634	25.67578	1.039061	6.123043	0.2727805	0.178471	0.821529	3.183011
2826	-537.7101	-565.5011	27.79105	1.816453	3.32408	0.03998458	0.378198	0.621802	2.442609
2832	-536.1435	-564.7509	28.6074	1.538164	3.955508	0.410553	0.280723	0.719277	1.087902
2838	-538.5029	-565.0004	26.49753	1.457065	2.58178	0.6786656	0.537332	0.462668	2.702441
2844	-538.5668	-566.6259	28.05918	1.514666	2.58178	0.3769081	0.20356	0.79644	1.981652
2850	-527.7322	-555.42	27.68788	2.374795	7.738841	0.09422279	0.397659	0.602341	1.086227
2856	-527.0362	-554.3734	27.33717	1.63765	7.738841	0.2979574	0.397659	0.602341	1.459186
2862	-528.4797	-556.2356	27.75589	1.23724	8.963955	0.08897687	0.621609	0.378391	1.761963
2868	-535.9117	-561.8231	25.91144	0.9766312	8.963955	0.08897687	0.129642	0.870358	3.096398
2874	-536.0364	-564.969	28.93259	2.53042	4.311945	0.03649096	0.435015	0.564985	0.7774706
2880	-529.5746	-557.0182	27.4436	1.845007	5.184973	0.1902162	0.692677	0.307323	1.860243
2886	-521.5579	-548.3213	26.76336	1.378857	6.882715	0.2182125	0.348038	0.651962	2.291414
2892	-526.1057	-551.6032	25.49747	0.8713032	11.06777	0.2182125	0.597946	0.402054	2.935901
2898	-524.908	-552.0361	27.12819	1.417777	5.751305	0.223569	0.0983314	0.901669	2.190568
2904	-522.085	-549.3065	27.22149	1.230232	5.751305	0.2588129	0.489139	0.510861	2.190568
2910	-529.5743	-556.469	26.89474	1.256255	12.95725	0.2588129	0.437992	0.562008	1.539676
2916	-529.2572	-556.9945	27.73734	1.259347	7.501482	0.2588129	0.598094	0.401906	1.549687
2922	-530.8407	-558.5024	27.66171	1.492464	7.501482	0.07648416	0.185952	0.814048	1.877583
2928	-527.5627	-555.7074	28.1447	1.322338	4.419831	0.07853011	0.603628	0.396372	2.168726
2934	-525.9342	-551.544	25.6098	1.430445	25.36301	0.0942993	0.585056	0.414944	1.888641
2940	-527.2544	-553.5691	26.3147	1.139907	6.614822	0.2218076	0.219333	0.780667	2.750833
2946	-529.1869	-554.21	25.02303	1.139671	6.614822	0.1063414	0.5157	0.4843	3.746678
2952	-524.1277	-549.5398	25.41208	0.7142753	7.590587	0.1132257	0.446462	0.553538	3.632921
2958	-525.1742	-550.0237	24.84953	0.9598613	14.67449	0.1132257	0.472375	0.527625	3.204953
2964	-525.2544	-551.4708	26.2164	1.163267	14.67449	0.1132257	0.611784	0.388216	2.240908
2970	-529.2536	-556.8017	27.54815	1.520064	2.778927	0.3261669	0.303584	0.696416	2.320995
2976	-526.2677	-552.8876	26.61995	1.041642	4.719877	0.3547734	0.303584	0.696416	2.723491
2982	-520.249	-548.1606	27.91162	1.150469	3.095297	0.1983485	0.402885	0.597115	2.445313
2988	-526.4251	-551.5365	25.11145	0.8509781	6.290683	0.1375738	0.254396	0.745604	3.834462
2994	-527.1097	-552.4421	25.33245	0.8286289	6.063188	0.1375738	0.474424	0.525576	3.750924
3000	-533.5654	-560.2112	26.6458	1.539373	3.144757	0.5048272	0.407467	0.592533	2.56469
3006	-531.5836	-557.2313	25.64771	1.057297	3.018083	0.3995901	0.317963	0.682037	3.593218
3012	-530.9273	-556.3822	25.45487	1.097195	7.724576	0.3196808	0.0381542	0.961846	3.00897
3018	-531.3593	-557.2317	25.8724	1.754727	13.63409	0.3196808	0.439571	0.560429	1.75139
3024	-536.4751	-563.468	26.99298	1.413358	7.829045	0.4149102	0.278549	0.721451	1.684017
3030	-534.5792	-559.8426	25.26332	1.419333	7.894736	0.2550285	0.0735486	0.926451	3.003913
3036	-530.085	-555.3459	25.26098	0.8789095	7.894736	0.2242646	0.129766	0.870234	3.374792
3042	-531.6227	-558.3143	26.69163	0.8629565	3.512014	0.1921962	0.200764	0.799236	3.272011
3048	-532.8174	-558.9426	26.12519	1.268809	3.644526	0.2921593	0.175826	0.824174	3.179533
3054	-525.5096	-552.4922	26.98257	1.780641	11.28609	0.2379222	0.563096	0.436904	1.281143
3060	-526.4977	-554.2584	27.76066	1.563809	5.518537	0.2653469	0.574406	0.425594	1.626678
3066	-530.343	-557.5346	27.19159	2.222823	5.179587	0.2653469	0.162657	0.837343	1.626678
3072	-528.2381	-555.4863	27.2482	1.638402	5.179587	0.2653469	0.220655	0.779345	1.991848
3078	-531.2752	-558.5507	27.27556	1.190048	9.740778	0.1000997	0.183484	0.816516	2.00023
3084	-529.6498	-555.1434	25.49363	0.8593798	20.98756	0.1000997	0.644506	0.355494	2.536181
3090	-529.8265	-556.2828	26.45638	0.8991365	10.44308	0.1425539	0.855821	0.144179	2.536181
3096	-528.8099	-555.5671	26.75718	1.492332	10.44308	0.1425539	0.676757	0.323243	1.960435
3102	-533.117	-559.0258	25.90877	1.197959	6.567855	0.1740845	0.524312	0.475688	3.054177
3108	-535.3013	-562.032	26.73068	1.190577	7.313209	0.1740845	0.110008	0.889992	2.458718
3114	-537.8161	-564.2985	26.48241	1.422773	7.208628	0.1859336	0.0998014	0.900199	2.458718
3120	-532.1802	-559.9421	27.76193	1.369134	8.366294	0.1876796	0.158787	0.841213	1.474926
3126	-535.17	-564.5227	29.35268	1.940785	2.76494	0.1969258	0.439807	0.560193	0.9079942
3132	-537.1378	-565.9244	28.78657	1.952334	4.943685	0.1969258	0.560041	0.439959	0.5388881
3138	-539.6422	-568.0491	28.40686	2.081124	2.231637	0.6710855	0.433865	0.566135	1.063192
3144	-533.829	-559.0733	25.24432	0.9006462	9.401049	0.2986907	0.182896	0.817104	3.100713
3150	-524.6493	-551.9211	27.27181	1.518586	3.808127	0.4929798	0.0351894	0.964811	2.029447
3156	-528.5669	-554.2851	25.71823	1.900347	3.535085	1.047915	0.0588176	0.941182	2.403265
3162	-540.6556	-564.7883	24.13268	1.405129	5.075915	0.2665846	0.179498	0.820502	4.031459
3168	-534.8447	-558.8091	23.96445	0.9413818	5.075915	0.4584641	0.260285	0.739715	4.163723
3174	-536.3003	-563.7105	27.41024	1.927834	4.579353	0.1960323	0.169596	0.830404	1.932346
3180	-536.4972	-562.6256	26.12839	1.260171	8.01292	0.1357687	0.562459	0.437541	2.784447
3186	-532.2118	-556.7439	24.53216	1.18275	6.02948	0.1357687	0.219166	0.780834	4.015443
3192	-526.307	-551.8406	25.5336	1.293573	17.98917	0.2002623	0.244231	0.755769	2.180524
3198	-532.2157	-557.6261	25.4104	1.45501	13.47585	0.387359	0.462482	0.537518	2.180524
3204	-526.0883	-551.776	25.68768	0.8112521	3.715906	0.2419805	0.0383129	0.961687	3.761232
3210	-525.9451	-551.4001	25.45504	1.043892	3.715906	0.2419805	0.181889	0.818111	3.761232
3216	-524.9166	-550.0525	25.1359	0.846461	6.190131	0.2419805	0.275382	0.724618	3.649222
3222	-531.6978	-556.5579	24.86007	0.6212873	5.333509	0.2419805	0.188335	0.811665	4.060096
3228	-531.3377	-555.8179	24.48028	0.8391785	8.236801	0.130283	0.435216	0.564784	3.987823
3234	-530.1782	-554.021	23.84283	0.7745097	5.60036	0.2366858	0.118075	0.881925	4.517853
3240	-534.1892	-558.6614	24.47226	0.8919549	8.236801	0.1134549	0.37729	0.62271	3.999647
3246	-536.7862	-561.8869	25.1007	0.8381708	8.236801	0.2334038	0.495897	0.504103	3.439984
3252	-535.7344	-559.7432	24.00875	0.4045689	3.808103	0.1722508	0.669773	0.330227	5.036115
3258	-535.8612	-561.9798	26.11865	0.9148683	4.641166	0.1722508	0.00962141	0.990379	3.394321
3264	-525.4404	-554.1827	28.74236	2.809954	3.218431	0.06636728	0.518376	0.481624	0.957281
3270	-524.3263	-549.0172	24.69092	1.23195	5.409175	0.1466616	0.432626	0.567374	3.963136
3276	-529.347	-554.7764	25.42943	1.338994	4.778849	0.2545217	0.298271	0.701729	3.386528
3282	-524.1785	-550.687	26.5085	1.220591	5.496647	0.2545217	0.378072	0.621928	2.693084
3288	-532.6232	-559.7272	27.10405	1.342476	4.172689	0.1440648	0.274236	0.725764	2.693084
3294	-525.9647	-551.6192	25.6545	1.177554	3.197987	0.3399815	0.174187	0.825813	3.546631
3300	-532.9991	-560.3625	27.36337	1.501546	5.151316	0.3913672	0.296919	0.703081	1.822954
3306	-530.4345	-557.4529	27.01842	2.089994	5.151316	0.2795089	0.0701805	0.929819	1.822954
3312	-533.5882	-560.1535	26.56535	1.630068	4.050154	0.2795089	0.176567	0.823433	2.628308
3318	-533.3171	-558.3027	24.98559	1.216979	5.631233	0.2795089	0.354887	0.645113	3.545155
3324	-531.7023	-558.9383	27.23599	1.714488	5.631233	0.2795089	0.394166	0.605834	1.844519
3330	-526.8386	-554.1312	27.29263	2.195685	5.631233	0.1072716	0.350322	0.649678	1.844519
3336	-532.3934	-557.6765	25.28308	1.03693	5.631233	0.1072716	0.435869	0.564131	3.788553
3342	-526.3138	-551.2498	24.93606	1.017612	6.119585	0.1077732	0.435869	0.564131	3.928891
3348	-529.1396	-553.1075	23.96795	0.9881939	2.959913	0.1077732	0.435869	0.564131	5.0476
3354	-531.1665	-556.3949	25.22841	1.146023	5.063085	0.3747514	0.233576	0.766424	3.409963
3360	-531.8971	-557.691	25.79395	0.920831	7.256067	0.1222213	0.413388	0.586612	3.307902
3366	-532.9779	-560.055	27.07703	1.955969	4.526828	0.5891508	0.587109	0.412891	1.595231
3372	-529.8966	-557.5972	27.7006	1.707196	3.134049	0.06561923	0.0811127	0.918887	2.535499
3378	-527.9805	-553.2892	25.30872	1.707196	20.86952	0.06561923	0.312924	0.687076	2.222095
3384	-521.0527	-549.0983	28.04555	1.951686	7.977891	0.05797226	0.451442	0.548558	1.251346
3390	-522.035	-548.438	26.40297	1.422021	10.88601	0.1548549	0.453458	0.546542	2.168387
3396	-526.9479	-555.5344	28.5865	1.753166	5.641542	0.2019856	0.126451	0.873549	0.8861119
3402	-527.7166	-554.2403	26.52372	2.064325	9.576884	0.7151484	0.361912	0.638088	0.8861119
3408	-525.6232	-554.5224	28.89922	1.962273	4.112164	0.1015921	0.285285	0.714715	1.154354
3414	-522.6111	-550.4109	27.79983	2.064003	4.112164	0.5851816	0.285285	0.714715	1.029243
3420	-528.6255	-556.8345	28.20901	1.85554	4.112164	0.5851816	0.433886	0.566114	0.807676
3426	-527.7224	-555.7557	28.03329	2.070896	4.112164	0.3160257	0.291683	0.708317	1.248804
3432	-528.647	-556.5914	27.94434	1.424435	4.112164	0.5384453	0.389967	0.610033	1.501054
3438	-532.6521	-560.0863	27.43422	1.821045	2.800105	0.7534153	0.0839524	0.916048	1.730839
3444	-531.0398	-557.2029	26.16317	1.397834	3.96691	0.3554824	0.435329	0.564671	2.927964
3450	-527.3829	-554.1001	26.71714	1.241406	4.093571	0.3554824	0.409225	0.590775	2.660012
3456	-528.1188	-554.4405	26.32165	1.124312	4.823292	0.3451834	0.464513	0.535487	2.848838
3462	-531.7514	-558.5121	26.76068	1.561467	4.645405	0.3004839	0.149482	0.850518	2.401029
3468	-527.3629	-552.9561	25.59324	1.628194	4.645405	0.3499611	0.329568	0.670432	3.009585
3474	-527.4694	-555.3364	27.86692	1.932436	2.622194	0.2922985	0.46205	0.53795	1.940964
3480	-521.0674	-549.127	28.05958	1.520225	3.181757	0.140443	0.831464	0.168536	2.214527
3486	-529.7793	-556.4523	26.67296	2.213332	1.614684	3.229919	0.831464	0.168536	1.284793
3492	-521.805	-551.2332	29.42815	1.999003	3.033577	0.1367169	0.708687	0.291313	0.84873
3498	-525.9378	-555.8252	29.88737	1.858297	2.239565	0.1367169	0.40393	0.59607	0.9152986
3504	-526.3611	-555.4575	29.09643	1.948525	3.400488	0.1367169	0.518011	0.481989	1.092188
3510	-524.5537	-551.3416	26.78785	1.629785	5.599798	0.2168719	0.000387362	0.999613	2.309834
3516	-525.3018	-553.7206	28.41883	1.660699	5.599798	0.1250331	0.501474	0.498526	1.368254
3522	-534.1179	-560.4553	26.33741	0.908673	10.56688	0.1590377	0.292795	0.707205	2.556769
3528	-525.9523	-550.8121	24.85987	0.7668378	5.885356	0.1590377	0.686019	0.313981	4.038758
3534	-528.5868	-553.9791	25.39237	0.610928	4.548931	0.1629467	0.515833	0.484167	4.023707
3540	-529.0108	-557.2267	28.21593	2.230801	2.522596	0.7449096	0.45047	0.54953	0.8493934
3546	-524.4662	-552.8387	28.37251	2.230801	5.036209	0.2357457	0.592963	0.407037	0.4722665
3552	-524.8589	-553.8146	28.95575	1.855924	2.997778	0.2160988	0.499029	0.500971	1.215488
3558	-522.2985	-548.3378	26.03933	2.220857	9.84701	0.4377261	0.215862	0.784138	1.50185
3564	-519.0165	-545.5738	26.5573	1.712755	9.84701	0.08903582	0.393015	0.606985	2.149476
3570	-527.9303	-554.7851	26.85485	1.040639	10.24602	0.09509171	0.408295	0.591705	2.333172
3576	-522.8715	-547.6954	24.82394	1.047868	21.56889	0.05444969	0.673668	0.326332	2.931141
3582	-530.4567	-554.1552	23.69847	0.1875356	7.449705	0.1048448	0.385981	0.614019	4.937768
3588	-528.6989	-552.2183	23.51933	0.3666725	7.449705	0.1048448	0.624903	0.375097	4.937768
3594	-520.8568	-547.2642	26.4074	1.007077	6.576516	0.2921165	0.083846	0.916154	2.669603
3600	-522.5886	-550.0204	27.43175	1.032383	6.576516	0.1448127	0.0417704	0.95823	2.277485
3606	-531.248	-558.8659	27.61788	1.924577	11.41053	0.1448127	0.741323	0.258677	0.7753273
3612	-534.9241	-560.8251	25.90097	1.233768	5.839194	0.3026301	0.0160764	0.983924	2.930317
3618	-536.4508	-564.2164	27.76564	1.512342	5.839194	0.1975694	0.125457	0.874543	1.734688
3624	-533.6786	-558.7451	25.06655	3.041177	3.122558	5.050348	0.0730842	0.926916	0.5681459
3630	-539.6136	-564.8792	25.26561	1.243232	3.788373	0.5084944	0.0197819	0.980218	3.422128
3636	-533.0866	-559.6586	26.572	1.286879	3.90342	0.2045382	0.0257115	0.974289	2.985373
3642	-538.3361	-566.3626	28.02649	2.199376	6.955486	0.02275401	0.4871	0.5129	1.362674
3648	-535.2719	-564.6251	29.35312	2.094034	2.7357	0.09135369	0.375292	0.624708	1.144881
3654	-534.1492	-560.2783	26.12908	0.7758803	4.899412	0.214627	0.278779	0.721221	3.349692
3660	-536.3801	-558.8491	22.46901	1.195048	8.766163	0.2641146	0.59823	0.40177	4.638806
3666	-529.2654	-556.216	26.95062	1.148091	2.596972	0.2641146	0.0595103	0.94049	3.059236
3672	-525.5415	-551.6617	26.12023	1.44464	3.44182	0.2079433	0.355776	0.644224	3.253788
3678	-531.8533	-559.4949	27.64155	1.043946	3.437082	0.2141266	0.426373	0.573627	2.566855
3684	-532.5692	-554.2916	21.72241	0.8495626	10.11176	0.1300885	0.786591	0.213409	5.349589
3690	-530.0145	-552.4831	22.46853	0.9136588	2.940226	0.4766052	0.442429	0.557571	5.405594
3696	-530.7339	-559.4373	28.70341	1.368676	2.940226	0.147691	0.226063	0.773937	1.939658
3702	-532.7618	-559.5083	26.74655	1.307633	3.128826	0.7532422	0.293239	0.706761	2.430722
3708	-533.4841	-561.6279	28.1438	1.864193	3.128826	0.540089	0.0233098	0.97669	1.281282
3714	-526.6317	-553.5714	26.93966	0.9065485	5.151077	0.1766532	0.468894	0.531106	2.814387
3720	-525.5745	-552.31	26.73542	0.8861558	6.587839	0.2151811	0.0893779	0.910622	2.663647
3726	-521.1029	-547.0937	25.99081	1.056135	6.587839	0.2151811	0.208635	0.791365	3.0125
3732	-518.2132	-543.4426	25.22937	0.6974295	5.773946	0.1332207	0.233952	0.766048	3.935416
3738	-529.6137	-553.9528	24.33913	1.535231	5.773946	0.3178112	0.163918	0.836082	3.66285
3744	-527.6447	-553.6284	25.98369	2.288138	7.851999	0.5699356	0.410433	0.589567	1.590303
3750	-524.8928	-552.5205	27.62776	1.61626	7.851999	0.2390259	0.70501	0.29499	1.347635
3756	-520.0857	-547.6057	27.51997	1.931074	7.851999	0.2390259	0.269421	0.730579	1.176015
3762	-526.9399	-554.2588	27.31891	1.005516	5.67661	0.2060048	0.477552	0.522448	2.376661
3768	-526.0393	-553.1775	27.13817	1.553506	5.044052	0.2060048	0.31312	0.68688	2.24935
3774	-525.4369	-553.4867	28.04974	1.785969	3.833278	0.2060048	0.394753	0.605247	1.735803
3780	-530.8609	-556.1206	25.25972	2.197394	8.350746	0.0752941	0.4629	0.5371	2.857526
3786	-528.8453	-556.6427	27.79744	2.00837	5.85909	0.1778727	0.279005	0.720995	1.387017
3792	-524.89	-551.2263	26.33629	1.209665	6.499688	0.1778727	0.574004	0.425996	2.791102
3798	-526.6621	-553.2124	26.55032	1.469759	10.84478	0.1778727	0.417497	0.582503	1.993699
3804	-534.7208	-564.1631	29.44225	2.421339	1.726262	0.1975766	0.410546	0.589454	0.8979244
3810	-533.7035	-560.3423	26.63885	2.534052	9.249986	0.3021427	0.27564	0.72436	1.057466
3816	-524.3638	-550.4815	26.11773	2.066956	5.874095	0.214187	0.373069	0.626931	2.418853
3822	-527.0306	-553.1221	26.09149	1.457767	6.754033	0.3994097	0.0640401	0.93596	2.418853
3828	-527.4617	-555.9981	28.53644	1.663861	6.883111	0.09125425	0.430292	0.569708	1.132442
3834	-525.368	-552.3647	26.99667	1.551992	12.35755	0.2199816	0.599418	0.400582	1.37527
3840	-523.95	-549.1766	25.22657	1.276192	17.73614	0.1006034	0.662097	0.337903	2.623622
3846	-521.2463	-548.0177	26.77141	1.155137	6.072079	0.0835996	0.566951	0.433049	2.837661
3852	-532.5646	-559.4929	26.92824	1.687043	4.348841	0.8592388	0.113126	0.886874	1.686944
3858	-523.9818	-552.6424	28.66059	1.687043	4.564078	0.2098583	0.137017	0.862983	1.149822
3864	-526.5357	-552.0814	25.54564	1.786391	5.436464	0.3451381	0.438437	0.561563	2.815741
3870	-521.1584	-546.4782	25.31983	1.110683	3.912821	0.1843333	0.134712	0.865288	3.856678
3876	-520.0709	-546.5903	26.51948	1.384435	6.438455	0.1843333	0.285934	0.714066	2.566996
3882	-528.6334	-552.0188	23.3854	1.117604	4.292951	0.175314	0.3411	0.6589	4.890826
3888	-524.3777	-548.1967	23.81899	0.9017002	4.876117	0.2119401	0.3411	0.6589	4.60854
3894	-535.7623	-563.2281	27.46589	2.503557	1.939818	1.1397	0.367281	0.632719	1.216977
3900	-531.0038	-557.4749	26.47104	2.63298	5.663596	1.156285	0.25139	0.74861	0.4657676
3906	-531.9311	-558.8353	26.90418	2.63298	3.800288	1.156285	0.259335	0.740665	0.2923437
3912	-525.4347	-552.1351	26.70038	1.469377	8.725774	0.1769886	0.0911418	0.908858	2.121973
3918	-526.2682	-550.8718	24.60352	0.8723181	8.725774	0.1759801	0.160505	0.839495	3.756064
3924	-529.4464	-556.5744	27.12801	2.990684	2.994051	0.9804852	0.604064	0.395936	0.4104109
3930	-530.4113	-553.8336	23.42222	1.44373	17.54267	0.07689085	0.396312	0.603688	3.672297
3936	-527.5868	-550.3663	22.77951	0.8934286	20.55557	0.04235289	0.557227	0.442773	4.294166
3942	-532.0368	-556.0157	23.97894	1.492086	16.51647	0.3428569	0.209804	0.790196	2.894493
3948	-531.6014	-557.4567	25.85526	1.601066	7.090507	0.1350149	0.26447	0.73553	2.856808
3954	-535.8057	-560.249	24.44329	1.639379	7.071631	0.8820339	0.176158	0.823842	2.856808
3960	-532.4921	-559.6553	27.1632	1.434068	7.071631	0.3077201	0.421899	0.578101	1.812778
3966	-530.6325	-557.164	26.53152	1.854574	7.071631	0.1970231	0.156625	0.843375	2.148038
3972	-530.3857	-557.2299	26.84415	1.402196	9.355616	0.1590474	0.593716	0.406284	2.039404
3978	-525.279	-551.6319	26.3529	1.198609	17.7789	0.1590474	0.215869	0.784131	1.797451
3984	-523.5385	-550.0637	26.52522	1.392077	4.378392	0.2294193	0.339397	0.660603	2.813234
3990	-531.9093	-556.5567	24.64737	1.290991	3.410629	0.164397	0.0843091	0.915691	4.277706
3996	-534.7509	-559.9834	25.23251	1.071927	9.954007	0.125675	0.491708	0.508292	3.255853
4002	-524.5572	-551.9064	27.3492	1.774842	3.751373	0.3505653	0.218334	0.781666	1.997835
4008	-523.2702	-550.1259	26.85571	1.473676	8.489066	0.06220989	0.388029	0.611971	2.340446
4014	-518.8878	-545.6273	26.73948	1.480633	8.489066	0.08537089	0.215724	0.784276	2.340446
4020	-522.1758	-546.647	24.47118	0.6730405	8.840299	0.1773043	0.415765	0.584235	3.932662
4026	-524.6791	-550.6665	25.9874	0.7186806	8.840299	0.124072	0.258048	0.741952	3.131104
4032	-526.2691	-553.8764	27.60723	1.276027	5.654652	0.2718603	0.258048	0.741952	1.89915
4038	-528.5612	-554.6301	26.06886	1.758398	4.397707	0.2213586	0.258048	0.741952	2.877809
4044	-535.0361	-560.2804	25.24429	0.5098461	7.176027	0.1884596	0.730473	0.269527	3.743959
4050	-526.5229	-552.003	25.48011	1.54143	3.61294	0.5092547	0.131618	0.868382	3.156169
4056	-522.4496	-549.3588	26.9092	1.437429	3.61294	0.3339002	0.268413	0.731587	2.551621
4062	-518.6955	-544.7188	26.0233	1.057676	3.61294	0.4159322	0.251626	0.748374	3.217678
4068	-523.8902	-551.768	27.87789	1.057676	4.084066	0.2830918	0.228012	0.771988	2.147154
4074	-526.1295	-552.0936	25.96412	1.382747	13.9221	0.1059139	0.437227	0.562773	2.33705
4080	-522.4857	-548.975	26.48935	1.278797	6.145121	0.09832406	0.533658	0.466342	2.883811
4086	-522.3563	-547.7217	25.36534	1.249949	7.473955	0.4145999	0.330589	0.669411	2.883811
4092	-527.0468	-553.4864	26.43963	1.242543	7.109471	0.4145999	0.340203	0.659797	2.267581
4098	-526.2104	-553.1581	26.94764	1.070676	4.362861	0.2430451	0.340203	0.659797	2.732083
4104	-524.7343	-551.6977	26.9634	1.008075	3.810513	0.2810507	0.398252	0.601748	2.813345
4110	-530.303	-556.1565	25.85348	1.011183	3.335255	0.5984028	0.425952	0.574048	3.229907
4116	-535.8075	-560.7206	24.91307	0.8753222	4.282208	0.5984028	0.094048	0.905952	3.664693
4122	-524.4917	-553.3057	28.81403	2.846571	3.357993	0.02903269	0.419926	0.580074	0.9752002
4128	-530.3495	-558.946	28.59654	1.833374	3.495893	0.4040175	0.819538	0.180462	0.9835853
4134	-525.7552	-553.0327	27.27749	1.573551	6.432104	0.3981322	0.585905	0.414095	1.597786
4140	-527.1834	-554.6643	27.48091	1.371999	5.853494	0.1739742	0.556324	0.443676	2.070817
4146	-526.5982	-555.0475	28.44938	1.991152	6.010128	0.1739742	0.219119	0.780881	0.750336
4152	-530.4744	-558.4094	27.93505	1.829331	9.520064	0.1280263	0.171115	0.828885	0.9296787
4158	-533.7742	-560.8157	27.04152	2.26375	9.520064	0.2995744	0.27704	0.72296	0.8799306
4164	-531.4059	-558.7055	27.29963	1.38861	7.686618	0.2579882	0.233057	0.766943	1.746325
4170	-525.7759	-551.9154	26.13943	1.568522	7.686618	0.2579882	0.395037	0.604963	2.394251
4176	-524.5448	-551.7537	27.20884	1.511045	4.773938	0.1502044	0.437892	0.562108	2.394251
4182	-532.6395	-560.0024	27.36282	2.540086	2.37578	0.8229246	0.25492	0.74508	1.338715
4188	-539.9357	-565.0492	25.11344	3.161186	4.105422	2.896545	0.21163	0.78837	0.9121424
4194	-531.3681	-558.6156	27.24748	1.399944	2.618683	0.3752568	0.0739807	0.926019	2.567165
4200	-540.4857	-568.0972	27.61156	1.454013	5.429638	0.397339	0.590182	0.409818	1.620767
4206	-535.3427	-561.5552	26.21245	1.699695	2.983892	0.584352	0.128852	0.871148	2.698194
4212	-535.2098	-561.6111	26.40133	1.283612	2.879083	0.7901532	0.328819	0.671181	2.698194
4218	-523.4663	-550.9554	27.48917	1.451421	2.879083	0.2986325	0.257449	0.742551	2.413253
4224	-525.4041	-551.4929	26.08873	0.9123687	9.341712	0.2591596	0.331259	0.668741	2.6467
4230	-523.3154	-549.6629	26.34749	1.164156	9.341712	0.1520626	0.458595	0.541405	2.527135
4236	-525.5962	-552.2033	26.60714	1.314529	6.473902	0.1885671	0.458595	0.541405	2.542766
4242	-532.9337	-561.0445	28.11081	1.675286	3.231892	0.1885671	0.319504	0.680496	1.959713
4248	-532.7239	-560.7717	28.04778	1.511384	3.231892	0.1885671	0.349147	0.650853	2.11016
4254	-525.3197	-550.4328	25.11307	0.9138849	4.065758	0.1901612	0.160711	0.839289	4.047796
4260	-522.8487	-548.4751	25.62634	1.18973	4.065758	0.1901612	0.23505	0.76495	3.593748
4266	-523.3261	-550.3088	26.98272	1.490412	8.122698	0.1901612	0.349212	0.650788	1.96643
4272	-531.607	-559.9228	28.31577	2.002771	4.006619	0.1901612	0.117061	0.882939	1.370324
4278	-528.7277	-555.9859	27.25825	2.145504	4.54931	0.9154604	0.450877	0.549123	0.937067
4284	-527.5398	-556.6619	29.12215	1.741213	3.730729	0.08379059	0.438876	0.561124	1.327533
4290	-527.6393	-555.674	28.03471	2.017494	5.557353	0.08379059	0.291001	0.708999	1.528979
4296	-526.54	-554.0461	27.50604	2.946565	7.035429	0.08379059	0.161568	0.838432	0.8814023
4302	-525.8485	-553.0886	27.24009	1.87175	7.357582	0.4155706	0.394496	0.605504	1.213668
4308	-531.6406	-559.03	27.38935	2.192152	4.230312	0.4155706	0.296435	0.703565	1.470444
4314	-533.0163	-557.6257	24.60937	0.7262803	3.916323	0.1714563	0.422933	0.577067	4.501373
4320	-527.5153	-552.0717	24.55638	0.8743264	7.510133	0.2247229	0.00659878	0.993401	3.829681
4326	-528.3674	-550.3123	21.94491	0.8083938	5.226605	0.1492849	0.147301	0.852699	5.754065
4332	-527.7358	-550.8679	23.13209	0.5480473	2.598216	0.1492849	0.347986	0.652014	5.754065
4338	-522.5259	-543.9413	21.41542	0.820956	7.451087	0.1492849	0.370315	0.629685	5.754065
4344	-525.175	-551.5905	26.41551	1.170907	7.470096	0.1307733	0.27103	0.72897	2.739738
4350	-534.1745	-558.2549	24.08045	1.722999	6.9025	0.10885	0.35605	0.64395	3.911175
4356	-527.669	-556.4609	28.79192	1.787776	3.935181	0.10885	0.284446	0.715554	1.409776
4362	-521.3074	-547.5587	26.25136	1.105342	5.385466	0.1401836	0.559903	0.440097	3.145418
4368	-524.5682	-551.648	27.07983	1.060802	3.379909	0.1401836	0.709518	0.290482	3.056528
4374	-525.2334	-552.1595	26.9261	2.494768	4.0956	1.317097	0.474115	0.525885	0.4935338
4380	-524.6029	-552.4037	27.80088	2.494768	4.0956	0.4994866	0.0695659	0.930434	0.6636423
4386	-522.7081	-550.5907	27.8826	2.494768	4.0956	0.4091172	0.215753	0.784247	0.2916186
4392	-523.2746	-551.0497	27.77516	2.412495	4.0956	0.597243	0.591516	0.408484	0.4854536
4398	-526.6473	-555.3528	28.70542	2.08491	3.652896	0.2785623	0.445737	0.554263	0.8164313
4404	-529.0295	-557.2061	28.17658	2.010999	5.501797	0.359621	0.445339	0.554661	0.5090471
4410	-533.2467	-560.5974	27.35067	2.790086	5.501797	0.276785	0.248267	0.751733	0.2313897
4416	-532.4752	-560.5151	28.03983	2.790086	3.25703	0.276785	0.471566	0.528434	0.2213751
4422	-530.2686	-555.3357	25.06706	1.145121	6.662277	0.3765753	0.0112415	0.988758	3.27082
4428	-533.4025	-558.1847	24.78216	1.234031	6.662277	0.4492535	0.355906	0.644094	3.305445
4434	-527.6758	-555.1433	27.46743	1.186975	3.535687	0.3694141	0.419584	0.580416	2.329027
4440	-530.1239	-556.6714	26.5475	1.198711	5.181017	0.2999625	0.0510792	0.948921	2.665618
4446	-528.5927	-555.9296	27.3369	1.07718	2.69264	0.3887731	0.445058	0.554942	2.673338
4452	-530.7027	-556.8378	26.13503	1.133189	2.334648	0.5398151	0.220081	0.779919	3.308486
4458	-527.5461	-552.6472	25.10113	1.220546	3.182467	0.2547625	0.220081	0.779919	3.960278
4464	-527.2504	-554.5738	27.32343	1.295219	3.949113	0.3132849	0.644513	0.355487	2.334822
4470	-526.458	-551.99	25.53199	1.32157	3.949113	0.3940949	0.292548	0.707452	3.306624
4476	-529.6588	-556.6926	27.03374	1.791026	4.84128	0.3940949	0.172039	0.827961	1.906207
4482	-526.5448	-552.4765	25.93171	1.073366	4.84128	0.2777392	0.514453	0.485547	3.201948
4488	-528.3093	-555.9857	27.67637	1.360941	4.84128	0.1901183	0.431363	0.568637	2.093124
4494	-522.5826	-551.133	28.55038	1.713047	4.84128	0.2883243	0.414526	0.585474	0.9551534
4500	-522.3269	-551.0129	28.68605	1.480013	3.397494	0.2143111	0.75523	0.24477	1.596417
4506	-523.2326	-550.9984	27.76585	1.646634	3.397494	0.0713707	0.525983	0.474017	2.449839
4512	-529.558	-556.0627	26.50466	1.874526	3.397494	0.2864062	0.541027	0.458973	2.648576
4518	-538.462	-565.9189	27.45696	2.555591	3.443304	0.6737522	0.173772	0.826228	0.9927042
4524	-527.5396	-554.6031	27.06345	1.209386	3.216935	0.7332353	0.104933	0.895067	2.285068
4530	-531.4329	-561.2451	29.81225	1.941478	1.438481	0.1143788	0.409518	0.590482	1.431399
4536	-528.4123	-556.4876	28.07532	1.929747	3.308993	0.1624154	0.269184	0.730816	1.847621
4542	-532.9323	-556.3438	23.41149	1.045651	26.181	0.0730597	0.719428	0.280572	3.509429
4548	-535.534	-559.7657	24.23174	1.452481	16.58377	0.2305823	0.436215	0.563785	2.925141
4554	-537.0496	-562.7232	25.67363	1.011706	1.532542	0.1266818	0.168366	0.831634	4.476891
4560	-525.6793	-551.6739	25.9946	2.478729	7.910138	1.301009	0.23584	0.76416	0.5958869
4566	-525.7678	-552.2297	26.46191	2.610517	7.910138	0.5080597	0.404414	0.595586	1.00202
4572	-528.6653	-554.0502	25.38488	0.9184078	3.414603	0.3137651	0.158986	0.841014	3.836652
4578	-526.1907	-552.3026	26.11191	0.7000704	3.414603	0.3681494	0.380506	0.619494	3.474354
4584	-522.6748	-547.0898	24.41502	0.8182459	9.141074	0.1359066	0.246798	0.753202	3.933349
4590	-523.6524	-548.4846	24.83223	0.9224182	6.195682	0.1786586	0.125612	0.874388	3.885985
4596	-524.9237	-550.7962	25.87249	1.475089	8.569299	0.1412735	0.378732	0.621268	2.734531
4602	-524.5183	-551.207	26.68871	1.453953	8.569299	0.4588968	0.39051	0.60949	1.716569
4608	-525.5198	-552.3263	26.8065	1.378427	7.619936	0.4588968	0.104143	0.895857	1.811812
4614	-527.2376	-551.9451	24.70751	1.246042	6.113442	0.5375548	0.102682	0.897318	3.329508
4620	-532.7839	-560.6449	27.861	1.871261	4.377449	0.2151614	0.402631	0.597369	1.663083
4626	-531.6218	-558.7336	27.1118	2.395015	4.377449	0.9761403	0.407353	0.592647	0.8033989
4632	-542.0084	-564.7733	22.76496	3.612924	2.233149	8.745438	0.299954	0.700046	1.818563
4638	-539.8793	-566.017	26.13764	3.824877	2.499099	1.428916	0.628532	0.371468	0.5664053
4644	-531.9683	-560.6188	28.65049	2.617277	2.499099	0.3399278	0.117247	0.882753	0.5708583
4650	-533.2816	-562.5019	29.22022	2.212075	2.499099	0.2442325	0.366367	0.633633	0.7151603
4656	-537.248	-561.9145	24.66655	1.584199	2.160799	1.388729	0.277086	0.722914	3.425707
4662	-539.3124	-566.7032	27.39081	1.644878	9.339945	0.4444044	0.600368	0.399632	0.8850376
4668	-544.4677	-569.3364	24.86865	2.063841	19.5788	0.5511322	0.376032	0.623968	1.501065
4674	-526.6274	-550.8883	24.26086	0.7702861	25.69403	0.05366484	0.267526	0.732474	3.248184
4680	-523.0078	-547.0587	24.05087	0.8980082	25.69403	0.02006885	0.795179	0.204821	3.38107
4686	-524.6667	-549.3156	24.64887	1.423446	25.69403	0.02006885	0.769973	0.230027	2.708444
4692	-529.7887	-554.4093	24.62063	0.7254981	5.715248	0.1528643	0.357157	0.642843	4.234409
4698	-530.3165	-555.0432	24.72672	0.7640589	5.715248	0.1952921	0.357157	0.642843	4.074066
4704	-532.4409	-556.4078	23.96697	0.7640589	5.427994	0.1952921	0.321507	0.678493	4.545546
4710	-530.9438	-555.6583	24.71443	0.2727016	4.520606	0.1952921	0.679942	0.320058	4.545546
4716	-534.6388	-560.0409	25.4021	0.6898888	4.669851	0.1952921	0.318298	0.681702	3.893232
4722	-524.7017	-548.9963	24.29455	1.324088	8.995124	0.3403383	0.148399	0.851601	3.397236
4728	-526.991	-552.9879	25.99687	1.320076	8.995124	0.4294096	0.24386	0.75614	2.254852
4734	-524.4452	-549.1918	24.7466	1.125754	8.995124	0.4294096	0.176888	0.823112	3.143232
4740	-527.7996	-553.3881	25.58851	0.9047517	4.854597	0.4765385	0.0469224	0.953078	3.263813
4746	-519.6172	-546.3972	26.78003	1.184001	5.496602	0.1678298	0.360552	0.639448	2.703742
4752	-521.6435	-548.9888	27.34522	1.518243	5.496602	0.1678298	0.518752	0.481248	2.136233
4758	-528.1539	-553.5086	25.35471	0.6896215	8.328543	0.1935573	0.553794	0.446206	3.435499
4764	-536.237	-560.0936	23.85661	0.5975096	11.09718	0.1210425	0.142333	0.857667	4.235117
4770	-526.7541	-554.6841	27.93001	1.060596	3.072485	0.3200904	0.18375	0.81625	2.297869
4776	-531.3385	-557.6149	26.27636	1.656072	3.072485	0.4216512	0.0154168	0.984583	2.827343
4782	-535.306	-559.651	24.345	1.79147	6.446452	0.5092403	0.301205	0.698795	3.202593
4788	-529.1727	-557.1164	27.94375	1.534082	4.783584	0.2846636	0.54623	0.45377	1.627008
4794	-532.992	-561.6605	28.66849	2.121915	4.783584	0.193297	0.258122	0.741878	0.5672868
4800	-533.5263	-560.9581	27.4318	2.121915	6.238105	0.4713375	0.0599473	0.940053	0.9332108
4806	-537.3079	-563.1016	25.79374	3.167791	6.238105	0.7402694	0.0257574	0.974243	1.128139
4812	-537.3273	-564.9583	27.63098	1.919423	2.694136	1.123291	0.779584	0.220416	1.248611
4818	-535.4888	-563.8125	28.32369	1.408427	1.974733	0.386153	0.666555	0.333445	2.078481
4824	-533.7476	-558.9973	25.2497	1.105757	2.810428	0.5660405	0.259067	0.740933	3.683854
4830	-524.0096	-549.7969	25.78729	1.126806	4.61116	0.208994	0.449326	0.550674	3.403337
4836	-523.8386	-550.9979	27.15922	1.831582	6.840805	0.03292355	0.667028	0.332972	2.217434
4842	-528.9362	-554.8571	25.92097	0.4360237	7.376917	0.1591229	0.354847	0.645153	3.424851
4848	-530.6816	-556.5644	25.88283	0.8715091	7.376917	0.1480082	0.35233	0.64767	3.213577
4854	-533.4993	-560.4402	26.94091	2.682045	4.738539	0.6093402	0.304704	0.695296	1.040106
4860	-531.6598	-555.2065	23.54675	3.005013	5.781218	7.558602	0.170442	0.829558	0.8118028
4866	-529.6611	-554.8068	25.14567	2.755052	4.357698	3.950244	0.216087	0.783913	0.7740672
4872	-530.3539	-556.3176	25.96367	2.552627	4.357698	2.644318	0.139289	0.860711	0.5903151
4878	-530.3362	-556.789	26.4528	2.569728	4.357698	1.415533	0.134093	0.865907	0.9266752
4884	-526.7136	-554.2299	27.51629	2.407469	2.5925	1.425178	0.445042	0.554958	0.5486616
4890	-533.8791	-559.4924	25.61333	1.612623	25.63213	0.4536963	0.142837	0.857163	0.9844142
4896	-526.0342	-551.4319	25.39768	1.611444	25.63213	0.1041629	0.305421	0.694579	1.868216
4902	-523.6017	-551.2874	27.68563	1.815773	4.911307	0.4453897	0.283725	0.716275	1.330041
4908	-528.694	-556.3415	27.64755	1.616499	5.156249	0.1182251	0.256721	0.743279	2.050002
4914	-531.6851	-556.9008	25.21573	0.7773578	6.520322	0.1239778	0.273431	0.726569	3.816028
4920	-532.7163	-557.3788	24.66249	0.8429813	6.777601	0.1043948	0.294996	0.705004	4.107357
4926	-532.3164	-557.4952	25.17881	0.544899	6.777601	0.1043948	0.372694	0.627306	3.982848
4932	-528.4094	-552.8808	24.47137	0.8030386	9.231327	0.09977481	0.478695	0.521305	3.982848
4938	-527.2036	-552.6398	25.43619	0.8116049	4.111868	0.152693	0.296707	0.703293	3.982848
4944	-525.7325	-551.5478	25.81533	1.386306	14.44799	0.10356	0.251401	0.748599	2.396241
4950	-531.6997	-558.363	26.66335	0.9214148	4.111868	0.1781935	0.419103	0.580897	3.155505
4956	-532.2715	-555.9492	23.67769	0.8636664	7.291397	0.1781935	0.569171	0.430829	4.439785
4962	-535.2345	-556.9092	21.67473	0.6520501	6.871037	0.1372356	0.213553	0.786447	5.794447
4968	-532.4524	-556.8951	24.44276	0.6327408	3.738585	0.1372356	0.416913	0.583087	4.748306
4974	-529.4434	-553.465	24.02163	0.7308377	3.376842	0.2943848	0.39697	0.60303	4.748306
4980	-525.8653	-550.0968	24.23152	0.7681165	3.376842	0.2943848	0.39697	0.60303	4.609932
4986	-529.3765	-554.7355	25.35894	0.7705266	3.376842	0.2941455	0.39697	0.60303	3.97066
4992	-531.1892	-557.5597	26.37052	1.220228	2.463874	0.4786745	0.4609	0.5391	3.137853
4998	-537.1277	-562.939	25.81137	1.213383	7.982683	0.4852567	0.164135	0.835865	2.493754
5004	-533.5448	-558.7153	25.17053	0.9329647	8.075523	0.2264615	0.424761	0.575239	3.372371
5010	-529.8405	-552.5983	22.75779	0.2144577	29.69881	0.03804797	0.636103	0.363897	4.327372
5016	-528.7877	-550.9588	22.17112	0.6289278	32.53688	0.03857117	0.788675	0.211325	4.327372
5022	-533.0141	-559.032	26.01799	2.350641	5.686587	0.1083696	0.0501578	0.949842	2.558743
5028	-527.084	-552.9983	25.91428	1.683058	6.631402	0.0330467	0.527103	0.472897	3.10521
5034	-530.1418	-555.7312	25.58937	1.850094	5.106865	0.0330467	0.560812	0.439188	3.420651
5040	-528.1089	-554.7429	26.63391	1.996979	3.917049	0.8702226	0.182209	0.817791	1.76702
5046	-523.3206	-551.1533	27.83271	1.608379	2.886545	0.2792107	0.309714	0.690286	2.119699
5052	-526.6085	-554.6936	28.08512	1.935343	3.701265	0.07240753	0.302532	0.697468	1.980739
5058	-536.3956	-563.936	27.5404	1.710055	8.784354	0.1268831	0.585457	0.414543	1.485672
5064	-527.9971	-555.71	27.71293	0.9360912	2.336867	0.2993482	0.169441	0.830559	2.753308
5070	-539.0626	-568.0878	29.02523	2.069098	1.709306	0.2231113	0.682279	0.317721	1.511477
5076	-542.3498	-570.6973	28.34752	2.20794	1.987744	0.7924803	0.331832	0.668168	0.9815989
5082	-530.9793	-557.6	26.62067	1.362605	6.601417	0.3364594	0.598345	0.401655	2.245828
5088	-531.6584	-558.5816	26.92321	1.22837	6.601417	0.363986	0.265541	0.734459	2.098827
5094	-529.8172	-555.066	25.24874	1.238258	6.601417	0.3279667	0.230292	0.769708	3.176593
5100	-528.9235	-556.6062	27.68262	1.341064	2.41085	0.3279667	0.573286	0.426714	2.457861
5106	-532.8272	-561.3421	28.51487	1.729394	2.41085	0.6791036	0.253621	0.746379	1.188773
5112	-536.9952	-565.3365	28.34125	1.182096	3.14678	0.3706516	0.383137	0.616863	1.855447
5118	-533.8454	-562.8642	29.01875	1.456029	2.23967	0.1644768	0.256709	0.743291	1.855447
5124	-529.2716	-557.732	28.46041	1.7267	4.886865	0.1644768	0.473016	0.526984	1.323597
5130	-533.2431	-559.9575	26.71445	1.574069	12.04532	0.07943671	0.630047	0.369953	1.9532
5136	-531.8523	-555.9933	24.14101	1.09211	12.04532	0.1000879	0.714712	0.285288	3.763062
5142	-525.4137	-552.6258	27.21211	1.309467	5.172977	0.07854367	0.690711	0.309289	2.628018
5148	-520.849	-548.889	28.04	1.802254	5.172977	0.1493677	0.224222	0.775778	1.566045
5154	-524.6952	-550.5692	25.87407	1.111774	6.783611	0.1783605	0.224222	0.775778	3.089704
5160	-529.1639	-554.1416	24.97775	1.247601	5.061513	0.1783605	0.395188	0.604812	3.782212
5166	-527.584	-552.4356	24.85155	0.9063332	6.993526	0.1783605	0.380962	0.619038	3.782212
5172	-527.4441	-551.8741	24.42999	1.155842	6.993526	0.2370765	0.41823	0.58177	3.782212
5178	-524.9243	-551.8081	26.8838	1.112218	6.993526	0.2040542	0.263182	0.736818	2.395333
5184	-532.7039	-557.9973	25.29341	1.789694	4.092738	1.70782	0.0378391	0.962161	2.286404
5190	-529.8652	-554.7654	24.9002	1.789852	4.402519	0.4620538	0.0193524	0.980648	3.242193
5196	-534.9772	-559.8508	24.87359	1.25462	4.402519	0.4620538	0.455612	0.544388	3.571476
5202	-526.0337	-552.2892	26.25544	1.932397	4.622034	0.5660192	0.112627	0.887373	2.175952
5208	-526.1244	-552.8212	26.69681	1.716775	9.114345	0.2845405	0.38081	0.61919	1.709605
5214	-529.9753	-552.4762	22.50087	1.014788	7.280014	0.1305735	0.171908	0.828092	5.106102
5220	-534.4621	-557.8223	23.3602	1.633518	6.405943	0.1147121	0.297791	0.702209	4.42039
5226	-531.71	-556.1029	24.39291	0.8553702	5.456565	0.1090502	0.618947	0.381053	4.42039
5232	-528.16	-553.5033	25.34328	1.063024	5.456565	0.1720211	0.202783	0.797217	3.627964
5238	-528.3866	-553.5559	25.16935	0.646205	5.456565	0.3288843	0.321581	0.678419	3.729424
5244	-541.6056	-564.4275	22.82187	2.734069	3.06302	2.944308	0.0579256	0.942074	3.058927
5250	-530.0928	-555.5112	25.41839	1.777378	2.586942	1.876607	0.138776	0.861224	2.522181
5256	-532.749	-557.5167	24.76776	1.907588	3.874793	1.876607	0.175173	0.824827	2.522181
5262	-530.6841	-555.6779	24.99389	0.3403136	6.08573	0.1178519	0.465252	0.534748	4.26318
5268	-526.5011	-552.2256	25.72452	0.5577712	7.63666	0.1666017	0.371792	0.628208	3.423429
5274	-528.9193	-554.8357	25.91645	1.925003	12.15985	0.8118355	0.713686	0.286314	1.132657
5280	-531.9877	-560.0434	28.05574	1.990264	3.697084	0.8118355	0.4322	0.5678	0.4961558
5286	-527.2077	-554.3237	27.11606	2.848237	3.697084	0.8118355	0.329303	0.670697	0.3241184
5292	-528.4232	-556.4642	28.04099	2.482597	3.646498	0.4825311	0.110492	0.889508	0.5014256
5298	-532.5176	-560.3084	27.79084	2.018223	10.35713	0.07697043	0.193986	0.806014	0.9694583
5304	-532.2395	-560.3283	28.08877	1.789906	5.622912	0.4400861	0.657598	0.342402	0.7899754
5310	-527.8286	-554.8678	27.03919	1.495048	5.622912	0.140574	0.555793	0.444207	2.387276
5316	-526.2733	-551.2723	24.99896	0.7348967	5.622912	0.140574	0.626332	0.373668	4.051993
5322	-522.6303	-550.21	27.57971	1.508622	6.186801	0.2075192	0.475643	0.524357	1.788019
5328	-523.536	-549.6919	26.15583	1.60038	14.73024	0.2075192	0.334655	0.665345	1.770871
5334	-530.4458	-555.0634	24.61769	1.463257	21.57956	0.3860263	0.0681581	0.931842	2.169082
5340	-524.552	-552.2978	27.74571	1.817958	10.74419	0.1856006	0.127477	0.872523	0.6773755
5346	-523.0241	-549.7871	26.76295	1.817958	10.74419	0.4859943	0.287446	0.712554	1.05257
5352	-526.6687	-554.4693	27.80062	1.938992	10.74419	0.1476165	0.528744	0.471256	0.5249033
5358	-529.8225	-556.5164	26.69388	1.766221	5.581304	0.4762872	0.650759	0.349241	1.91568
5364	-529.9619	-555.7977	25.83578	1.469626	5.535024	0.4762872	0.473358	0.526642	2.663821
5370	-518.6784	-544.6948	26.01636	1.138735	9.836174	0.2493795	0.310912	0.689088	2.516836
5376	-530.216	-556.4826	26.26665	1.599324	9.836174	0.05306093	0.1856	0.8144	2.516836
5382	-536.8035	-564.2771	27.47356	0.7119309	2.40092	0.2437116	0.468148	0.531852	3.096548
5388	-534.6615	-559.6988	25.03725	0.5611892	3.882242	0.2437116	0.323223	0.676777	4.23987
5394	-529.7692	-553.8434	24.07415	0.4796772	3.732348	0.2437116	0.323223	0.676777	4.856316
5400	-530.0685	-553.8781	23.80963	0.6081833	3.732348	0.1989337	0.430512	0.569488	5.002226
5406	-535.0463	-560.7888	25.74251	1.295118	3.732348	0.1989337	0.406699	0.593301	3.516049
5412	-529.8818	-557.7279	27.84613	1.738188	5.138612	0.2534263	0.40258	0.59742	1.532851
5418	-530.2412	-558.9164	28.67525	1.241745	4.126648	0.2861815	0.334032	0.665968	1.449099
5424	-526.5809	-553.6464	27.06545	1.18169	7.044402	0.2861815	0.594274	0.405726	2.086224
5430	-529.1012	-555.6046	26.50338	0.9692611	8.903743	0.1018503	0.544371	0.455629	2.715936
5436	-527.578	-552.7661	25.1881	0.8564595	3.596604	0.4165683	0.397818	0.602182	3.82469
5442	-526.5519	-554.3482	27.79633	1.197702	7.5525	0.2284942	0.386118	0.613882	1.603151
5448	-535.5601	-563.0973	27.53727	1.362011	2.758678	0.8328781	0.192638	0.807362	1.923832
5454	-536.9569	-563.0084	26.05155	1.589926	3.591225	0.3381113	0.272475	0.727525	2.981466
5460	-529.2551	-554.4327	25.1776	1.538421	11.02087	0.4720905	0.196182	0.803818	2.385681
5466	-530.3771	-556.7795	26.40245	1.228996	22.52272	0.1110287	0.583478	0.416522	1.57298
5472	-525.6259	-551.4051	25.7792	1.187176	22.52272	0.08353352	0.583478	0.416522	2.111842
5478	-522.9875	-549.7162	26.72867	1.066294	9.104139	0.1257188	0.62195	0.37805	2.435012
5484	-525.4064	-552.6841	27.27771	1.938416	9.104139	0.3759115	0.543244	0.456756	0.8726086
5490	-531.5499	-558.1168	26.56687	1.221719	11.57022	0.07215796	0.375074	0.624926	2.343934
5496	-534.6183	-561.9607	27.34244	1.66416	6.437927	0.07215796	0.18015	0.81985	2.140613
5502	-518.6756	-546.6992	28.02364	1.18955	8.170737	0.1271695	0.418332	0.581668	1.594721
5508	-523.0123	-548.1668	25.1545	1.153554	8.170737	0.1271695	0.103795	0.896205	3.430256
5514	-523.0686	-546.1918	23.12318	0.8051792	10.3721	0.1271695	0.0936159	0.906384	4.579057
5520	-524.9039	-548.3714	23.46746	0.4609017	10.3721	0.1271695	0.0935765	0.906424	4.579057
5526	-526.8585	-551.2823	24.42382	0.7625299	6.412612	0.1271695	0.137061	0.862939	4.283241
5532	-525.9351	-554.2683	28.33325	1.938134	2.920494	0.1266366	0.129049	0.870951	1.862688
5538	-526.7855	-554.8208	28.03527	1.970761	5.940752	0.166914	0.105546	0.894454	1.237843
5544	-525.9013	-552.3277	26.42635	0.835688	4.283283	0.2854419	0.411251	0.588749	3.138562
5550	-523.2559	-549.7231	26.46722	0.9609237	4.283283	0.2854419	0.228197	0.771803	3.039467
5556	-528.9181	-555.3771	26.45895	0.8692677	3.210371	0.2854419	0.398303	0.601697	3.325857
5562	-529.2032	-554.1599	24.95664	0.8105713	5.342904	0.2854419	0.398303	0.601697	3.832014
5568	-527.317	-552.2646	24.94762	0.8562549	4.648402	0.1789368	0.388557	0.611443	4.090597
5574	-522.4109	-547.4455	25.03459	0.4556393	7.024448	0.1101427	0.502395	0.497605	4.072328
5580	-521.5772	-545.0966	23.51939	0.6499947	7.024448	0.1101427	0.606151	0.393849	4.816688
5586	-521.5833	-544.7763	23.19296	0.5256814	10.26722	0.07974493	0.241422	0.758578	4.816688
5592	-519.6544	-543.6162	23.96177	0.3310589	10.26722	0.07974493	0.459988	0.540012	4.495039
5598	-520.9978	-543.3225	22.3247	0.5438252	10.26722	0.07974493	0.138246	0.861754	5.28847
5604	-529.6879	-554.0565	24.36865	0.338041	10.26722	0.09115426	0.14688	0.85312	4.232288
5610	-525.3886	-550.5502	25.16155	0.6264353	15.32388	0.09115426	0.388943	0.611057	3.229619
5616	-535.1276	-561.7212	26.59361	1.592285	5.466627	0.1988255	0.165104	0.834896	2.511008
5622	-526.0163	-552.4875	26.47117	1.022407	5.466627	0.1988255	0.336959	0.663041	2.935216
5628	-525.8131	-552.5318	26.71861	0.9480856	5.282183	0.1134332	0.54391	0.45609	3.037815
5634	-532.8507	-558.8844	26.03371	0.6058657	8.561158	0.1134332	0.484461	0.515539	3.224745
5640	-531.7334	-556.0972	24.36379	0.1783392	5.081475	0.1271132	0.431065	0.568935	4.832814
5646	-533.7998	-558.4892	24.68943	0.2004545	3.945793	0.1271132	0.261352	0.738648	4.832814
5652	-531.6934	-555.3554	23.66204	0.5621247	6.342795	0.1271132	0.127872	0.872128	4.832814
5658	-536.7099	-561.0013	24.29132	0.6927928	5.468049	0.1694302	0.598484	0.401516	4.443142
5664	-524.1905	-548.6589	24.46835	0.6445242	4.892058	0.1694302	0.532049	0.467951	4.459068
5670	-530.1605	-555.3467	25.18618	1.381561	2.97003	0.6499659	0.226347	0.773653	3.449399
5676	-526.6265	-554.3183	27.69184	1.444753	4.355846	0.6069432	0.133673	0.866327	1.538935
5682	-527.7742	-554.7052	26.931	1.348264	4.382305	0.4309334	0.240521	0.759479	2.30881
5688	-529.0135	-556.737	27.72344	2.191842	4.961593	0.4309334	0.265821	0.734179	0.9725481
5694	-532.9264	-556.8022	23.87578	0.9002771	14.72268	0.1043193	0.576118	0.423882	3.825633
5700	-531.9682	-556.345	24.37686	2.478018	8.96	3.120952	0.192687	0.807313	1.103642
5706	-540.1217	-565.0867	24.96498	2.430677	7.332335	3.120952	0.330634	0.669366	0.8628769
5712	-522.4254	-547.3103	24.88483	0.4701886	8.703475	0.1136027	0.415388	0.584612	3.956217
5718	-525.8939	-550.2833	24.3894	0.7399994	8.703475	0.1136027	0.415388	0.584612	4.085048
5724	-526.5727	-551.1926	24.61985	0.5095468	8.703475	0.1136027	0.54815	0.45185	4.085048
5730	-526.141	-554.1178	27.97672	1.63731	4.74142	0.1462699	0.61418	0.38582	1.822413
5736	-521.806	-549.2425	27.43647	1.149295	4.378522	0.1584737	0.444513	0.555487	2.535314
5742	-527.8281	-557.4806	29.6525	2.088886	2.455579	0.1584737	0.444513	0.555487	0.6583967
5748	-525.771	-555.1825	29.41151	2.294257	2.455579	0.1586333	0.212466	0.787534	0.7221524
5754	-527.0356	-555.7009	28.66538	2.379942	3.397468	0.267951	0.326245	0.673755	0.5704635
5760	-529.0247	-556.8123	27.78761	1.728705	3.678568	0.5390972	0.116862	0.883138	1.501576
5766	-526.6612	-554.8831	28.22193	2.017916	2.628296	0.5390972	0.406784	0.593216	1.273016
5772	-529.9775	-557.4047	27.4272	2.379556	3.000214	1.231384	0.429425	0.570575	0.7497605
5778	-539.0977	-560.2926	21.19481	2.632867	3.033454	10.94291	0.0103344	0.989666	2.973816
5784	-534.8399	-557.5645	22.72455	0.4518804	5.329166	0.09829668	0.677048	0.322952	5.615204
5790	-534.4797	-559.9744	25.49469	0.9119638	4.464328	0.09829668	0.464805	0.535195	3.947512
5796	-537.5471	-561.5675	24.02046	0.9137241	4.383486	0.1295207	0.0997313	0.900269	4.723301
5802	-531.0038	-555.4588	24.45501	0.7026929	5.053504	0.1295207	0.45159	0.54841	4.487243
5808	-536.5772	-560.9517	24.37449	0.6589028	5.112507	0.1597215	0.307736	0.692264	4.487243
5814	-530.7235	-555.0186	24.29515	0.7912216	5.112507	0.1444977	0.160453	0.839547	4.487243
5820	-533.0818	-558.6059	25.52406	0.7839663	9.325652	0.1444977	0.44731	0.55269	3.272923
5826	-529.1987	-554.4137	25.21501	0.9289086	11.04052	0.1313409	0.31715	0.68285	3.240834
5832	-533.862	-561.0204	27.15841	1.321315	11.04052	0.1829523	0.601745	0.398255	1.645581
5838	-534.2833	-561.2466	26.96329	1.843762	8.280296	0.1829523	0.404054	0.595946	1.732767
5844	-526.2365	-552.8246	26.58816	2.652771	3.540479	1.844227	0.0512789	0.948721	0.4862686
5850	-532.39	-557.8037	25.41376	2.257938	8.996076	2.154152	0.25478	0.74522	0.6781239
5856	-528.4491	-553.4373	24.98819	2.734759	8.996076	2.154152	0.298297	0.701703	0.5118173
5862	-524.4838	-550.7785	26.29476	2.542374	5.251065	1.618258	0.392879	0.607121	0.4194169
5868	-527.4317	-555.4116	27.97982	2.53196	3.584188	0.5031885	0.340772	0.659228	0.4935566
5874	-525.6198	-553.2119	27.5921	1.98197	3.87304	0.1845785	0.276824	0.723176	1.950506
5880	-529.1995	-558.1595	28.96002	1.959846	3.355937	0.3320859	0.376933	0.623067	0.5213585
5886	-530.3	-556.8425	26.54243	2.463966	8.200993	0.1881694	0.285394	0.714606	1.588998
5892	-531.165	-558.6759	27.51095	2.140427	8.226808	0.1881694	0.5033	0.4967	1.063197
5898	-531.9715	-557.1997	25.22815	2.722886	4.329507	2.348333	0.400469	0.599531	1.371947
5904	-536.8539	-565.6646	28.81067	2.130677	2.027465	0.2655748	0.719094	0.280906	1.391757
5910	-531.6221	-558.9632	27.34109	1.525395	3.083433	0.2655748	0.135989	0.864011	2.455397
5916	-531.1589	-558.5417	27.38281	1.31485	3.083433	0.1453205	0.464719	0.535281	2.780871
5922	-532.4638	-558.1726	25.70883	1.567299	2.397024	1.030129	0.225434	0.774566	2.928022
5928	-530.8006	-559.0419	28.24132	1.339364	2.397024	0.2455606	0.514293	0.485707	2.234315
5934	-528.1903	-556.5797	28.38941	1.651351	2.397024	0.121889	0.42732	0.57268	2.191122
5940	-540.0072	-567.0182	27.011	2.608071	1.805022	0.5245194	0.514228	0.485772	2.060064
5946	-539.8929	-568.4661	28.57328	2.274962	1.805022	0.06879116	0.841866	0.158134	2.032743
5952	-530.0229	-552.8707	22.84779	0.8816925	2.29907	0.5249198	0.485099	0.514901	5.338122
5958	-529.3454	-555.341	25.99553	1.676148	2.29907	0.5249198	0.655268	0.344732	3.094381
5964	-533.3154	-560.951	27.63563	1.473376	1.805022	0.3782871	0.696954	0.303046	2.552677
5970	-526.821	-551.7538	24.93276	1.701558	7.190703	0.3414301	0.350222	0.649778	2.995611
5976	-527.9919	-554.0842	26.09229	1.514194	2.41498	0.8942989	0.0448971	0.955103	2.807198
5982	-530.4077	-557.6911	27.28339	1.826921	2.898059	0.8942989	0.164072	0.835928	1.68745
5988	-528.2512	-554.5785	26.32726	1.982564	2.898059	0.899667	0.00724889	0.992751	2.222487
5994	-525.9845	-554.0207	28.03621	2.098413	3.69206	0.6641092	0.218734	0.781266	0.7559738
6000	-532.5054	-559.0015	26.49608	1.927647	9.965235	0.423957	0.533064	0.466936	1.381566
6006	-528.1324	-553.278	25.1456	2.680577	11.06472	1.379852	0.159542	0.840458	0.7228775
6012	-531.0682	-557.3723	26.30408	2.680577	5.352093	1.379852	0.0437791	0.956221	0.5930642
6018	-530.0222	-557.926	27.90382	2.459277	3.242658	0.6885102	0.417506	0.582494	0.4408874
6024	-527.88	-555.3817	27.50164	1.864345	4.745198	0.716216	0.347329	0.652671	1.141849
6030	-528.3817	-553.7751	25.39339	2.097471	14.81264	0.7693887	0.287645	0.712355	1.198925
6036	-527.7291	-554.3338	26.60473	2.200829	4.942336	1.297249	0.287645	0.712355	1.064186
6042	-523.6373	-551.9056	28.2683	1.431543	3.321727	0.1344081	0.486965	0.513035	2.11462
6048	-525.5073	-554.2192	28.71187	1.769124	2.983369	0.2954559	0.426421	0.573579	1.32407
6054	-531.2241	-558.9275	27.70331	2.077679	2.338814	0.6196082	0.282829	0.717171	1.640905
6060	-529.8455	-557.7553	27.90975	1.430318	3.347865	0.1223485	0.674202	0.325798	2.369091
6066	-524.0221	-551.7615	27.73943	1.665058	3.000541	0.2778153	0.0607694	0.939231	2.113691
6072	-531.2396	-558.8076	27.56801	1.317176	3.818949	0.1632005	0.23788	0.76212	2.453704
6078	-531.8889	-560.2271	28.33818	1.716011	4.428968	0.2830219	0.444663	0.555337	1.270254
6084	-535.0155	-560.8479	25.83242	1.623086	5.034797	0.1640728	0.00813825	0.991862	3.0937
6090	-533.8386	-561.8537	28.01515	1.804344	3.675219	0.1602999	0.116639	0.883361	1.885149
6096	-535.8367	-563.5593	27.72257	1.118061	3.675219	0.1602999	0.124106	0.875894	2.519636
6102	-532.7977	-559.5205	26.72283	1.443787	3.992258	0.5316897	0.285099	0.714901	2.351973
6108	-537.8163	-565.2934	27.47706	1.448344	4.481843	0.5316897	0.113483	0.886517	1.74449
6114	-535.4442	-562.9535	27.50928	2.181889	5.418094	0.1521813	0.470587	0.529413	1.621179
6120	-532.4824	-559.6304	27.14804	1.680615	7.454639	0.137539	0.268761	0.731239	1.933303
6126	-531.1102	-555.0613	23.95107	0.802515	3.162029	0.3260509	0.228221	0.771779	4.754915
6132	-527.0468	-553.5121	26.46539	0.7085512	3.162029	0.3260509	0.722561	0.277439	3.373056
6138	-526.0657	-554.235	28.1693	1.714776	3.425651	0.3260509	0.61011	0.38989	1.589976
6144	-539.212	-566.3417	27.12966	2.128055	6.699775	0.2833438	0.248883	0.751117	1.434117
6150	-541.0065	-566.0536	25.04713	1.467426	6.396122	0.2540521	0.402415	0.597585	3.29184
6156	-544.4096	-569.4908	25.08124	1.38418	9.177206	0.2540521	0.402415	0.597585	2.997101
6162	-520.7366	-547.2914	26.55475	0.7974592	5.720349	0.306376	0.35767	0.64233	2.811321
6168	-522.9064	-549.2572	26.35078	0.8331033	7.461493	0.1309376	0.447131	0.552869	2.984316
6174	-529.067	-555.6154	26.54835	1.03814	7.461493	0.1468498	0.756748	0.243252	2.70482
6180	-522.3438	-549.1328	26.78898	0.7975103	7.461493	0.1468498	0.435718	0.564282	2.70482
6186	-528.536	-554.6418	26.10576	0.9559167	7.461493	0.1468498	0.523901	0.476099	3.022806
6192	-525.1893	-553.9969	28.80757	1.446913	3.94948	0.1468498	0.576062	0.423938	1.542679
6198	-522.778	-547.9369	25.15891	1.244929	3.262422	0.1468498	0.464825	0.535175	4.080431
6204	-526.5889	-553.8124	27.22344	2.186673	4.52586	0.2545875	0.325223	0.674777	1.782295
6210	-531.1853	-558.7779	27.59259	2.288317	4.114414	0.1758094	0.160788	0.839212	1.702233
6216	-530.2993	-557.0729	26.77363	1.727002	8.166863	0.291863	0.518634	0.481366	1.754841
6222	-537.6416	-563.1914	25.54974	2.18283	7.069816	0.2312755	0.636247	0.363753	2.502067
6228	-524.5295	-550.4126	25.8831	1.566634	3.945819	0.2312755	0.156635	0.843365	3.175579
6234	-520.4784	-548.2538	27.77542	1.861953	4.550822	0.2795655	0.353145	0.646855	1.570182
6240	-521.637	-549.1284	27.49137	1.627328	9.023891	0.1286213	0.0680415	0.931959	1.547988
6246	-522.6423	-549.6899	27.04762	1.710118	5.081882	0.559996	0.0680415	0.931959	1.70853
6252	-526.1639	-553.1712	27.00726	1.696665	5.081882	0.607458	0.21884	0.78116	1.696799
6258	-527.8233	-553.9207	26.09741	1.879643	5.081882	0.3486748	0.21884	0.78116	2.472122
6264	-527.1543	-553.3915	26.23718	1.739808	7.216997	0.3486748	0.271877	0.728123	2.147399
6270	-530.7696	-558.3634	27.59386	2.366995	2.30989	1.474644	0.714034	0.285966	0.7133143
6276	-532.7882	-560.3162	27.52799	2.413901	2.30989	1.535165	0.461008	0.538992	0.6672687
6282	-526.8099	-553.6445	26.83458	0.9974946	5.300537	0.5652969	0.3157	0.6843	2.282393
6288	-525.5762	-552.7708	27.19456	1.085314	5.300537	0.2978069	0.61325	0.38675	2.314578
6294	-531.8085	-558.6129	26.80435	1.214288	10.35997	0.1087462	0.186638	0.813362	2.206087
6300	-527.4296	-555.319	27.88947	1.941515	3.116013	0.3129094	0.0441264	0.955874	1.736762
6306	-530.032	-556.2028	26.17077	2.035349	6.907739	0.6058391	0.418618	0.581382	1.736762
6312	-529.4124	-554.6451	25.23274	1.063796	6.907739	0.4854122	0.437364	0.562636	3.070286
6318	-522.5898	-548.4453	25.85551	1.07654	5.532472	0.3232688	0.236824	0.763176	3.070286
6324	-525.9501	-551.1442	25.19407	0.9830903	5.532472	0.3081839	0.540319	0.459681	3.53524
6330	-529.6009	-557.5276	27.92672	2.489905	2.33225	0.969367	0.773629	0.226371	0.6595492
6336	-535.402	-562.294	26.89204	2.892258	2.33225	0.9149569	0.482009	0.517991	1.369474
6342	-534.4091	-560.6057	26.19658	2.969223	2.33225	0.7447372	0.490217	0.509783	1.954588
6348	-526.699	-555.7775	29.07847	1.516453	2.311963	0.326107	0.762609	0.237391	1.428341
6354	-523.6782	-552.7283	29.0501	1.895277	2.525594	0.1491781	0.826253	0.173747	1.449956
6360	-526.9546	-556.008	29.05338	1.425838	3.476791	0.1303801	0.697997	0.302003	1.54609
6366	-530.0702	-559.3156	29.24545	1.733946	3.691066	0.1389638	0.335168	0.664832	1.044636
6372	-527.1448	-554.6636	27.5188	1.211954	3.691066	0.1775339	0.392226	0.607774	2.549215
6378	-529.5692	-557.284	27.71474	1.154298	2.843716	0.1775339	0.0666862	0.933314	2.672395
6384	-546.0468	-571.8574	25.81054	2.388037	23.66863	0.2118745	0.662896	0.337104	0.4800734
6390	-539.1805	-564.1113	24.93082	2.638017	34.27036	0.1603973	0.676812	0.323188	0.2997312
6396	-540.2547	-563.486	23.23132	2.584677	59.48876	0.43267	0.596764	0.403236	0.2892522
6402	-530.8682	-556.7161	25.84793	0.6058895	6.381115	0.1554814	0.544178	0.455822	3.501082
6408	-522.4355	-548.9831	26.54763	1.075621	6.381115	0.1554814	0.589597	0.410403	2.805648
6414	-530.1608	-555.0941	24.93323	2.511396	7.442859	2.346734	0.0501639	0.949836	1.147937
6420	-527.4178	-552.9981	25.58031	2.439434	4.914541	2.67839	0.0454308	0.954569	1.02179
6426	-531.3477	-556.5053	25.15762	2.742062	5.443157	2.67839	0.039125	0.960875	0.9979604
6432	-523.9769	-548.6258	24.64885	2.10301	5.443157	3.166411	0.0355365	0.964464	1.745298
6438	-525.265	-552.8436	27.57855	2.232433	3.388905	1.146103	0.215941	0.784059	0.565405
6444	-527.8312	-555.9257	28.09449	1.874998	10.30996	0.08733701	0.438065	0.561935	0.7214566
6450	-527.9796	-557.211	29.23142	1.761636	4.036041	0.143742	0.287599	0.712401	0.8884271
6456	-532.7753	-557.4301	24.65481	2.884671	4.036041	5.410724	0.16838	0.83162	0.815047
6462	-530.9156	-557.787	26.8714	2.588002	8.295907	0.2583141	0.240294	0.759706	1.046205
6468	-529.3342	-558.1115	28.77731	1.780845	2.636946	0.2771817	0.0704314	0.929569	1.420047
6474	-522.1561	-550.2312	28.07504	2.708999	2.636946	0.2771817	0.294679	0.705321	1.238848
6480	-521.4449	-547.3269	25.882	1.28507	2.636946	0.2771817	0.278939	0.721061	3.57759
6486	-526.8487	-553.5247	26.67608	0.7532122	2.636946	0.1824379	0.153449	0.846551	3.57759
6492	-523.2647	-549.1786	25.9139	1.613228	4.511864	0.6171084	0.220575	0.779425	2.568315
6498	-525.4335	-552.1732	26.73974	1.58338	4.511864	0.1691313	0.246214	0.753786	2.650428
6504	-528.0978	-554.6099	26.51214	1.434245	4.894305	0.2607129	0.359432	0.640568	2.650428
6510	-525.994	-554.8826	28.88858	1.613518	4.308163	0.1055673	0.347896	0.652104	1.385274
6516	-522.989	-551.9708	28.98184	1.726	4.440459	0.1183794	0.51884	0.48116	1.137088
6522	-526.6191	-555.0897	28.47065	1.332712	4.440459	0.1865064	0.162295	0.837705	1.659351
6528	-527.4239	-555.9509	28.52702	1.898503	4.859153	0.2628989	0.773442	0.226558	0.8364726
6534	-526.7371	-555.0217	28.28459	1.79422	3.367927	0.5761354	0.458252	0.541748	1.089601
6540	-527.861	-555.3223	27.46131	1.767386	3.367927	0.09533709	0.103187	0.896813	2.503884
6546	-524.2148	-549.387	25.17223	1.287257	6.643801	0.1124227	0.224708	0.775292	3.556617
6552	-523.4207	-548.5781	25.1574	1.121169	5.068585	0.1124227	0.613341	0.386659	3.886177
6558	-522.6807	-550.4273	27.74661	1.292409	7.863785	0.1124227	0.596154	0.403846	1.800506
6564	-528.6222	-554.7266	26.10437	1.582456	7.863785	0.05081494	0.609866	0.390134	2.846269
6570	-526.3448	-552.8849	26.54007	1.55399	2.77373	0.767318	0.407137	0.592863	2.490888
6576	-523.4377	-549.8288	26.39104	1.57337	4.514635	0.1385192	0.407137	0.592863	2.932996
6582	-529.4774	-556.0853	26.60789	1.268584	7.863785	0.08183556	0.288351	0.711649	2.638587
6588	-534.3951	-559.0762	24.68104	1.235794	20.58826	0.07247994	0.121698	0.878302	2.900254
6594	-527.5981	-555.9153	28.31715	2.386589	3.520874	0.02961334	0.4288	0.5712	1.69907
6600	-530.2909	-555.634	25.34314	1.075986	20.58826	0.07476927	0.436876	0.563124	2.586443
6606	-526.6597	-553.6918	27.03216	1.22121	11.35282	0.07476927	0.850556	0.149444	2.054814
6612	-524.7977	-548.8374	24.03978	0.9878737	6.476177	0.1730573	0.575463	0.424537	4.273685
6618	-529.0107	-553.0771	24.06638	1.28744	6.476177	0.1730573	0.157705	0.842295	4.088446
6624	-529.2771	-555.901	26.62392	1.272427	4.415585	0.1730573	0.533213	0.466787	2.92079
6630	-535.9888	-563.4607	27.47188	1.389758	3.924738	0.2016892	0.380106	0.619894	2.368916
6636	-533.8954	-559.5828	25.68736	1.722518	4.978826	0.2016892	0.29444	0.70556	3.05957
6642	-523.4088	-548.0522	24.64341	0.9194648	12.51253	0.2668499	0.0763753	0.923625	3.221211
6648	-524.0659	-549.6705	25.60455	1.141714	3.984893	0.164837	0.0892186	0.910781	3.696868
6654	-538.7982	-563.482	24.68385	0.865003	4.782045	0.2535364	0.162065	0.837935	4.091704
6660	-540.7327	-565.4912	24.75855	2.689134	7.155233	3.300589	0.518309	0.481691	0.7467034
6666	-534.8167	-558.0387	23.22196	2.58714	7.155233	6.581824	0.0125378	0.987462	1.403681
6672	-529.0904	-553.355	24.26456	1.004589	4.703686	0.5085877	0.176899	0.823101	3.968843
6678	-524.6648	-551.29	26.62524	1.038283	4.703686	0.2375962	0.271394	0.728606	2.893698
6684	-531.0775	-557.7104	26.63286	0.8874412	9.982754	0.2375962	0.358676	0.641324	2.29131
6690	-530.3815	-555.785	25.40353	0.9524351	5.36592	0.09669857	0.432119	0.567881	3.833083
6696	-527.0798	-551.7168	24.63698	1.005618	5.116092	0.09669857	0.438912	0.561088	4.278436
6702	-541.8471	-565.7846	23.93755	2.900379	2.842009	10.26403	0.297355	0.702645	1.03163
6708	-534.9132	-557.7092	22.79599	3.253828	2.842009	15.3407	0.0202909	0.979709	1.153525
6714	-528.5433	-554.5605	26.01721	1.24678	12.26174	0.1500996	0.755169	0.244831	2.415131
6720	-524.2566	-548.1208	23.86413	0.3284756	6.823287	0.2013278	0.392569	0.607431	4.651153
6726	-523.916	-548.1326	24.21667	0.5223156	5.558266	0.1836462	0.494469	0.505531	4.542252
6732	-524.4861	-549.4163	24.93018	0.693824	5.558266	0.1836462	0.23557	0.76443	4.041319
6738	-524.6327	-549.8489	25.21619	0.8486416	9.124227	0.1836462	0.23557	0.76443	3.358988
6744	-533.1719	-555.2994	22.12756	2.99359	2.434841	18.23626	0.0394251	0.960575	1.784766
6750	-534.34	-560.8971	26.55706	1.52902	5.663111	0.5850919	0.190556	0.809444	2.036384
6756	-535.3662	-559.9961	24.62988	1.566229	19.52195	0.08949583	0.525586	0.474414	2.739608
6762	-534.3454	-561.9844	27.6389	1.465302	4.610863	0.3747335	0.440377	0.559623	1.787298
6768	-529.3314	-556.7046	27.3732	1.432321	5.399655	0.121317	0.511102	0.488898	2.297554
6774	-531.2835	-558.0811	26.79762	1.333437	8.520589	0.121317	0.488611	0.511389	2.297554
6780	-529.4815	-554.3801	24.89864	0.9509847	6.020599	0.121317	0.270889	0.729111	3.970976
6786	-533.5532	-558.439	24.88576	0.9248426	6.020599	0.121317	0.440006	0.559994	3.993285
6792	-529.9947	-557.8453	27.8506	1.556461	5.687584	0.05580785	0.71969	0.28031	2.04803
6798	-530.0353	-556.4274	26.39205	1.246264	8.069263	0.2397633	0.197801	0.802199	2.421868
6804	-533.2132	-559.3573	26.14405	1.299484	16.55305	0.2124358	0.252959	0.747041	1.841102
6810	-532.1595	-556.976	24.81647	1.466573	6.600763	0.3144992	0.195866	0.804134	3.314974
6816	-527.9139	-555.6893	27.7754	1.683472	5.351044	0.1736494	0.562281	0.437719	1.747747
6822	-528.2355	-555.6219	27.38637	1.376606	5.351044	0.1736494	0.0864932	0.913507	2.213911
6828	-529.1129	-552.6263	23.51337	1.323736	4.822112	0.1736494	0.0565057	0.943494	4.617586
6834	-529.8419	-555.8923	26.05043	0.4684881	5.589571	0.1507256	0.427203	0.572797	3.584332
6840	-527.6311	-553.2701	25.63901	1.023549	6.214822	0.1313348	0.300477	0.699523	3.452314
6846	-533.4624	-557.3218	23.85937	0.8415115	5.452987	0.1313348	0.438424	0.561576	4.679399
6852	-530.3726	-554.3935	24.02093	1.372146	6.539824	0.1777399	0.285915	0.714085	4.049288
6858	-531.8936	-555.023	23.12943	1.618373	11.08692	0.1300652	0.155922	0.844078	4.049288
6864	-537.011	-559.934	22.92299	0.6973951	4.265969	0.124808	0.243927	0.756073	5.482239
6870	-530.2822	-553.9092	23.62702	0.5649885	4.265969	0.124808	0.318719	0.681281	5.1668
6876	-528.3815	-551.8537	23.47227	0.3033258	6.137932	0.10101	0.332949	0.667051	5.1668
6882	-529.0261	-552.2914	23.26532	0.1127173	6.137932	0.10101	0.626799	0.373201	5.386392
6888	-535.3546	-558.6319	23.27735	0.1006818	6.137932	0.10101	0.563382	0.436618	5.386392
6894	-531.6765	-559.4287	27.75219	1.636821	3.113186	0.5449351	0.49466	0.50534	1.744514
6900	-532.3624	-559.6191	27.25669	1.325148	4.274653	0.5449351	0.49466	0.50534	2.00882
6906	-533.9279	-561.4834	27.55547	1.237835	7.707799	0.2130054	0.648274	0.351726	1.755352
6912	-535.7756	-561.1045	25.32887	1.874009	11.42339	0.7553554	0.0485043	0.951496	1.755352
6918	-532.8775	-557.8499	24.97246	1.5695	4.376299	0.7915261	0.268233	0.731767	3.055351
6924	-528.8823	-554.5563	25.67402	1.356417	12.88277	0.4236937	0.00227188	0.997728	2.07568
6930	-528.747	-553.4976	24.75062	0.9832988	3.000692	0.3170612	0.309128	0.690872	4.252474
6936	-530.2641	-555.7269	25.46285	1.013846	3.726852	0.5246945	0.213368	0.786632	3.438378
6942	-531.2311	-555.8149	24.58386	0.5580411	5.37724	0.1624879	0.107	0.893	4.380599
6948	-535.3264	-559.6755	24.34918	0.5945099	6.172082	0.1624879	0.0921377	0.907862	4.380599
6954	-538.5005	-563.4672	24.96667	0.9877823	6.259013	0.1624879	0.499675	0.500325	3.793019
6960	-532.1097	-557.8598	25.75018	0.9644589	4.539547	0.348032	0.231194	0.768806	3.331792
6966	-527.0494	-550.2204	23.17091	0.806599	3.725566	0.3086011	0.0924394	0.907561	5.08925
6972	-529.1404	-556.6863	27.54591	1.130031	3.725566	0.4037287	0.122061	0.877939	2.22755
6978	-525.8627	-554.3932	28.53048	1.333158	4.543683	0.08004936	0.523751	0.476249	1.875206
6984	-525.7814	-553.3136	27.53221	1.962708	7.774823	0.1920009	0.548566	0.451434	1.265606
6990	-528.6777	-555.5548	26.87709	1.191827	4.48397	0.6413712	0.222538	0.777462	2.209367
6996	-534.0291	-560.1855	26.15643	1.225797	13.43599	0.1660661	0.171456	0.828544	2.209367
7002	-530.1644	-555.5785	25.41411	1.749295	4.762145	0.1793036	0.26114	0.73886	3.283609
7008	-531.9124	-558.5601	26.64773	1.548403	4.521998	0.1249366	0.257468	0.742532	2.822194
7014	-533.7393	-558.3659	24.62659	1.049538	6.435757	0.1249366	0.525048	0.474952	4.006605
7020	-534.6132	-560.1117	25.4985	0.8401956	8.859295	0.2509943	0.583211	0.416789	3.110288
7026	-533.1489	-558.5951	25.44615	0.8745339	8.963048	0.2509943	0.552831	0.447169	3.110288
7032	-527.2531	-552.8122	25.55918	0.8494489	3.392153	0.1831103	0.53313	0.46687	3.979715
7038	-532.9681	-558.5083	25.54022	1.044254	4.026216	0.5366153	0.353958	0.646042	3.303284
7044	-527.214	-551.7515	24.53753	0.7067088	3.678497	0.1800196	0.292765	0.707235	4.584189
7050	-522.0629	-546.4447	24.38184	0.6922888	4.485495	0.1800196	0.572524	0.427476	4.529295
7056	-526.0221	-551.0308	25.00874	1.147834	10.60277	0.1647028	0.391862	0.608138	3.201776
7062	-529.4812	-554.7377	25.25648	1.007119	10.52859	0.1565859	0.584541	0.415459	3.161178
7068	-531.3224	-554.6952	23.37276	0.7123307	10.52859	0.1565859	0.331722	0.668278	4.417774
7074	-526.4321	-552.9922	26.56004	1.005738	4.060762	0.1644175	0.222577	0.777423	3.203476
7080	-530.2713	-553.8378	23.56651	0.7480803	10.50115	0.09767411	0.256534	0.743466	4.417774
7086	-531.0835	-556.7361	25.6526	0.8870349	15.23488	0.09767411	0.76161	0.23839	2.767286
7092	-522.5986	-549.1392	26.54062	1.178256	4.660008	0.1758082	0.222512	0.777488	2.977592
7098	-528.7494	-553.0944	24.34498	0.9578849	4.660008	0.5604664	0.00852601	0.991474	3.91004
7104	-528.1041	-554.1789	26.0748	0.6592153	7.537178	0.1968271	0.133489	0.866511	3.112006
7110	-528.5545	-552.9963	24.4418	1.125199	7.135435	0.1968271	0.0739732	0.926027	3.84189
7116	-531.7757	-558.9763	27.20063	1.390946	3.944591	0.2355805	0.526945	0.473055	2.474218
7122	-530.3676	-555.3812	25.01361	1.651534	12.87096	0.2611986	0.167707	0.832293	2.534184
7128	-529.5457	-558.3163	28.77058	1.734662	4.994707	0.1071931	0.50179	0.49821	1.21069
7134	-533.0485	-559.8835	26.83508	1.447969	4.994707	0.1071931	0.50179	0.49821	2.727971
7140	-536.906	-563.7566	26.85063	2.11819	6.053026	0.2077793	0.187254	0.812746	1.891367
7146	-531.9972	-560.653	28.65581	1.779434	3.486367	0.1575905	0.405486	0.594514	1.503591
7152	-535.1352	-560.3998	25.26462	1.451044	24.83382	0.1096886	0.543808	0.456192	2.087669
7158	-531.7252	-558.424	26.69878	1.223084	10.63475	0.111825	0.507671	0.492329	2.233632
7164	-534.7989	-559.988	25.18901	0.9499297	6.417936	0.2214777	0.138571	0.861429	3.560284
7170	-527.3519	-556.1371	28.78518	1.959533	2.919944	0.0647157	0.195628	0.804372	1.720536
7176	-527.8428	-556.6693	28.82648	1.849618	4.005321	0.11747	0.26513	0.73487	1.286664
7182	-535.5071	-563.9885	28.48134	1.449753	4.005321	0.2416563	0.35372	0.64628	1.553217
7188	-530.1716	-557.7528	27.58114	1.566393	4.005321	0.5609274	0.159823	0.840177	1.6634
7194	-523.774	-550.3907	26.6167	1.05566	4.083795	0.2087079	0.434454	0.565546	3.053374
7200	-528.3599	-554.1934	25.83347	1.376295	5.315397	0.2087079	0.00191693	0.998083	3.111634
7206	-535.8834	-559.9891	24.10572	1.327851	4.57964	0.394636	0.31266	0.68734	4.011894
7212	-537.6982	-562.9606	25.26233	1.399088	12.30571	0.394636	0.438959	0.561041	2.397203
7218	-531.4626	-558.3881	26.92548	0.8192346	9.779264	0.133052	0.554738	0.445262	2.378763
7224	-530.8683	-555.9622	25.09389	1.241943	9.779264	0.1745939	0.37738	0.62262	3.15196
7230	-537.984	-562.8705	24.88654	2.527265	5.907296	0.3265336	0.270974	0.729026	2.717752
7236	-527.662	-553.6492	25.98714	1.874399	5.907296	0.1607136	0.18355	0.81645	2.717752
7242	-535.9894	-560.5771	24.58771	3.13974	4.409089	4.694966	0.159974	0.840026	0.3830611
7248	-537.3604	-560.2494	22.88899	3.13974	13.33718	4.694966	0.368279	0.631721	0.3454598
7254	-535.0044	-562.0303	27.0259	1.266439	7.585619	0.1917492	0.560893	0.439107	2.15109
7260	-536.9773	-559.3509	22.37359	3.162901	15.10453	5.992815	0.533445	0.466555	0.5047469
7266	-531.3283	-555.6679	24.33955	3.175034	4.095335	5.992815	0.297329	0.702671	0.5047469
7272	-532.6389	-558.511	25.8721	1.360795	7.585619	0.09529728	0.455076	0.544924	3.026166
7278	-547.5638	-575.5584	27.99459	2.349821	2.299977	0.3017559	0.711059	0.288941	1.659209
7284	-536.7899	-560.7703	23.98044	3.287716	5.901345	4.969399	0.00306232	0.996938	0.4662027
7290	-539.0763	-565.9663	26.89005	1.587574	2.153224	0.5182442	0.340049	0.659951	2.660559
7296	-532.3704	-560.4989	28.12847	2.200268	2.153224	0.3641844	0.245209	0.754791	1.6295
7302	-533.3655	-561.6634	28.29789	1.648124	1.934616	0.4237904	0.295607	0.704393	1.903583
7308	-533.5435	-559.4174	25.87386	2.939176	10.80804	0.4237904	0.295607	0.704393	0.9187522
7314	-532.3849	-557.9371	25.55222	1.325851	10.63554	0.2633131	0.261373	0.738627	2.58996
7320	-534.2986	-560.1568	25.85818	1.300365	10.54503	0.1702333	0.367365	0.632635	2.58996
7326	-532.2134	-557.3429	25.12955	1.153754	19.32457	0.1321665	0.644763	0.355237	2.58996
7332	-531.7059	-560.2552	28.54926	1.764179	1.806344	0.6352101	0.579922	0.420078	1.456536
7338	-532.4502	-560.8619	28.41172	2.160722	1.806344	0.6352101	0.292141	0.707859	1.250959
7344	-540.5262	-567.1377	26.61144	2.073282	4.757797	1.940155	0.0381281	0.961872	0.7551
7350	-530.9652	-555.7767	24.81152	1.694689	60.74731	0.1051724	0.800938	0.199062	0.9533367
7356	-539.9924	-563.2022	23.20979	2.119395	53.91241	0.1702826	0.38969	0.61031	1.882252
7362	-528.6086	-555.4075	26.79899	1.588405	6.033669	0.6458427	0.137306	0.862694	1.709044
7368	-533.0592	-558.3127	25.25344	2.222399	6.054835	2.788006	0.25501	0.74499	1.200774
7374	-526.4658	-552.9731	26.50727	1.305703	4.498188	0.1793412	0.379357	0.620643	2.943531
7380	-531.8019	-559.5248	27.72297	1.087981	4.498188	0.2164633	0.390165	0.609835	2.255574
7386	-542.9953	-570.5022	27.50695	2.169987	9.479618	0.2164633	0.442079	0.557921	0.6622044
7392	-524.4083	-552.4263	28.01803	1.621064	4.095215	0.1008956	0.294522	0.705478	2.059206
7398	-524.5274	-547.6035	23.07607	1.501079	13.89442	0.3452337	0.0436268	0.956373	3.592017
7404	-529.1548	-555.2626	26.10784	1.826218	8.467284	0.01983341	0.642129	0.357871	2.705625
7410	-524.2509	-546.6316	22.38068	0.9704022	8.467284	0.09042574	0.168242	0.831758	5.161062
7416	-524.1128	-549.2371	25.12437	0.9932964	8.467284	0.1219676	0.592511	0.407489	3.521289
7422	-538.208	-566.2172	28.00916	2.465553	1.481131	1.548859	0.191757	0.808243	0.5948787
7428	-546.8504	-574.496	27.64556	2.906894	1.631276	1.082234	0.737322	0.262678	0.9005496
7434	-527.0697	-552.2743	25.20462	0.849432	5.459909	0.1219676	0.370171	0.629829	3.932893
7440	-528.0476	-553.8408	25.79327	1.532081	3.30367	1.082234	0.247758	0.752242	2.621158
7446	-529.9206	-556.926	27.00535	1.765277	3.061709	0.2061611	0.647133	0.352867	2.621158
7452	-532.746	-560.8339	28.08795	1.765277	6.516316	0.08187622	0.76225	0.23775	1.511907
7458	-534.4788	-561.9735	27.49464	1.572113	5.252691	0.3580042	0.577191	0.422809	1.709857
7464	-534.0508	-564.0118	29.96102	2.096517	0.8149589	0.4853594	0.862153	0.137847	0.8430088
7470	-532.798	-560.1475	27.34947	2.685691	7.56822	0.03906077	0.617572	0.382428	1.361596
7476	-531.9686	-558.6183	26.64964	2.768505	6.398075	0.3938225	0.27328	0.72672	1.163863
7482	-525.9579	-553.0882	27.13033	1.046775	4.093989	0.228001	0.317822	0.682178	2.712809
7488	-525.9188	-550.4409	24.5221	1.289316	14.95533	0.228001	0.186809	0.813191	2.957975
7494	-533.462	-560.4624	27.0004	2.114099	3.421663	1.393237	0.244443	0.755557	1.165853
7500	-527.0117	-554.723	27.7113	1.366089	5.505716	0.265053	0.471436	0.528564	1.803971
7506	-526.1847	-553.3961	27.21137	1.536096	5.86473	0.265053	0.174597	0.825403	1.966849
7512	-529.1599	-557.0492	27.88933	1.664459	3.119226	0.5957062	0.183517	0.816483	1.56986
7518	-530.9868	-558.671	27.68418	1.817727	3.688217	0.7124715	0.0835958	0.916404	1.31977
7524	-533.7486	-559.3727	25.6241	1.103226	6.534386	0.3709866	0.331631	0.668369	2.987914
7530	-529.1365	-557.8639	28.7274	2.74928	1.401756	0.6092079	0.230298	0.769702	0.5158514
7536	-533.0344	-561.1237	28.08925	2.086561	1.401756	1.398284	0.834401	0.165599	1.167658
7542	-536.4721	-562.4186	25.94651	2.033452	3.756205	1.398284	0.319803	0.680197	1.918743
7548	-534.5108	-561.8372	27.32636	2.133121	2.684226	1.390225	0.0397492	0.960251	1.137022
7554	-530.0448	-556.6217	26.57694	2.356829	6.604762	0.2234326	0.464726	0.535274	1.797274
7560	-533.1225	-558.4309	25.30841	2.20715	27.65324	0.09992095	0.689737	0.310263	1.416414
7566	-522.6767	-549.0807	26.40397	1.449349	24.30488	0.09992095	0.812903	0.187097	1.33498
7572	-526.4922	-552.1737	25.68144	1.5253	26.14561	0.1383581	0.835892	0.164108	1.610476
7578	-528.9947	-556.5696	27.57495	1.5253	8.374088	0.1383581	0.774909	0.225091	1.619138
7584	-528.5569	-556.2816	27.72478	1.681179	8.374088	0.03668155	0.777643	0.222357	1.722678
7590	-529.953	-556.6918	26.73879	1.669148	12.84789	0.1176717	0.841877	0.158123	1.685491
7596	-523.6618	-549.0151	25.35332	1.143743	15.7933	0.1611273	0.651264	0.348736	2.608249
7602	-523.9532	-549.9226	25.96944	0.9674232	12.11107	0.1611273	0.489759	0.510241	2.608249
7608	-526.3044	-549.9743	23.66989	0.8155693	44.24777	0.04315758	0.72586	0.27414	2.996157
7614	-533.8669	-562.1358	28.26893	1.875818	3.120363	0.2441641	0.107504	0.892496	1.632056
7620	-529.6672	-555.4648	25.79758	1.835511	4.132537	1.591744	0.101127	0.898873	1.969976
7626	-524.3641	-550.6438	26.27972	2.176172	4.132537	1.591744	0.106603	0.893397	1.380948
7632	-525.5741	-551.6917	26.11757	1.683223	7.0676	0.4658868	0.613645	0.386355	2.136588
7638	-526.9935	-550.3693	23.37573	1.362728	3.946439	0.4658868	0.408397	0.591603	4.446813
7644	-526.6436	-549.8499	23.2063	0.6404975	3.977857	0.2413739	0.440391	0.559609	5.205019
7650	-528.0855	-552.9862	24.90077	0.5744955	3.977857	0.2413739	0.235655	0.764345	4.294658
7656	-521.9815	-547.8163	25.83481	0.9976051	3.750399	0.2413739	0.231844	0.768156	3.561935
7662	-522.6598	-549.4791	26.81931	1.155389	3.750399	0.1205687	0.264277	0.735723	3.117832
7668	-521.9994	-547.1156	25.11623	0.8533917	11.18615	0.2024864	0.167992	0.832008	3.191506
7674	-530.0902	-558.0612	27.97098	1.90558	6.140799	0.1132757	0.270697	0.729303	1.458157
7680	-530.6806	-557.2849	26.60424	1.579144	6.140799	0.1617981	0.304978	0.695022	2.481427
7686	-529.309	-557.8244	28.51533	1.892327	5.84641	0.1617981	0.072407	0.927593	0.8949241
7692	-522.841	-548.2208	25.37978	0.7812512	7.209193	0.1205753	0.29037	0.70963	3.640764
7698	-532.3449	-556.6106	24.26576	0.6362131	10.88553	0.1205753	0.488832	0.511168	3.998792
7704	-524.5173	-551.3135	26.79619	1.099225	3.468818	0.1205753	0.658526	0.341474	3.226061
7710	-530.9278	-559.5781	28.65036	2.116784	2.755582	0.1661798	0.0794753	0.920525	1.459018
7716	-533.7039	-559.2699	25.56599	2.23068	4.80753	3.389686	0.189643	0.810357	0.9750426
7722	-525.236	-550.2357	24.99975	0.7459984	3.032578	0.3980813	0.0808924	0.919108	4.142353
7728	-523.1725	-550.8609	27.68837	1.146462	3.032578	0.3980813	0.218777	0.781223	2.304638
7734	-529.6859	-556.6992	27.01324	1.803149	4.901411	0.361153	0.250524	0.749476	1.944819
7740	-522.0033	-549.3954	27.39215	1.500358	4.901411	0.2156738	0.481148	0.518852	2.127073
7746	-525.8275	-553.6577	27.83024	1.34627	8.003025	0.1611955	0.603516	0.396484	1.555439
7752	-522.2488	-548.6773	26.4285	1.627009	7.265857	0.1611955	0.625312	0.374688	2.40713
7758	-536.8814	-564.568	27.68661	1.487145	10.40637	0.1555174	0.683331	0.316669	1.25549
7764	-527.8471	-553.8308	25.98364	0.8489501	5.884063	0.1079998	0.38982	0.61018	3.452799
7770	-529.3334	-557.0901	27.75669	1.44258	8.443807	0.1079998	0.473923	0.526077	1.623349
7776	-528.2947	-555.4159	27.12119	1.505395	6.569076	0.09335031	0.350287	0.649713	2.304407
7782	-524.7299	-550.9225	26.19258	1.463502	11.09939	0.09335031	0.632233	0.367767	2.408976
7788	-530.9913	-556.5045	25.51325	0.7289531	13.77098	0.09335031	0.761012	0.238988	3.059867
7794	-525.7554	-549.9984	24.24307	1.275791	5.300763	0.09335031	0.317926	0.682074	4.328302
7800	-525.9928	-549.1056	23.11274	0.5445383	9.184641	0.1508469	0.572907	0.427093	4.789281
7806	-526.2379	-551.2437	25.00574	0.7174078	9.184641	0.09586359	0.591452	0.408548	3.73924
7812	-531.7507	-558.8457	27.095	1.561224	4.310889	0.4359806	0.214788	0.785212	2.073121
7818	-532.9067	-560.2242	27.3175	2.003784	4.310889	0.2616547	0.0116548	0.988345	1.876874
7824	-529.7421	-556.1667	26.42466	1.54194	11.94558	0.186263	0.414697	0.585303	1.907338
7830	-525.2983	-552.0321	26.73381	1.841675	8.064822	0.1889316	0.467281	0.532719	1.907338
7836	-529.6671	-557.5566	27.88948	1.007944	5.165422	0.31517	0.609332	0.390668	1.907338
7842	-533.3691	-560.6544	27.28528	2.670417	1.325047	0.4507333	0.319625	0.680375	2.145651
7848	-526.1822	-553.6332	27.45106	1.667662	1.459322	1.091248	0.569201	0.430799	2.097711
7854	-528.3988	-554.8638	26.46507	1.186258	9.135443	0.1552851	0.244781	0.755219	2.454508
7860	-525.5934	-552.3887	26.79533	1.150284	9.135443	0.1590876	0.299279	0.700721	2.259467
7866	-530.1444	-555.1595	25.01501	0.9170148	9.135443	0.07347782	0.0757863	0.924214	3.681837
7872	-542.1039	-567.8576	25.75362	2.483513	2.394488	0.9315207	0.225311	0.774689	2.398466
7878	-542.3838	-569.9305	27.54671	3.200405	1.437219	0.9315207	0.61486	0.38514	1.001446
7884	-534.4076	-562.2516	27.844	2.427981	2.272895	0.3278949	0.239469	0.760531	1.678958
7890	-528.8621	-556.8248	27.96269	2.113104	3.715557	0.3278949	0.353141	0.646859	1.360684
7896	-525.1434	-553.4355	28.29206	1.999298	3.715557	0.1922387	0.373216	0.626784	1.46435
7902	-521.6542	-548.344	26.68975	1.305695	3.651646	0.1922387	0.424261	0.575739	2.978875
7908	-526.8555	-553.3014	26.44593	1.20045	3.651646	0.1922387	0.51806	0.48194	3.187206
7914	-522.9925	-549.8517	26.85916	1.013295	3.22163	0.1922387	0.590964	0.409036	3.150293
7920	-534.7344	-561.8819	27.14749	1.619266	1.711833	0.497067	0.561645	0.438355	2.668151
7926	-536.1952	-565.0154	28.82026	1.918595	1.711833	0.1150155	0.358554	0.641446	2.010688
7932	-528.2734	-555.6783	27.40493	2.35547	6.795674	0.4210635	0.200558	0.799442	0.4998501
7938	-532.5864	-559.3349	26.74851	2.458597	8.22767	0.5608101	0.0357636	0.964236	0.6350704
7944	-533.7735	-559.1241	25.35057	2.458597	13.91726	0.9820272	0.20056	0.79944	0.7167497
7950	-536.0357	-561.7392	25.70353	2.338726	11.743	0.96939	0.331711	0.668289	0.801675
7956	-535.1864	-563.4583	28.27184	2.441448	6.393424	0.0963857	0.734972	0.265028	0.4049516
7962	-535.5303	-561.1476	25.61726	2.458851	4.995529	0.7605113	0.0273291	0.972671	2.004576
7968	-535.6324	-561.0576	25.42521	2.39202	3.471418	0.5861932	0.0199976	0.980002	2.634581
7974	-530.8701	-556.9234	26.05335	1.289492	8.386147	0.2864839	0.0957098	0.90429	2.496069
7980	-537.8457	-564.9338	27.08809	1.740218	2.995083	0.1801155	0.659522	0.340478	2.65193
7986	-528.0951	-556.5771	28.48192	1.499308	1.930539	0.1801155	0.462234	0.537766	2.264186
7992	-529.6172	-556.0318	26.41453	1.236685	7.142046	0.06164902	0.789808	0.210192	2.92271
7998	-528.4783	-554.249	25.77069	1.551046	2.825704	0.03705524	0.594048	0.405952	3.934927
8004	-526.4421	-553.958	27.51587	1.551046	2.825704	0.2613479	0.791918	0.208082	2.40577
8010	-530.4653	-554.9915	24.52618	2.013464	9.033992	0.9932355	0.274324	0.725676	2.268576
8016	-527.3057	-552.6334	25.32769	1.548415	8.337173	0.5557122	0.274324	0.725676	2.474367
8022	-526.7525	-551.9872	25.23461	1.741997	5.0393	1.450672	0.0700008	0.929999	2.287319
8028	-531.3682	-555.6968	24.32861	2.213533	10.35376	1.525648	0.606563	0.393437	1.826283
8034	-524.603	-550.6896	26.08663	1.618994	2.96103	0.554889	0.202276	0.797724	2.857204
8040	-527.1703	-554.2246	27.05426	1.82301	6.051481	0.4871226	0.255189	0.744811	1.525939
8046	-522.5429	-549.6174	27.07453	1.197928	5.55875	0.1754097	0.519045	0.480955	2.487468
8052	-521.8666	-548.3338	26.4672	1.485017	4.69546	0.1267854	0.426704	0.573296	2.934035
8058	-524.6453	-550.993	26.3477	1.704705	4.69546	0.3388158	0.154601	0.845399	2.507233
8064	-523.693	-552.2566	28.56361	1.572779	5.052212	0.0803197	0.613271	0.386729	1.578154
8070	-527.858	-554.4893	26.63133	1.572779	6.075499	0.06640768	0.421533	0.578467	2.717152
8076	-531.4253	-558.205	26.77973	1.745468	6.075499	0.08837725	0.512804	0.487196	2.454695
8082	-524.7786	-551.4005	26.62194	1.745468	9.400062	0.03690462	0.463996	0.536004	2.295677
8088	-529.7126	-556.5296	26.81693	2.372979	9.400062	0.06241306	0.653269	0.346731	1.658643
8094	-532.1169	-558.551	26.43413	1.325784	4.173346	0.2231301	0.541983	0.458017	2.95853
8100	-527.394	-553.0265	25.63258	1.193935	4.88439	0.1903831	0.320712	0.679288	3.440397
8106	-522.8112	-550.6114	27.80017	1.048565	3.883882	0.2981005	0.374449	0.625551	2.224146
8112	-521.8085	-548.5353	26.72684	1.063069	3.883882	0.294638	0.242041	0.757959	2.888266
8118	-527.5758	-554.2683	26.69249	0.8605478	3.883882	0.4067149	0.557912	0.442088	2.888266
8124	-524.9983	-552.7259	27.72757	1.346111	3.883882	0.1449775	0.708422	0.291578	2.360264
8130	-531.1835	-559.7582	28.57476	1.870731	2.957174	0.5720332	0.671288	0.328712	0.8942782
8136	-524.6883	-552.996	28.30776	1.611443	5.770483	0.3296374	0.467765	0.532235	0.9562547
8142	-525.3299	-551.7486	26.41869	1.747403	7.607256	0.5089922	0.467765	0.532235	1.767805
8148	-528.607	-556.1465	27.5395	1.493258	7.607256	0.1974011	0.31062	0.68938	1.632099
8154	-526.3667	-553.6942	27.32753	1.528854	3.514409	0.1974011	0.363442	0.636558	2.472723
8160	-528.0758	-555.0464	26.97059	1.201126	3.514409	0.2335298	0.379113	0.620887	2.831003
8166	-526.2192	-553.9368	27.71761	1.3615	2.901919	0.4884176	0.28161	0.71839	2.077243
8172	-530.63	-558.8264	28.19637	2.1124	2.901919	0.1704968	0.55409	0.44591	1.735172
8178	-523.5962	-552.1054	28.5092	1.465122	2.901919	0.2415723	0.548009	0.451991	1.822067
8184	-533.2792	-560.0342	26.75499	1.447557	16.93606	0.1206755	0.676135	0.323865	1.489362
8190	-523.265	-551.2978	28.0328	1.346956	5.990804	0.1206755	0.850406	0.149594	1.820918
8196	-522.016	-549.7669	27.75095	1.362938	5.990804	0.1986069	0.241025	0.758975	1.820918
8202	-521.0547	-547.7206	26.66591	1.007389	9.891921	0.2130975	0.57274	0.42726	2.246177
8208	-519.8677	-545.7647	25.89698	0.9793711	5.957808	0.2130975	0.345261	0.654739	3.205096
8214	-523.2303	-550.1352	26.90484	0.9140439	5.083406	0.2130975	0.317676	0.682324	2.774971
8220	-527.2566	-553.8761	26.6195	1.541549	4.522426	1.012227	0.0793173	0.920683	1.853885
8226	-537.3987	-565.3388	27.94009	1.673922	6.467557	0.2005255	0.212276	0.787724	1.369901
8232	-532.3079	-560.1421	27.83426	2.179895	4.418618	0.604253	0.119915	0.880085	0.6943861
8238	-535.036	-561.4375	26.40148	2.196428	4.732469	1.762263	0.26382	0.73618	0.9962773
8244	-522.9314	-549.9548	27.02335	1.225907	4.429061	0.2022163	0.354325	0.645675	2.647986
8250	-531.2918	-558.4044	27.11268	2.450402	3.262987	1.521971	0.291735	0.708265	0.5292278
8256	-534.9226	-562.3087	27.38603	2.283962	4.391243	0.9422737	0.207909	0.792091	0.5024456
8262	-523.9739	-551.369	27.39511	2.231222	4.391243	0.9422737	0.0494012	0.950599	0.6626708
8268	-527.5168	-553.8537	26.33695	1.978629	10.81055	0.6624876	0.476313	0.523687	1.042618
8274	-528.6199	-553.0776	24.45765	0.9106416	3.081063	0.4809454	0.115004	0.884996	4.259915
8280	-537.8535	-564.609	26.75543	1.756717	3.841575	0.9666276	0.0998129	0.900187	1.796213
8286	-532.1139	-559.7451	27.63124	1.520586	3.841575	0.1043858	0.430537	0.569463	2.41902
8292	-540.2303	-565.1094	24.87905	1.275394	10.19822	0.3298755	0.237024	0.762976	2.976321
8298	-534.0995	-561.1395	27.04002	1.367008	2.972213	0.3298755	0.344585	0.655415	2.676225
8304	-526.2105	-551.7483	25.53772	1.121958	7.066521	0.2197961	0.313156	0.686844	3.173732
8310	-526.4257	-551.9578	25.53208	1.043609	7.47463	0.2197961	0.282246	0.717754	3.173732
8316	-525.5229	-551.5646	26.04172	0.8298169	7.47463	0.1289224	0.244306	0.755694	3.173732
8322	-525.6003	-549.909	24.30877	0.8404236	8.607344	0.3035948	0.142871	0.857129	3.75725
8328	-533.1415	-560.6898	27.54827	1.291316	2.958202	0.135328	0.14175	0.85825	2.748671
8334	-532.075	-558.7525	26.6775	1.490154	13.31362	0.135328	0.386978	0.613022	1.765984
8340	-524.3559	-551.1933	26.83736	1.822954	6.720301	0.1069445	0.200562	0.799438	2.224239
8346	-529.5219	-554.6127	25.09077	1.231107	6.720301	0.1069445	0.795935	0.204065	3.639698
8352	-530.0354	-556.3868	26.35133	0.8059882	3.137364	0.1842264	0.728553	0.271447	3.604716
8358	-529.519	-558.5951	29.07608	1.455483	4.125302	0.1561278	0.692846	0.307154	1.255657
8364	-523.5645	-550.4669	26.90237	1.622203	11.61066	0.09895352	0.566267	0.433733	1.773271
8370	-524.1316	-550.7758	26.64418	1.155184	8.646185	0.2136885	0.566267	0.433733	2.298546
8376	-524.6387	-552.1441	27.50538	1.138791	6.066088	0.2136885	0.585988	0.414012	2.094597
8382	-529.3774	-554.1717	24.79434	0.8762187	10.16037	0.2136885	0.407743	0.592257	3.4385
8388	-527.2852	-552.5927	25.30751	1.163669	9.173181	0.04759394	0.200969	0.799031	3.4385
8394	-527.1826	-552.3615	25.17897	0.9592131	9.173181	0.1807082	0.229922	0.770078	3.31641
8400	-527.7198	-551.5951	23.87538	0.4213119	3.835776	0.2489391	0.489124	0.510876	4.971497
8406	-530.4809	-553.1699	22.68908	0.7479265	3.835776	0.2273842	0.11814	0.88186	5.478966
8412	-526.044	-552.5075	26.46353	0.7441274	3.835776	0.2273842	0.620332	0.379668	3.347249
8418	-527.7653	-553.1809	25.41567	0.5710657	4.88244	0.2434232	0.171859	0.828141	3.839779
8424	-529.2219	-554.3784	25.15645	0.8688982	3.371819	0.3097565	0.443987	0.556013	4.010577
8430	-526.9205	-553.6408	26.72036	1.248299	3.371819	0.5466031	0.333835	0.666165	2.601584
8436	-523.6901	-552.4051	28.71505	1.558359	2.19225	0.2348725	0.369433	0.630567	1.866147
8442	-523.8947	-549.9837	26.08905	1.295863	3.610014	0.3393639	0.36898	0.63102	3.129118
8448	-524.3968	-550.009	25.61218	0.9731551	8.065185	0.2026696	0.311817	0.688183	3.129118
8454	-522.5954	-547.6264	25.03098	0.8218562	4.342224	0.3099842	0.408746	0.591254	3.915711
8460	-528.0074	-555.5386	27.53112	2.145073	6.674916	0.3386158	0.335126	0.664874	0.9681755
8466	-534.3286	-559.3649	25.03626	1.840529	4.97916	1.649727	0.193606	0.806394	2.270698
8472	-529.7819	-554.6716	24.88973	0.9594396	10.61297	0.2461912	0.272947	0.727053	3.240223
8478	-529.3766	-552.2191	22.84249	1.145008	5.228293	0.2461912	0.272947	0.727053	4.910648
8484	-535.5843	-560.6539	25.0696	2.829587	5.576397	1.649727	0.352285	0.647715	1.457716
8490	-525.0725	-552.6375	27.56501	1.570829	4.167279	0.4357997	0.379597	0.620403	1.780432
8496	-527.4711	-553.771	26.29997	1.588939	4.466718	0.482879	0.44478	0.55522	2.481157
8502	-537.1424	-562.872	25.72957	2.150377	4.466718	1.41132	0.448069	0.551931	1.820193
8508	-539.9459	-567.1232	27.17731	2.153854	4.466718	0.6567027	0.155144	0.844856	1.308413
8514	-530.4846	-558.1997	27.71508	1.553168	4.774807	0.5758548	0.145402	0.854598	1.37702
8520	-543.8721	-571.4477	27.5756	1.981029	6.597177	0.4663848	0.16441	0.83559	0.845995
8526	-537.7963	-565.6972	27.90091	2.928305	2.226459	0.5773868	0.208059	0.791941	0.845995
8532	-530.1879	-556.7249	26.53696	1.802442	7.880531	0.636779	0.325832	0.674168	1.463947
8538	-526.8094	-554.1504	27.34109	1.644187	3.653153	0.636779	0.160381	0.839619	1.786394
8544	-532.3197	-559.3859	27.06624	1.691303	3.653153	0.8160291	0.28567	0.71433	1.786394
8550	-530.0168	-556.7607	26.74395	1.899679	6.487102	0.2080346	0.571585	0.428415	2.041196
8556	-524.1704	-552.4763	28.30588	1.62285	6.874162	0.1539533	0.325823	0.674177	1.158475
8562	-523.4093	-550.6954	27.2861	1.239138	7.927885	0.1539533	0.596785	0.403215	2.03496
8568	-528.1462	-555.76	27.61375	1.304521	7.927885	0.1539533	0.580128	0.419872	1.76818
8574	-518.5536	-546.7555	28.2019	1.674484	4.282908	0.1612239	0.406319	0.593681	1.700833
8580	-525.0478	-552.0571	27.00927	1.135049	5.071914	0.1498323	0.416689	0.583311	2.700545
8586	-522.8566	-548.0774	25.22077	0.9753647	3.389641	0.2539564	0.108531	0.891469	3.986483
8592	-518.4896	-545.4514	26.9618	0.9148539	3.342217	0.2370405	0.234534	0.765466	3.042679
8598	-520.7492	-545.1836	24.43444	0.8750981	10.16007	0.1329493	0.435515	0.564485	3.800773
8604	-524.2157	-547.6357	23.4199	0.6849394	9.002887	0.1329493	0.38717	0.61283	4.592302
8610	-526.0068	-551.4978	25.49103	0.8188885	9.002887	0.1329493	0.431383	0.568617	3.328894
8616	-528.1676	-554.0777	25.91011	0.9768814	5.46488	0.1329493	0.65074	0.34926	3.425867
8622	-531.3377	-556.2191	24.88143	0.2621732	8.296746	0.1329493	0.334747	0.665253	4.076168
8628	-526.5674	-551.3595	24.79215	0.6762428	6.683362	0.1329493	0.598716	0.401284	4.076168
8634	-525.9725	-549.9746	24.00219	0.7264106	3.17284	0.1595818	0.58281	0.41719	5.017318
8640	-524.5494	-550.8219	26.27245	0.8625171	3.171467	0.1595818	0.439358	0.560642	3.656173
8646	-525.6454	-552.5325	26.88705	1.140946	3.171467	0.1595818	0.617138	0.382862	3.132342
8652	-523.4104	-550.3562	26.94579	0.94327	3.171467	0.3424542	0.267829	0.732171	2.924394
8658	-526.8272	-552.993	26.16579	1.103937	4.206704	0.0875615	0.484662	0.515338	3.523185
8664	-525.152	-551.4819	26.32988	1.295811	4.206704	0.1968668	0.429559	0.570441	3.07822
8670	-529.0545	-556.4561	27.40158	1.369031	3.937135	0.2415726	0.409322	0.590678	2.352741
8676	-535.0302	-562.1487	27.11854	1.88853	3.937135	0.2415726	0.0967884	0.903212	2.201231
8682	-519.058	-544.8786	25.82057	0.7466179	5.003069	0.3729098	0.523757	0.476243	3.308746
8688	-523.0123	-548.3552	25.34287	1.059675	5.003069	0.3729098	0.417956	0.582044	3.405473
8694	-521.0871	-545.1886	24.1015	0.9650118	5.434064	0.3729098	0.457302	0.542698	4.109018
8700	-539.045	-566.3705	27.32547	1.811673	2.497558	1.237691	0.0111118	0.988888	1.564394
8706	-532.3871	-559.6572	27.27013	1.311972	4.077557	0.4797433	0.197578	0.802422	2.120888
8712	-534.5532	-559.9004	25.34721	1.451115	8.418075	0.2711725	0.430956	0.569044	2.8505
8718	-541.3461	-567.7128	26.3667	1.602497	7.306279	0.4091588	0.472426	0.527574	2.06107
8724	-531.775	-559.5589	27.78392	1.841878	5.028439	0.07981511	0.384367	0.615633	1.941532
8730	-526.5686	-551.6931	25.12447	0.7463276	3.756257	0.3809457	0.461684	0.538316	3.930897
8736	-528.7467	-553.5985	24.85181	1.26656	3.756257	0.3809457	0.204481	0.795519	3.788685
8742	-523.5119	-548.8235	25.31158	1.07144	2.827847	0.4351314	0.169644	0.830356	3.788685
8748	-526.9981	-550.5762	23.57807	0.8105317	2.112661	0.4351314	0.159761	0.840239	5.11426
8754	-527.5515	-551.5287	23.97717	0.413751	2.112661	0.4338555	0.492374	0.507626	5.11426
8760	-532.6955	-557.87	25.17452	0.4856357	3.377165	0.5027024	0.305278	0.694722	4.00571
8766	-530.4968	-554.4789	23.98211	0.4526177	3.377165	0.3109361	0.362609	0.637391	4.904073
8772	-529.3068	-555.1795	25.8727	0.9057495	3.280012	0.3929994	0.226334	0.773666	3.495575
8778	-529.8612	-555.4654	25.60423	1.442496	3.251239	0.3929994	0.329901	0.670099	3.345151
8784	-524.8997	-551.551	26.65123	1.064679	3.251239	0.3422585	0.536425	0.463575	3.009473
8790	-526.7775	-553.5326	26.75516	1.78502	3.562206	0.2336008	0.252638	0.747362	2.594083
8796	-528.0313	-553.0986	25.06736	1.287619	3.562206	0.3833067	0.298475	0.701525	3.689953
8802	-532.6492	-555.8734	23.2242	1.000327	11.73058	0.09748032	0.170777	0.829223	4.369002
8808	-523.8688	-546.7611	22.89224	0.6762255	9.279107	0.09748032	0.292654	0.707346	4.944879
8814	-532.6347	-555.5031	22.86844	0.5730211	10.17386	0.09748032	0.316313	0.683687	4.93521
8820	-526.0074	-553.4889	27.48149	2.435082	4.412655	0.2639378	0.0708048	0.929195	1.421391
8826	-532.2227	-560.1854	27.96271	2.245297	4.069464	0.3768621	0.207985	0.792015	1.055027
8832	-528.7719	-558.3247	29.55278	2.154059	1.760128	0.1473033	0.43225	0.56775	1.186467
8838	-524.2062	-551.4825	27.27628	1.505156	1.9285	0.637587	0.647502	0.352498	2.441292
8844	-523.7233	-550.6048	26.88147	1.707946	2.516828	0.5572595	0.563238	0.436762	2.435272
8850	-520.9458	-549.009	28.06323	1.225519	5.619147	0.1775486	0.193026	0.806974	1.808884
8856	-523.6291	-550.7284	27.09929	1.518421	4.971174	0.5667277	0.248999	0.751001	1.820669
8862	-526.6945	-553.3975	26.703	1.756721	19.70319	0.1995225	0.550715	0.449285	0.7584088
8868	-522.9839	-548.4057	25.42182	1.89903	8.791019	0.4194272	0.00208811	0.997912	2.286951
8874	-532.6835	-558.0995	25.41599	3.020495	10.17384	0.2134993	0.370307	0.629693	1.70362
8880	-526.5926	-553.2632	26.67057	1.624983	13.77667	0.05026581	0.753661	0.246339	1.895466
8886	-524.3241	-550.3671	26.04295	1.370463	12.42039	0.1382385	0.00508647	0.994914	2.334116
8892	-521.5372	-547.6788	26.1416	1.480287	10.08758	0.1382385	0.135439	0.864561	2.413409
8898	-524.8628	-550.485	25.62217	1.317699	22.98342	0.1950247	0.472035	0.527965	1.829558
8904	-538.8141	-563.9993	25.18518	2.002512	2.31542	0.9562335	0.653056	0.346944	3.050987
8910	-531.9838	-556.5763	24.59254	1.437674	8.915265	0.4926668	0.196075	0.803925	2.991011
8916	-529.3261	-555.7436	26.41747	1.441757	7.784031	0.1393692	0.4255	0.5745	2.513258
8922	-538.1702	-564.603	26.43282	1.807586	1.899317	0.4566105	0.265279	0.734721	2.95781
8928	-534.3747	-561.4276	27.05292	1.807586	2.390413	0.7884258	0.452082	0.547918	2.102027
8934	-526.1313	-551.3884	25.25703	1.397718	37.85064	0.0640694	0.634115	0.365885	1.73752
8940	-528.8277	-555.0039	26.17624	1.329725	17.94367	0.06724639	0.728734	0.271266	2.068871
8946	-525.4835	-550.3982	24.91473	0.8463375	17.94367	0.09474612	0.578205	0.421795	3.076658
8952	-530.5762	-558.3996	27.82339	1.419414	10.64733	0.09474612	0.743568	0.256432	1.359863
8958	-531.4613	-559.6604	28.19915	1.514887	4.897073	0.3218203	0.521525	0.478475	1.359863
8964	-532.2204	-557.8797	25.65921	2.12914	17.1414	0.02582575	0.656647	0.343353	2.06412
8970	-532.7958	-559.5235	26.72768	1.814846	9.154304	0.08274667	0.739933	0.260067	2.06412
8976	-531.4509	-558.2604	26.8095	2.081866	6.723845	0.08274667	0.539305	0.460695	2.14194
8982	-525.7357	-553.6867	27.95108	2.762483	3.776698	0.2428224	0.501393	0.498607	0.9583641
8988	-523.978	-552.9754	28.99739	1.919551	3.776698	0.07229109	0.489207	0.510793	1.314272
8994	-524.9168	-552.4584	27.54161	1.14908	5.053702	0.1638316	0.712527	0.287473	2.332712
9000	-529.3999	-555.8989	26.49907	1.096977	9.544078	0.1270949	0.687759	0.312241	2.510307
9006	-530.2134	-556.7852	26.57179	1.076111	9.544078	0.1270949	0.576693	0.423307	2.477875
9012	-533.3215	-558.5116	25.19013	1.711845	2.759119	0.1807132	0.171456	0.828544	3.852764
9018	-533.6551	-562.2471	28.59193	2.140402	1.933085	0.4693539	0.297981	0.702019	1.266326
9024	-527.808	-552.5725	24.76446	0.7175751	9.181017	0.104368	0.68222	0.31778	3.857651
9030	-528.8263	-554.9055	26.0792	0.7899982	5.824784	0.2253851	0.234962	0.765038	3.208032
9036	-535.2639	-561.1816	25.91773	0.9514607	5.824784	0.2253851	0.125741	0.874259	3.208032
9042	-535.9421	-560.4987	24.55659	1.310195	4.801651	0.4555804	0.485829	0.514171	3.660199
9048	-536.8032	-563.0379	26.2347	1.698584	4.801651	0.1252708	0.305121	0.694879	2.930211
9054	-528.4724	-553.5519	25.07947	0.62023	5.824784	0.2000831	0.149953	0.850047	3.930856
9060	-525.5059	-551.1717	25.66579	0.8467732	3.903663	0.2000831	0.50238	0.49762	3.783573
9066	-533.5745	-557.0493	23.47486	0.6489673	3.903663	0.2680031	0.341692	0.658308	5.027364
9072	-532.2331	-559.6501	27.41702	1.156375	1.695013	0.2620238	0.695851	0.304149	3.080918
9078	-527.8922	-555.2717	27.37952	1.811551	1.695013	0.1435517	0.807006	0.192994	2.923326
9084	-520.1765	-545.8393	25.66283	1.203746	4.818725	0.3707743	0.176665	0.823335	3.165287
9090	-522.3813	-546.3491	23.96788	0.7440984	4.818725	0.4118462	0.305956	0.694044	4.362839
9096	-519.2954	-546.1952	26.89981	1.338431	4.818725	0.1868704	0.271262	0.728738	2.611585
9102	-524.2857	-549.498	25.21229	1.306471	15.82543	0.3733175	0.460181	0.539819	2.249105
9108	-531.6958	-556.5964	24.90061	1.992558	15.82543	0.2161905	0.0460458	0.953954	2.249105
9114	-526.8239	-552.7309	25.90702	2.078304	12.21817	0.1024908	0.112997	0.887003	2.071951
9120	-528.4861	-554.2698	25.78362	1.437722	12.21817	0.5263828	0.290393	0.709607	1.887881
9126	-521.2045	-548.8339	27.62944	1.492842	5.441787	0.2093654	0.145909	0.854091	1.887881
9132	-528.0713	-556.9824	28.91114	2.478683	2.806697	0.2117451	0.830088	0.169912	0.6945306
9138	-522.5982	-551.3814	28.78322	2.153416	2.806697	0.4357478	0.0971329	0.902867	0.5611301
9144	-529.6334	-557.2466	27.6132	1.230792	2.527698	0.2172406	0.485195	0.514805	2.704449
9150	-529.6366	-557.4748	27.83824	1.295973	3.214661	0.2172406	0.745348	0.254652	2.333993
9156	-528.6113	-556.2553	27.64394	1.106481	3.663631	0.138367	0.723585	0.276415	2.626065
9162	-527.1628	-554.1059	26.94308	2.088214	4.073409	0.1338083	0.254679	0.745321	2.372284
9168	-527.5981	-556.0473	28.44918	1.597004	4.703211	0.3164221	0.40754	0.59246	1.139589
9174	-526.0222	-552.9461	26.92391	1.833651	4.703211	1.158073	0.184109	0.815891	1.271267
9180	-525.957	-551.7764	25.81937	0.8979538	3.18955	0.229607	0.443506	0.556494	3.769925
9186	-522.5602	-547.9963	25.43616	0.8785904	3.18955	0.229607	0.531184	0.468816	4.000954
9192	-528.5588	-555.3826	26.82388	1.717994	6.68017	0.229607	0.387915	0.612085	2.039509
9198	-528.3477	-554.9685	26.62078	1.048009	11.26571	0.2132399	0.177621	0.822379	2.11475
9204	-534.778	-558.4359	23.65787	0.8538974	3.394752	0.113173	0.514785	0.485215	5.183818
9210	-530.986	-557.7012	26.71525	1.701956	5.883304	0.02874566	0.528538	0.471462	2.726594
9216	-535.1049	-561.6945	26.58964	1.77237	5.883304	0.04088255	0.579795	0.420205	2.726594
9222	-529.15	-555.4468	26.29684	2.077197	3.000448	0.8814028	0.234439	0.765561	2.165235
9228	-528.9983	-555.4342	26.4359	1.714131	3.000448	0.8814028	0.169757	0.830243	2.309492
9234	-534.7589	-561.8855	27.12662	2.501108	2.829718	0.9049343	0.416193	0.583807	1.312366
9240	-534.1403	-561.5297	27.38942	1.05712	4.667356	0.2380256	0.761966	0.238034	2.416974
9246	-531.6769	-556.3661	24.68923	1.277895	5.457573	0.2404084	0.60438	0.39562	3.765279
9252	-531.214	-556.084	24.86999	1.210101	5.038589	0.2404084	0.353264	0.646736	3.765279
9258	-535.3164	-561.0412	25.7247	0.6825807	4.603548	0.2404084	0.24866	0.75134	3.648875
9264	-536.4165	-562.6847	26.26822	1.906014	10.99947	0.3195205	0.58406	0.41594	1.610771
9270	-535.1884	-561.2486	26.06024	1.637202	4.693876	0.5931304	0.420256	0.579744	2.449475
9276	-527.2319	-552.7295	25.49755	1.329355	4.693876	0.3522209	0.367215	0.632785	3.2331
9282	-529.2298	-553.2329	24.00318	1.058393	4.693876	0.2138424	0.170972	0.829028	4.443642
9288	-526.5297	-551.8906	25.36082	0.7494597	4.693876	0.2138424	0.445808	0.554192	3.847227
9294	-543.4265	-569.564	26.13749	2.749135	1.80158	0.2777165	0.582612	0.417388	2.827003
9300	-530.541	-554.3053	23.76428	0.6974316	11.07241	0.1367167	0.43685	0.56315	4.199177
9306	-527.6899	-551.7066	24.01667	0.8458236	8.107615	0.1611689	0.361872	0.638128	4.199177
9312	-528.3114	-553.702	25.39058	0.6261	8.107615	0.1441853	0.266606	0.733394	3.570487
9318	-524.4528	-548.4376	23.98476	0.5974731	8.107615	0.1441853	0.378927	0.621073	4.391151
9324	-530.7235	-556.8667	26.14323	1.096442	3.458038	0.5257365	0.233477	0.766523	3.044637
9330	-520.6686	-547.1502	26.48154	0.9017604	5.184909	0.2642249	0.242001	0.757999	2.93863
9336	-524.7818	-550.0274	25.24551	0.7860893	3.815824	0.3289088	0.190364	0.809636	3.889025
9342	-525.9738	-551.5166	25.54271	0.8024937	8.353064	0.1806319	0.360658	0.639342	3.279674
9348	-524.1609	-550.0274	25.8665	0.4681939	8.353064	0.1404773	0.401646	0.598354	3.365881
9354	-518.8574	-544.4207	25.56331	0.6918761	8.353064	0.1632993	0.492231	0.507769	3.365881
9360	-526.3363	-556.2932	29.95686	1.470497	2.19113	0.1914529	0.585881	0.414119	1.077384
9366	-530.8781	-557.7533	26.87514	1.18665	9.044591	0.333461	0.785364	0.214636	1.88408
9372	-523.3523	-550.0401	26.68786	1.258631	4.472798	0.4134481	0.038304	0.961696	2.521478
9378	-528.865	-555.6785	26.81342	1.13778	4.472798	0.2274536	0.0499886	0.950011	2.778076
9384	-538.8653	-564.1779	25.31259	0.9495765	12.20764	0.4034186	0.0926799	0.90732	2.643817
9390	-534.5317	-560.6848	26.15302	1.082894	2.182267	0.6853082	0.46694	0.53306	3.252183
9396	-530.377	-556.9496	26.57261	1.542059	2.182267	0.6853082	0.368021	0.631979	2.72424
9402	-533.5891	-559.2808	25.69171	1.245321	6.739728	0.5621687	0.524813	0.475187	2.629235
9408	-536.7087	-561.03	24.32133	1.057397	4.714655	0.5621687	0.131076	0.868924	3.855741
9414	-524.8547	-551.7282	26.87344	1.538562	2.0341	0.5628703	0.00772012	0.99228	2.699384
9420	-526.5675	-553.536	26.96847	1.276982	4.714655	0.4271562	0.41254	0.58746	2.270415
9426	-532.1062	-557.9991	25.89294	1.996585	4.714655	1.78024	0.41254	0.58746	1.576876
9432	-534.1558	-561.0456	26.88978	1.414225	6.961823	0.1373709	0.529766	0.470234	2.343151
9438	-533.2526	-560.1737	26.9211	1.290704	4.36402	0.4415333	0.414134	0.585866	2.343151
9444	-532.8881	-560.1678	27.27974	1.402102	7.364513	0.1380584	0.288868	0.711132	2.04231
9450	-530.7332	-557.3299	26.59672	1.15723	10.12051	0.08291133	0.165623	0.834377	2.469022
9456	-528.0914	-552.97	24.87862	0.8287051	8.823988	0.08291133	0.321174	0.678826	3.817215
9462	-532.5012	-557.6646	25.16334	0.7677259	8.823988	0.08191263	0.301291	0.698709	3.690785
9468	-533.9971	-559.966	25.96888	1.169987	8.823988	0.2496624	0.477596	0.522404	2.631431
9474	-538.3547	-563.4099	25.05522	1.977792	11.97301	0.2496624	0.198943	0.801057	2.396027
9480	-528.96	-557.8751	28.91509	1.840747	3.873771	0.2710127	0.424629	0.575371	0.7829934
9486	-531.7609	-560.7552	28.99432	1.650987	4.20457	0.2710127	0.736292	0.263708	0.7829934
9492	-526.2466	-555.0196	28.77299	1.487136	4.20457	0.2710127	0.350763	0.649237	1.181144
9498	-530.3972	-556.4613	26.06416	2.291532	4.004409	0.4493633	0.355827	0.644173	2.316952
9504	-527.0989	-555.7873	28.68843	1.627346	5.18226	0.3096643	0.302377	0.697623	0.703212
9510	-525.0839	-553.2118	28.1279	1.872501	5.18226	0.3441249	0.0123311	0.987669	0.9979128
9516	-524.5256	-550.1517	25.62615	1.477562	5.647206	0.4766533	0.369988	0.630012	2.769451
9522	-528.6823	-555.7984	27.11608	1.318096	5.647206	0.4766533	0.39645	0.60355	1.921427
9528	-528.0754	-554.7905	26.71505	1.247029	7.673872	0.3983637	0.23273	0.76727	2.030633
9534	-529.5983	-554.444	24.84566	1.181585	9.489152	0.2081853	0.56717	0.43283	3.301481
9540	-531.2876	-559.6691	28.38149	1.27622	4.238467	0.3405411	0.53776	0.46224	1.524209
9546	-528.1848	-554.6182	26.43344	1.22635	13.31904	0.2663592	0.42976	0.57024	1.842981
9552	-532.0267	-559.1758	27.14905	1.314014	13.31904	0.24301	0.172548	0.827452	1.295132
9558	-529.3122	-557.6888	28.37656	2.148983	5.160234	0.08460021	0.526139	0.473861	1.23724
9564	-542.5898	-568.2761	25.68635	1.409276	7.446127	0.1717292	0.190021	0.809979	2.953531
9570	-538.7472	-565.7765	27.02929	2.678403	1.858983	2.423567	0.542648	0.457352	0.5531736
9576	-539.6063	-567.7184	28.11212	2.371709	1.858983	1.15636	0.389967	0.610033	0.7015749
9582	-543.0183	-572.6415	29.62316	1.973971	1.858983	0.2617971	0.753354	0.246646	0.9028043
9588	-538.3036	-567.392	29.08835	2.108911	1.858983	0.3653115	0.524212	0.475788	1.069972
9594	-532.4239	-561.125	28.70107	2.150725	1.357391	0.5350353	0.676187	0.323813	1.401072
9600	-533.7571	-562.0883	28.33128	1.793153	5.298499	0.2404988	0.439179	0.560821	1.085735
9606	-534.9002	-559.7426	24.84231	1.573954	13.65906	0.09918179	0.825115	0.174885	2.948483
9612	-531.589	-556.8069	25.21791	1.026542	9.2551	0.1039303	0.650961	0.349039	3.409334
9618	-529.8194	-553.7519	23.93248	1.002382	12.54591	0.0920375	0.411777	0.588223	3.916392
9624	-529.4212	-554.415	24.99374	0.9578956	17.31973	0.09080133	0.346654	0.653346	3.009319
9630	-532.2882	-560.8906	28.60245	1.885916	1.48288	0.3208654	0.508864	0.491136	1.881451
9636	-530.5252	-557.6428	27.11753	1.671661	3.468843	0.2512437	0.614062	0.385938	2.431082
9642	-522.6952	-548.3665	25.67132	1.05023	9.727413	0.2413317	0.512164	0.487836	2.807654
9648	-532.2091	-557.8617	25.6526	1.454808	7.832188	0.08372343	0.0379696	0.96203	3.10292
9654	-538.6063	-566.8225	28.21625	1.477174	1.811032	0.3800357	0.596339	0.403661	2.177277
9660	-533.359	-559.0805	25.7215	1.183741	1.84764	0.3802857	0.389268	0.610732	3.843798
9666	-531.1077	-555.1446	24.03691	1.074436	5.071566	0.1076628	0.527049	0.472951	4.558899
9672	-532.9659	-559.1743	26.20831	1.106497	8.588292	0.1502437	0.139237	0.860763	2.732972
9678	-534.0473	-559.7683	25.72094	1.578293	27.96713	0.1502437	0.324433	0.675567	1.417851
9684	-528.3966	-554.1448	25.74818	1.089047	6.418136	0.1237554	0.501166	0.498834	3.339234
9690	-535.9867	-561.6269	25.64013	3.669322	3.685169	0.3124404	0.0631119	0.936888	0.04334985
9696	-532.9942	-558.3902	25.39603	3.657573	3.945519	0.3911936	0.358325	0.641675	0.04339647
9702	-526.07	-551.9565	25.88647	3.657573	3.945519	0.2144271	0.442221	0.557779	0.04715112
9708	-527.128	-552.3741	25.24616	3.657573	6.232932	0.2144271	0.642311	0.357689	0.04715112
9714	-531.5203	-558.4038	26.88356	2.344737	6.484402	0.5557432	0.368086	0.631914	1.06515
9720	-524.8957	-552.9235	28.02782	2.135235	5.195724	0.2561187	0.206924	0.793076	1.036629
9726	-526.0764	-550.9293	24.8529	1.539758	6.487455	0.2561187	0.0208087	0.979191	3.348223
9732	-531.4185	-552.4092	20.99071	1.074496	7.509877	0.2039851	0.0617635	0.938236	5.744988
9738	-522.4018	-548.9868	26.58499	1.322929	5.172292	0.08066599	0.525437	0.474563	2.995481
9744	-526.6014	-553.1276	26.52616	1.083174	4.609892	0.2090647	0.533303	0.466697	2.991276
9750	-529.4143	-554.6386	25.22429	3.789055	5.763768	0.1730188	0.129851	0.870149	0.04089242
9756	-522.7369	-548.1215	25.38462	3.789055	4.687065	0.1730188	0.392291	0.607709	0.03546044
9762	-528.439	-556.1692	27.73014	1.848741	8.633956	0.1426968	0.33618	0.66382	1.197789
9768	-527.1221	-553.2858	26.16374	1.536522	8.633956	0.1426968	0.549577	0.450423	2.50626
9774	-521.9906	-547.8847	25.89409	1.26525	8.43267	0.1426968	0.307073	0.692927	2.861031
9780	-524.1124	-549.3113	25.19894	1.157948	7.157362	0.2433016	0.478032	0.521968	3.303428
9786	-520.1363	-546.62	26.48369	1.132732	4.143695	0.2385196	0.478032	0.521968	3.025123
9792	-523.3153	-551.0843	27.76899	0.9228839	2.977698	0.2704361	0.345348	0.654652	2.584523
9798	-530.2442	-557.2273	26.9831	0.9204725	2.977698	0.2704361	0.146683	0.853317	3.063719
9804	-528.0436	-553.3115	25.26789	1.029762	2.977698	0.2704361	0.569532	0.430468	4.000013
9810	-523.5274	-548.3647	24.83735	0.7864855	4.056536	0.2885433	0.144523	0.855477	4.127843
9816	-527.6902	-552.2847	24.59457	0.951358	4.056536	0.3223512	0.50478	0.49522	4.127843
9822	-524.6168	-550.6532	26.03643	1.109193	4.056536	0.2678804	0.379133	0.620867	3.276765
9828	-529.7385	-553.8143	24.07585	1.679677	4.616006	0.5196912	0.303502	0.696498	3.693769
9834	-526.9559	-552.9756	26.0197	1.448248	7.669672	0.5196912	0.538359	0.461641	2.214739
9840	-523.0231	-550.3801	27.35703	1.484784	4.819915	0.6854874	0.0845466	0.915453	1.573313
9846	-531.5231	-559.3141	27.79099	2.460788	6.207332	0.157372	0.150299	0.849701	0.9848454
9852	-524.7047	-552.7989	28.09416	1.901029	4.936768	0.1242938	0.524772	0.475228	1.569668
9858	-520.7313	-548.9157	28.18443	2.132195	4.936768	0.05216018	0.379174	0.620826	1.569668
9864	-530.5942	-555.3941	24.79989	3.775059	5.523558	0.2241927	0.644081	0.355919	0.02822134
9870	-524.8908	-553.3515	28.4607	1.954081	4.223987	0.2935604	0.659347	0.340653	0.980055
9876	-527.7274	-555.196	27.46868	1.722201	4.223987	0.5626445	0.129265	0.870735	1.578139
9882	-523.0603	-551.2689	28.2086	2.022769	3.942324	0.214903	0.352435	0.647565	1.398111
9888	-523.2992	-550.6105	27.31123	1.421883	6.267683	0.2559857	0.392167	0.607833	1.927197
9894	-525.3657	-552.5696	27.20396	1.487303	6.267683	0.2559857	0.691327	0.308673	1.955384
9900	-521.4168	-549.1238	27.70702	1.518215	6.267683	0.2559857	0.368241	0.631759	1.582657
9906	-524.5523	-550.3053	25.75296	1.106632	12.24572	0.1450819	0.367212	0.632788	2.679131
9912	-524.5457	-550.3649	25.81921	3.64584	4.443234	0.1540381	0.463086	0.536914	0.04190656
9918	-524.4315	-550.2508	25.81921	3.64584	4.443234	0.1540381	0.0857124	0.914288	0.04190656
9924	-521.277	-546.8199	25.54287	1.923495	8.586987	0.2554411	0.394234	0.605766	2.444267
9930	-517.6238	-545.6048	27.98096	1.589728	3.37874	0.5953245	0.45096	0.54904	1.480751
9936	-527.9752	-553.9785	26.00331	1.70167	7.499854	0.04940811	0.664167	0.335833	2.882883
9942	-525.3705	-552.9405	27.56998	1.754285	8.504189	0.04940811	0.174112	0.825888	1.719335
9948	-528.6673	-556.4997	27.83237	1.777001	8.504189	0.1989211	0.442346	0.557654	1.023339
9954	-525.2822	-553.5554	28.2732	3.143027	4.758347	0.02738675	0.651154	0.348846	0.7003713
9960	-522.6225	-551.1079	28.48544	2.707395	4.758347	0.02738675	0.651154	0.348846	0.9800762
9966	-525.1918	-553.806	28.6142	2.707395	4.758347	0.03037622	0.39369	0.60631	0.8216634
9972	-526.3405	-554.9875	28.64707	2.707395	4.758347	0.03037622	0.311452	0.688548	0.7778045
9978	-527.2885	-555.246	27.95749	2.707395	5.072064	0.1349376	0.0308294	0.969171	0.9387129
9984	-527.9802	-556.1304	28.15022	1.578046	5.072064	0.167773	0.393743	0.606257	1.623648
9990	-532.4515	-561.0601	28.60862	2.537133	1.658278	0.1801177	0.466801	0.533199	1.593268
9996	-529.3125	-558.6558	29.34328	2.165638	1.351775	0.2123291	0.674625	0.325375	1.416773
10002	-534.0669	-562.6605	28.59361	1.926306	2.318676	0.2123291	0.380567	0.619433	1.691605
10008	-527.3212	-556.7604	29.43914	1.869579	2.318676	0.2835622	0.559413	0.440587	0.8720966
10014	-531.5242	-558.9144	27.39026	2.025659	6.80855	0.3366678	0.219859	0.780141	1.188144
10020	-536.4557	-564.6032	28.14745	2.000918	2.476383	0.2062422	0.607961	0.392039	1.905746
10026	-532.4315	-560.2647	27.83318	1.722125	2.745454	0.247638	0.350628	0.649372	2.13851
10032	-530.2406	-556.2401	25.99948	1.239284	5.392733	0.4086887	0.331211	0.668789	2.801824
10038	-532.9174	-558.8855	25.96811	1.314416	5.392733	0.4086887	0.0916811	0.908319	2.775162
10044	-536.6149	-563.6632	27.04837	1.744162	15.04674	0.08220748	0.562909	0.437091	1.31253
10050	-521.1824	-547.0125	25.83016	1.06281	4.336836	0.4086887	0.433127	0.566873	3.191759
10056	-518.2245	-547.1291	28.90455	1.973249	4.336836	0.162816	0.585976	0.414024	0.8304516
10062	-527.4651	-553.3729	25.90781	1.037101	7.767623	0.1660231	0.28911	0.71089	3.017055
10068	-524.8583	-551.1412	26.28296	1.109202	7.767623	0.1660231	0.31949	0.68051	2.746444
10074	-526.497	-551.8606	25.36367	1.109202	16.43568	0.1660231	0.459243	0.540757	2.571216
10080	-525.5767	-551.8244	26.24769	1.123791	7.672824	0.1192874	0.557622	0.442378	2.872815
10086	-521.9703	-549.7881	27.81785	1.348535	4.138329	0.1809738	0.399317	0.600683	2.168338
10092	-524.4781	-550.25	25.77191	1.465812	4.138329	0.3542176	0.45011	0.54989	3.089169
10098	-524.8169	-551.6651	26.84817	1.418557	7.516499	0.1439369	0.286561	0.713439	2.278642
10104	-526.8963	-554.0347	27.13842	1.602134	4.089415	0.2091162	0.314271	0.685729	2.396673
10110	-526.5549	-551.6836	25.12867	1.84692	15.21336	0.201092	0.302457	0.697543	2.267134
10116	-527.9454	-553.029	25.08361	1.804532	18.776	0.3410122	0.366323	0.633677	1.855494
10122	-527.044	-553.6219	26.57793	1.472431	7.487613	0.2032613	0.124877	0.875123	2.297452
10128	-534.7003	-556.2205	21.52016	1.507652	18.20005	0.1139545	0.457069	0.542931	4.591146
10134	-531.8354	-557.212	25.37662	1.040725	8.857074	0.1139545	0.740148	0.259852	3.323751
10140	-530.5206	-555.3082	24.78759	1.239137	8.857074	0.2329302	0.563904	0.436096	3.323751
10146	-530.7131	-556.0974	25.38431	0.9951527	9.206936	0.1084864	0.55205	0.44795	3.323751
10152	-529.0929	-556.5324	27.43948	2.743029	4.940569	0.2022227	0.126979	0.873021	0.141698
10158	-529.5337	-556.7491	27.21535	2.968374	4.940569	0.2057873	0.136548	0.863452	0.1440474
10164	-535.826	-563.8539	28.02791	2.968374	3.140352	0.2057873	0.195402	0.804598	0.1960124
10170	-530.9883	-559.2016	28.21332	2.92221	3.140352	0.1588439	0.485632	0.514368	0.1931577
10176	-527.5239	-555.6285	28.10462	2.956456	3.140352	0.1588439	0.264141	0.735859	0.1718013
10182	-521.8226	-548.1964	26.37373	3.2477	5.703861	0.1588439	0.443801	0.556199	0.07568039
10188	-525.5097	-551.7379	26.2282	3.226269	6.400067	0.1588439	0.443801	0.556199	0.07568039
10194	-528.8936	-554.4568	25.56322	3.226269	9.915911	0.1588439	0.703092	0.296908	0.07568039
10200	-529.2382	-559.3465	30.10832	1.634553	1.204483	0.2392825	0.7571	0.2429	1.268042
10206	-532.1179	-559.6934	27.5755	1.508786	1.204483	0.1128041	0.710883	0.289117	3.278523
10212	-531.6634	-559.8731	28.20973	1.448341	5.241684	0.1366305	0.433359	0.566641	1.718016
10218	-530.3805	-555.7097	25.32915	1.322068	4.570426	0.09084909	0.494141	0.505859	3.807109
10224	-527.5546	-554.6913	27.13673	3.024099	8.978836	0.04801728	0.631855	0.368145	0.2090059
10230	-527.8351	-555.0691	27.23393	3.024099	8.978836	0.04801728	0.568848	0.431152	0.2500437
10236	-524.5216	-550.9506	26.42904	2.631796	18.45886	0.04801728	0.772621	0.227379	0.2422157
10242	-523.9638	-550.3641	26.40029	2.675398	18.45886	0.0461649	0.407064	0.592936	0.2448566
10248	-522.4535	-548.744	26.2905	2.675398	18.45886	0.0461649	0.298077	0.701923	0.2009554
10254	-536.3402	-561.9869	25.64678	1.42181	9.019702	0.6615843	0.499592	0.500408	2.177299
10260	-532.7842	-561.2939	28.50976	1.814511	4.674959	0.2198181	0.561684	0.438316	1.115484
10266	-532.5056	-560.6391	28.13351	1.846321	4.674959	0.5534646	0.37452	0.62548	0.7472596
10272	-527.4718	-556.1509	28.67907	1.755968	6.327353	0.1403675	0.483174	0.516826	0.813766
10278	-522.3882	-551.2575	28.86928	1.547299	6.197473	0.1403675	0.496843	0.503157	0.873598
10284	-525.4647	-553.1752	27.7105	2.310918	6.197473	0.2730778	0.555575	0.444425	0.8747369
10290	-528.2566	-556.4399	28.18333	1.714589	4.372648	0.08593357	0.386917	0.613083	1.869503
10296	-534.6205	-560.1059	25.48535	1.382499	5.30852	0.4399062	0.227889	0.772111	3.004456
10302	-527.912	-555.2561	27.34411	1.998262	3.370768	0.308828	0.237195	0.762805	2.007244
10308	-533.2002	-560.6936	27.49343	2.842704	3.370768	0.01537385	0.237195	0.762805	2.007244
10314	-530.3396	-555.7059	25.36627	2.738297	4.225787	3.516625	0.0579607	0.942039	0.7634914
10320	-526.7773	-551.8767	25.09934	2.738297	4.115694	3.652447	0.0338007	0.966199	1.048461
10326	-532.8944	-561.5703	28.67594	1.673309	5.196351	0.2162599	0.541438	0.458562	0.9579962
10332	-529.0765	-556.5878	27.51133	1.899429	5.196351	0.4264177	0.290302	0.709698	1.366495
10338	-527.7636	-555.175	27.41138	2.001132	5.196351	0.4264177	0.330878	0.669122	1.365119
10344	-525.7569	-554.1354	28.37851	2.001132	3.039791	0.4264177	0.197153	0.802847	1.161239
10350	-528.4103	-554.4011	25.99076	1.127293	11.91903	0.1970211	0.230738	0.769262	2.440103
10356	-526.6433	-549.5557	22.91233	1.154711	9.264757	0.06283586	0.247451	0.752549	4.757165
10362	-536.9638	-565.2675	28.30374	2.19723	4.187208	0.3305212	0.464522	0.535478	0.7983915
10368	-530.6604	-558.8858	28.22535	2.388101	5.450345	0.1206478	0.620613	0.379387	0.9429616
10374	-526.0097	-553.1161	27.10639	1.528571	10.04489	0.1291508	0.616889	0.383111	1.772893
10380	-524.4041	-552.2715	27.86745	1.574719	8.949137	0.09835288	0.444467	0.555533	1.405164
10386	-525.9281	-554.8658	28.93767	1.923107	3.31749	0.2992803	0.311335	0.688665	0.8246769
10392	-530.0892	-559.5336	29.44444	1.824705	3.31749	0.1607582	0.582326	0.417674	0.7951361
10398	-532.1138	-557.244	25.13024	1.663418	8.602435	0.7766478	0.0675873	0.932413	2.306693
10404	-526.9349	-553.5573	26.62234	0.8890028	5.182207	0.3194385	0.130046	0.869954	2.782032
10410	-524.2716	-552.3902	28.11863	1.446569	5.182207	0.3194385	0.156043	0.843957	1.418215
10416	-530.3731	-555.7628	25.38972	1.807152	5.182207	1.411844	0.53576	0.46424	2.138692
10422	-533.1668	-558.7305	25.56363	2.062281	5.051388	1.411844	0.243557	0.756443	1.876879
10428	-532.2265	-557.8357	25.60918	2.158417	5.051388	0.5075826	0.151629	0.848371	2.424168
10434	-532.7027	-561.0654	28.36274	2.183923	2.335723	0.8131645	0.202186	0.797814	0.7287807
10440	-525.0539	-552.9624	27.90848	1.515591	4.424927	0.4096392	0.564658	0.435342	1.550559
10446	-525.1096	-553.2656	28.15601	1.982278	4.337599	0.4818538	0.303463	0.696537	0.8297715
10452	-530.3539	-555.5366	25.18273	1.114962	4.337599	0.3220924	0.53694	0.46306	3.64448
10458	-530.6587	-556.4872	25.82858	1.122173	4.35932	0.1017664	0.346015	0.653985	3.64448
10464	-528.8815	-558.0441	29.16261	2.178608	3.753891	0.1105574	0.609937	0.390063	0.7235227
10470	-529.8754	-556.7568	26.88136	2.473971	4.709189	0.1105574	0.764913	0.235087	2.093674
10476	-524.0602	-552.8194	28.75927	2.522797	4.709189	0.06767928	0.517413	0.482587	0.4087425
10482	-536.6141	-565.075	28.46088	2.344813	3.07635	0.1451075	0.127837	0.872163	1.377437
10488	-536.0758	-560.8024	24.72654	1.748787	3.07635	0.155678	0.2421	0.7579	4.065246
10494	-523.9784	-551.6548	27.67644	2.342679	11.06584	0.0652851	0.813049	0.186951	0.4133212
10500	-527.3482	-553.1863	25.83817	1.313899	16.06119	0.07179338	0.496073	0.503927	2.404793
10506	-524.4428	-552.3903	27.94753	2.123322	4.563625	0.2732293	0.439994	0.560006	1.242083
10512	-522.2633	-549.0151	26.7518	1.505036	5.647999	0.2978406	0.133065	0.866935	2.271404
10518	-520.2658	-548.212	27.94621	1.322849	5.647999	0.1769135	0.307596	0.692404	1.818815
10524	-518.3561	-545.7991	27.44295	1.556023	4.574942	0.1799912	0.208921	0.791079	2.189981
10530	-522.5203	-548.89	26.36967	1.225646	6.131105	0.1799912	0.201256	0.798744	2.808854
10536	-521.3928	-547.1208	25.72801	1.111735	6.131105	0.5254809	0.206994	0.793006	2.808854
10542	-523.6026	-550.7121	27.10955	1.012186	6.131105	0.4644828	0.0996118	0.900388	2.064812
10548	-522.4987	-546.4022	23.90351	1.08138	6.131105	0.2262911	0.0195392	0.980461	4.252804
10554	-523.0165	-547.3598	24.34331	0.8400989	5.339542	0.2262911	0.4785	0.5215	4.252804
10560	-521.1946	-546.6173	25.42269	1.073297	12.00588	0.1169983	0.208208	0.791792	2.983568
10566	-521.8588	-547.5105	25.65176	1.163778	9.827821	0.1169983	0.0309027	0.969097	2.983568
10572	-529.3748	-557.3129	27.93814	2.494198	6.423121	0.1695011	0.552223	0.447777	0.4050046
10578	-528.6107	-556.681	28.07028	2.446509	3.873943	0.3113737	0.696518	0.303482	0.2201739
10584	-538.0963	-564.6417	26.54535	0.9001944	3.67408	0.2764541	0.333601	0.666399	3.16507
10590	-524.1906	-550.9454	26.75473	0.9323681	3.67408	0.2764541	0.285155	0.714845	3.021
10596	-517.6835	-544.0639	26.38044	1.207811	3.95653	0.2764541	0.179857	0.820143	3.021
10602	-523.4303	-551.606	28.17567	1.401724	4.085767	0.2764541	0.338674	0.661326	1.724418
10608	-523.1866	-550.3024	27.11581	2.177181	4.837674	0.06171787	0.34992	0.65008	2.252437
10614	-528.9277	-556.4504	27.52265	1.580682	4.837674	0.6701144	0.464095	0.535905	1.387321
10620	-535.0648	-561.6629	26.59808	1.213236	4.969854	0.439257	0.208968	0.791032	2.484801
10626	-526.9946	-553.4619	26.4673	1.310818	4.040248	0.6409001	0.0222275	0.977772	2.484801
10632	-526.0925	-553.9446	27.8522	1.567587	4.040248	0.7099807	0.580678	0.419322	1.290084
10638	-532.0758	-558.7383	26.66248	1.718313	4.040248	0.3980409	0.221723	0.778277	2.353899
10644	-531.9974	-557.3084	25.31096	1.142755	3.655888	0.1859729	0.325685	0.674315	3.892382
10650	-531.8847	-557.3061	25.42133	2.646075	11.70901	0.9959087	0.413852	0.586148	0.733715
10656	-527.8892	-551.5227	23.63358	2.69727	11.70901	3.712695	0.146518	0.853482	0.982519
10662	-531.8265	-556.2801	24.45358	1.321114	13.29195	0.2227006	0.277959	0.722041	3.106098
10668	-533.2521	-557.6175	24.36533	1.845104	5.76024	1.373925	0.277959	0.722041	2.685087
10674	-537.9319	-565.7839	27.85197	2.042785	4.844555	0.3617032	0.509239	0.490761	1.150895
10680	-532.8086	-558.9787	26.17012	1.573367	4.844555	0.6069948	0.42746	0.57254	2.380028
10686	-531.4456	-559.1934	27.74776	1.762494	4.844555	0.3753705	0.0928837	0.907116	1.441963
10692	-527.7147	-555.0224	27.30767	1.843657	3.605446	0.9124983	0.301167	0.698833	1.434795
10698	-528.9929	-556.9425	27.94958	1.829214	3.294241	0.9124983	0.149243	0.850757	0.9992935
10704	-531.3056	-558.1484	26.84286	1.722941	4.681998	1.541217	0.116915	0.883085	1.179609
10710	-526.4794	-553.806	27.32661	1.265729	6.37042	0.2238758	0.53081	0.46919	2.062766
10716	-524.4042	-551.3203	26.91608	1.554787	9.175019	0.182953	0.075497	0.924503	1.856189
10722	-527.0041	-553.8545	26.85034	1.048458	4.630944	0.182953	0.033087	0.966913	2.860546
10728	-526.233	-552.2765	26.04356	1.359333	5.292015	0.182953	0.3542	0.6458	3.046611
10734	-527.2505	-552.8651	25.61467	1.306795	5.386864	0.182953	0.317916	0.682084	3.317277
10740	-529.1551	-553.4004	24.24534	3.328543	3.836561	6.043016	0.459074	0.540926	0.4148104
10746	-531.0574	-555.0161	23.95873	3.328543	4.739666	6.043016	0.1163	0.8837	0.4183845
10752	-534.5182	-558.4467	23.92847	3.450995	4.385767	6.043016	0.252155	0.747845	0.38762
10758	-531.9348	-555.6073	23.67259	3.450995	5.264151	6.043016	0.286148	0.713852	0.384751
10764	-530.5403	-555.09	24.54971	3.450995	2.625713	6.043016	0.30402	0.69598	0.3273239
10770	-532.1073	-556.7239	24.6166	3.450995	2.625713	6.08452	0.149469	0.850531	0.5276827
10776	-536.3662	-561.3047	24.93853	3.046736	2.601853	6.08452	0.668853	0.331147	0.7509034
10782	-535.7779	-560.8459	25.06799	3.046736	2.50562	6.08452	0.624118	0.375882	0.5821986
10788	-537.992	-562.3658	24.37374	2.835087	2.24932	6.714647	0.220969	0.779031	1.502769
10794	-533.8863	-557.6167	23.73034	1.581471	7.267625	0.3039764	0.455589	0.544411	3.810918
10800	-542.5436	-567.2217	24.67818	2.472015	12.7213	2.024717	0.330306	0.669694	0.7501252
10806	-540.3197	-567.0657	26.74599	2.342731	4.153981	1.679992	0.504371	0.495629	0.6664501
10812	-533.9527	-560.4289	26.47626	2.698848	2.473558	2.801035	0.280857	0.719143	0.6020582
10818	-533.4726	-561.4552	27.98262	2.698848	2.473558	0.6290538	0.234543	0.765457	0.7743562
10824	-531.1839	-557.8173	26.63338	0.9674559	3.383753	0.2606006	0.00539165	0.994608	3.16067
10830	-523.5424	-549.6725	26.13012	1.082818	3.383753	0.4432801	0.360645	0.639355	3.16067
10836	-521.9383	-546.4631	24.52483	1.162549	6.22195	0.3208748	0.0311088	0.968891	3.704468
10842	-523.2321	-550.1609	26.92882	1.254477	4.58694	0.2924313	0.350836	0.649164	2.511068
10848	-526.0218	-552.0307	26.00888	1.788303	6.026118	0.2924313	0.344065	0.655935	2.511068
10854	-529.2947	-558.6356	29.34093	1.781764	3.906704	0.1731461	0.602871	0.397129	0.5947592
10860	-533.3661	-559.0559	25.68977	0.9563084	3.565296	0.3745017	0.198131	0.801869	3.530551
10866	-531.3909	-556.0353	24.6444	0.9640742	3.565296	0.2556221	0.198131	0.801869	4.280626
10872	-536.9505	-560.4184	23.46789	0.5708584	3.565296	0.3525647	0.198131	0.801869	5.034156
10878	-526.9918	-552.4209	25.42914	0.6962313	3.565296	0.2018666	0.247388	0.752612	4.07143
10884	-529.982	-557.7968	27.81471	3.060225	2.374452	0.247272	0.37857	0.62143	0.117326
10890	-530.2601	-558.0564	27.79631	3.060225	2.374452	0.247272	0.458199	0.541801	0.1145501
10896	-533.6707	-561.4391	27.7684	3.134414	2.157153	0.3099788	0.230246	0.769754	0.128005
10902	-528.9925	-556.8652	27.87269	3.134414	2.258139	0.2243827	0.538702	0.461298	0.1187757
10908	-526.7548	-554.5517	27.79684	3.134414	2.258139	0.2243827	0.489959	0.510041	0.1076833
10914	-529.6056	-557.3983	27.79265	1.81729	3.80451	0.5289135	0.212204	0.787796	1.408385
10920	-532.8391	-559.4461	26.60701	2.044472	3.80451	1.278293	0.218452	0.781548	1.499227
10926	-529.4974	-555.5637	26.06633	2.124785	3.80451	0.7046012	0.189895	0.810105	2.219509
10932	-521.2551	-549.246	27.99091	2.88437	3.310321	0.2248423	0.289492	0.710508	0.196552
10938	-520.693	-548.2008	27.50776	2.88437	4.214145	0.2248423	0.324873	0.675127	0.1532566
10944	-525.2709	-552.5218	27.25093	2.88437	5.041162	0.2281527	0.432626	0.567374	0.1532566
10950	-522.9854	-550.4406	27.45515	2.701453	4.648261	0.3402656	0.180441	0.819559	0.2025161
10956	-528.8473	-558.1632	29.31592	2.092733	2.383903	0.303915	0.483563	0.516437	0.5578532
10962	-539.1892	-566.5068	27.31762	1.731017	2.13326	0.5467073	0.719936	0.280064	2.281154
10968	-540.0257	-569.0835	29.05779	1.735883	2.13326	0.2657011	0.85792	0.14208	1.458907
10974	-528.6791	-553.3354	24.65631	3.117464	4.535183	4.273946	0.338909	0.661091	0.7220741
10980	-531.0121	-556.9057	25.89363	1.390231	12.75137	0.0752298	0.115424	0.884576	2.552777
10986	-531.2165	-556.215	24.99851	1.63598	21.05942	0.1795456	0.399373	0.600627	2.168814
10992	-532.0558	-561.5347	29.47893	2.27448	0.9269876	0.172495	0.853388	0.146612	1.61483
10998	-531.9245	-561.5933	29.6688	1.672528	1.370042	0.210468	0.853388	0.146612	1.536643
11004	-531.3995	-557.3735	25.97405	1.874373	2.860218	0.9830633	0.165599	0.834401	2.470811
11010	-528.7278	-556.6386	27.91078	1.790759	4.578922	0.2991695	0.129488	0.870512	1.481363
11016	-530.9721	-557.861	26.88892	2.189067	14.7686	0.1910382	0.396423	0.603577	0.5134364
11022	-526.7195	-553.2225	26.50297	2.189067	8.922655	0.8457883	0.278899	0.721101	0.6730019
11028	-524.0188	-552.8938	28.87505	2.294168	5.17849	0.06721492	0.587452	0.412548	0.524617
11034	-529.1239	-556.5087	27.38473	1.966078	16.64869	0.06721492	0.228688	0.771312	0.524617
11040	-527.6038	-553.8814	26.27759	2.516321	4.327458	1.198555	0.250786	0.749214	1.305998
11046	-527.9338	-555.1552	27.22137	2.152882	1.995367	0.5515965	0.332757	0.667243	2.116585
11052	-531.5622	-560.5545	28.99225	2.115885	1.995367	0.5515965	0.332757	0.667243	0.6871136
11058	-527.5127	-554.3219	26.80921	1.740542	5.90455	0.1454582	0.382718	0.617282	2.321679
11064	-525.5374	-554.4608	28.92342	1.740542	4.195459	0.1454582	0.478139	0.521861	1.154806
11070	-524.9205	-553.2953	28.37476	1.993822	4.195459	0.28159	0.383608	0.616392	1.062445
11076	-520.4494	-546.4882	26.03884	1.148476	4.195459	0.154447	0.612563	0.387437	3.420262
11082	-537.9711	-565.5858	27.61476	2.516788	6.071348	0.3185201	0.441025	0.558975	0.5395712
11088	-534.7249	-560.4074	25.68247	4.081299	5.8003	0.4596158	0.414029	0.585971	0.836185
11094	-522.4778	-547.96	25.48216	1.323647	14.18259	0.148899	0.491105	0.508895	2.554742
11100	-523.0664	-550.1345	27.06812	1.775118	9.219229	0.148899	0.534044	0.465956	1.670026
11106	-529.5002	-555.9943	26.49413	1.657243	8.237382	0.06696415	0.224895	0.775105	2.46728
11112	-534.2691	-562.0367	27.76765	1.748917	3.678185	0.4290318	0.117508	0.882492	1.63841
11118	-532.5905	-559.5183	26.92781	1.264934	3.678185	0.239803	0.241338	0.758662	2.771287
11124	-532.5718	-559.63	27.05821	1.569956	5.073062	0.1763279	0.382538	0.617462	2.343021
11130	-523.0502	-549.6233	26.57308	1.206042	8.383259	0.1763279	0.634301	0.365699	2.413479
11136	-527.2152	-552.7684	25.55321	0.8820988	8.383259	0.1353243	0.31149	0.68851	3.314558
11142	-526.2459	-556.068	29.82217	2.293942	1.330015	0.1272932	0.861485	0.138515	1.163964
11148	-527.509	-554.9656	27.4566	2.083932	2.196917	0.2576117	0.481041	0.518959	2.307439
11154	-526.9706	-555.7557	28.78516	1.907665	2.017905	0.2651299	0.252473	0.747527	1.584078
11160	-530.093	-558.587	28.49396	1.907665	2.017905	0.3639958	0.405492	0.594508	1.632623
11166	-526.8634	-555.5608	28.69739	1.871592	2.017905	0.6425372	0.524558	0.475442	1.134336
11172	-535.2697	-559.6089	24.33918	1.612282	3.363611	0.4194108	0.0446626	0.955337	3.925513
11178	-533.6387	-558.7871	25.14842	1.413882	2.279089	0.3571785	0.434961	0.565039	3.925513
11184	-532.2141	-557.4117	25.19756	0.8615302	8.223882	0.1506054	0.589024	0.410976	3.519941
11190	-531.7769	-556.2283	24.45137	0.9847053	8.223882	0.1506054	0.362449	0.637551	3.880163
11196	-528.5637	-554.5961	26.03236	0.9907661	3.39643	0.5837451	0.0961359	0.903864	3.134625
11202	-533.1501	-559.7238	26.57374	1.209377	8.05304	0.5837451	0.229553	0.770447	1.891996
11208	-533.0064	-557.9346	24.92819	1.199083	4.521112	0.4087718	0.33155	0.66845	3.607153
11214	-529.719	-556.7804	27.06136	1.165745	3.514366	0.4087718	0.447851	0.552149	2.554122
11220	-525.4253	-550.7902	25.36486	1.733584	5.927706	0.1687934	0.197764	0.802236	3.158483
11226	-527.532	-553.0135	25.48149	1.519506	4.178925	0.4079363	0.208602	0.791398	3.158483
11232	-530.4119	-557.0337	26.62183	1.374192	5.51457	0.4079363	0.231606	0.768394	2.311907
11238	-523.2902	-550.0415	26.7513	1.667325	5.313711	0.1763905	0.135676	0.864324	2.434028
11244	-526.1782	-552.2408	26.06261	1.502912	5.313711	0.1763905	0.218281	0.781719	2.958075
11250	-528.9207	-551.2408	22.32007	0.7355336	5.313711	0.1975557	0.283616	0.716384	5.489279
11256	-524.5554	-550.7817	26.22633	0.72958	5.313711	0.1975557	0.314353	0.685647	3.281944
11262	-524.9298	-550.3353	25.40543	0.9947754	13.27647	0.07585871	0.686648	0.313352	3.04879
11268	-530.5704	-554.5342	23.96385	0.688902	13.27647	0.08370035	0.811296	0.188704	4.04592
11274	-527.4036	-552.0234	24.6198	0.8846692	13.27647	0.08370035	0.462564	0.537436	3.555451
11280	-531.156	-555.6798	24.52375	0.9060231	8.95124	0.1055421	0.833711	0.166289	3.907408
11286	-527.5527	-551.8478	24.29509	0.7916046	8.95124	0.06652987	0.235411	0.764589	4.203141
11292	-533.1767	-555.5372	22.36055	0.8189243	3.98331	0.06623884	0.50731	0.49269	5.913885
11298	-527.2931	-550.8945	23.60142	0.6972352	15.28472	0.06623884	0.412978	0.587022	4.160782
11304	-523.2973	-549.4684	26.17109	1.031845	5.42145	0.1158745	0.615422	0.384578	3.285539
11310	-522.2005	-547.6957	25.49516	1.411487	6.34351	0.1158745	0.31212	0.68788	3.326637
11316	-530.7201	-558.0597	27.33967	1.046526	6.575971	0.1158745	0.192531	0.807469	2.396499
11322	-523.9789	-551.1592	27.18029	1.839448	9.19975	0.2535392	0.599891	0.400109	1.301717
11328	-519.6939	-548.3461	28.65225	2.048281	4.124009	0.2887613	0.224341	0.775659	0.6658825
11334	-521.6381	-550.0453	28.40721	1.778845	3.542817	0.3748897	0.280031	0.719969	1.241954
11340	-526.3575	-554.3958	28.03836	1.77737	3.867662	0.07346376	0.153293	0.846707	2.07441
11346	-524.6844	-549.9976	25.31319	1.058781	11.79667	0.1380678	0.391518	0.608482	3.026929
11352	-527.5998	-551.5997	23.9999	0.8303248	7.096991	0.142123	0.21326	0.78674	4.368568
11358	-527.6513	-552.5414	24.89012	0.7017548	9.929803	0.142123	0.729041	0.270959	3.639138
11364	-527.911	-553.0124	25.10149	1.089455	7.303191	0.1089496	0.242376	0.757624	3.639138
11370	-526.5583	-552.8304	26.27206	0.9159974	3.862276	0.3223334	0.33897	0.66103	3.214779
11376	-527.3891	-554.6211	27.23201	1.120933	3.862276	0.2417767	0.170598	0.829402	2.629837
11382	-527.8198	-555.9869	28.16715	1.738789	4.660621	0.2417767	0.192547	0.807453	1.415856
11388	-531.8199	-559.7226	27.9027	1.439374	4.122159	0.4202819	0.605322	0.394678	1.665654
11394	-532.8987	-558.554	25.65528	0.7961986	3.291099	0.1782098	0.326866	0.673134	3.986596
11400	-524.4186	-551.4833	27.06467	1.389633	7.03092	0.1655021	0.2353	0.7647	2.174138
11406	-524.6622	-551.319	26.65682	1.47765	7.03092	0.1341731	0.316734	0.683266	2.448458
11412	-528.8821	-556.3279	27.4458	2.304626	8.240035	0.2630427	0.316734	0.683266	0.6961737
11418	-524.0983	-552.3527	28.25435	1.862964	8.240035	0.1195097	0.786797	0.213203	0.8160019
11424	-537.8807	-561.9156	24.03482	0.594611	6.021694	0.1374787	0.437818	0.562182	4.626835
11430	-531.9711	-557.7217	25.75059	0.9790159	6.442853	0.4626233	0.449925	0.550075	2.895332
11436	-525.9863	-553.032	27.04566	1.329393	6.364134	0.1286274	0.639738	0.360262	2.402593
11442	-524.2517	-550.4141	26.16234	1.20955	15.65611	0.07016313	0.806534	0.193466	2.29756
11448	-522.5889	-548.9626	26.37366	1.46569	10.79357	0.07316529	0.570454	0.429546	2.379375
11454	-526.3026	-551.6365	25.33393	1.043965	4.160466	0.18847	0.253773	0.746227	3.831949
11460	-526.8372	-552.9649	26.12773	1.174156	5.16014	0.18847	0.494834	0.505166	3.11791
11466	-530.8002	-556.0963	25.29608	1.14477	7.189547	0.1540806	0.335269	0.664731	3.408396
11472	-530.1026	-553.899	23.79645	0.8611866	7.342005	0.1252968	0.713813	0.286187	4.47255
11478	-527.2617	-551.145	23.88329	0.7743427	7.342005	0.1252968	0.503781	0.496219	4.47255
11484	-527.7179	-551.8071	24.08915	0.5684788	7.342005	0.1252968	0.512291	0.487709	4.47255
11490	-528.2474	-552.5157	24.26829	1.107175	2.688629	0.5924873	0.362574	0.637426	4.253814
11496	-525.4339	-550.7508	25.31691	1.492931	7.522257	0.6321458	0.236731	0.763269	2.543254
11502	-524.2547	-551.8017	27.54707	1.621603	6.315197	0.4091713	0.324675	0.675325	1.361975
11508	-521.6092	-548.9116	27.30241	1.549618	6.315197	0.2811956	0.699224	0.300776	1.795254
11514	-526.374	-553.0782	26.7042	1.412698	4.125703	0.2854957	0.379168	0.620832	2.652385
11520	-529.4696	-554.7202	25.25055	0.8072388	2.410895	0.2205452	0.252113	0.747887	4.360738
11526	-539.0972	-560.7855	21.68822	0.4981926	2.273382	0.524304	0.434167	0.565833	6.191045
11532	-530.2031	-555.9359	25.7328	1.338547	3.16747	0.2418241	0.282577	0.717423	3.550915
11538	-532.9172	-561.2023	28.28506	1.627186	3.16747	0.4164744	0.40516	0.59484	1.508658
11544	-523.3319	-552.0929	28.76097	1.4073	5.056124	0.1388147	0.324392	0.675608	1.371793
11550	-524.9578	-551.8119	26.85415	1.153124	7.236704	0.1973426	0.412817	0.587183	2.368631
11556	-532.7815	-559.7912	27.0097	2.027905	3.421468	0.1973426	0.37262	0.62738	2.380836
11562	-525.276	-553.4981	28.22211	2.048758	3.421468	0.5230326	0.37262	0.62738	0.9622055
11568	-535.4797	-564.1916	28.71185	2.013854	3.593815	0.3372982	0.549385	0.450615	0.7491043
11574	-531.7341	-555.2026	23.46851	1.586905	3.16747	1.707787	0.159218	0.840782	3.711692
11580	-532.1424	-558.1057	25.96336	1.228514	6.826494	0.2417401	0.297477	0.702523	2.84923
11586	-534.1455	-562.1917	28.0462	1.80118	6.446442	0.1109289	0.307746	0.692254	1.43351
11592	-529.1866	-556.0253	26.83871	1.416714	5.116873	0.1643627	0.164757	0.835243	2.593754
11598	-539.1437	-567.2538	28.1101	1.797643	5.116873	0.1212639	0.515473	0.484527	1.605345
11604	-532.1769	-560.327	28.15007	2.211131	4.686381	0.03999564	0.111283	0.888717	1.63406
11610	-532.507	-559.3068	26.79982	1.284261	4.686381	0.112518	0.518892	0.481108	2.889836
11616	-534.6545	-561.5872	26.93265	2.239742	3.570922	0.3167998	0.0977678	0.902232	2.057824
11622	-534.9238	-562.8099	27.88612	2.943888	2.142692	0.6497711	0.254034	0.745966	0.7689712
11628	-533.6812	-561.5931	27.91183	1.559891	2.142692	0.5251918	0.414291	0.585709	2.024166
11634	-532.3337	-558.6669	26.33324	1.251437	4.988872	0.3437389	0.440429	0.559571	2.737498
11640	-530.8329	-559.739	28.90613	1.551272	1.707808	0.5020599	0.498064	0.501936	1.54773
11646	-524.1733	-551.641	27.46775	1.780242	6.512716	0.5020599	0.433531	0.566469	1.119822
11652	-524.7086	-551.0804	26.37183	1.777842	3.262529	1.229154	0.390357	0.609643	2.021258
11658	-527.287	-552.1534	24.86647	1.205809	10.56723	0.3327813	0.243387	0.756613	2.988022
11664	-524.4008	-551.4641	27.06328	1.121597	8.939994	0.1279291	0.724241	0.275759	2.198957
11670	-525.1076	-549.612	24.50438	0.8072467	8.201175	0.1279291	0.157419	0.842581	4.001164
11676	-522.6201	-547.1493	24.52925	0.7644604	5.803726	0.150703	0.145816	0.854184	4.255861
11682	-532.5367	-557.0999	24.56314	0.8855174	5.803726	0.1096446	0.0708544	0.929146	4.255861
11688	-524.1568	-548.46	24.30315	0.4145068	7.23124	0.1096446	0.629732	0.370268	4.486425
11694	-534.0058	-558.6621	24.65632	0.816234	7.23124	0.1700169	0.590442	0.409558	3.933
11700	-529.0569	-554.4536	25.39675	1.407245	3.351294	0.5743242	0.0960045	0.903996	3.283076
11706	-529.6053	-555.942	26.33668	1.212802	3.351294	1.132439	0.0346738	0.965326	2.440912
11712	-533.3206	-557.8851	24.56458	0.5821269	3.905021	0.2125024	0.511079	0.488921	4.539069
11718	-526.8548	-553.8778	27.02304	1.286364	3.905021	0.2902949	0.511079	0.488921	2.572048
11724	-523.861	-552.9774	29.11633	1.723642	2.880264	0.4187845	0.2648	0.7352	0.7613465
11730	-529.1551	-555.4588	26.30371	1.350352	5.209257	0.08804549	0.0676496	0.93235	3.121245
11736	-525.1125	-553.0155	27.90303	1.250973	5.209257	0.1179455	0.600369	0.399631	2.113643
11742	-529.2465	-555.8942	26.6477	1.141754	4.125395	0.324713	0.767687	0.232313	2.797584
11748	-521.4625	-548.8887	27.42623	1.695161	4.032599	0.3252133	0.465026	0.534974	1.971435
11754	-525.0477	-554.0065	28.9588	2.290384	3.779688	0.1532558	0.110045	0.889955	0.512958
11760	-519.738	-547.5114	27.77338	1.73875	4.288553	0.06286336	0.722389	0.277611	2.214682
11766	-527.4202	-553.8063	26.38605	1.074695	11.7598	0.3123897	0.417563	0.582437	2.039913
11772	-526.2874	-551.9033	25.61592	0.8330544	11.7598	0.08522387	0.233022	0.766978	3.112104
11778	-532.0236	-557.3153	25.29179	1.364443	11.7598	0.1523789	0.0825769	0.917423	2.82779
11784	-526.2563	-552.462	26.20574	1.351999	3.826643	0.1523789	0.170138	0.829862	3.279613
11790	-523.4065	-549.399	25.9925	1.34855	3.280426	0.8307358	0.0486903	0.95131	2.777297
11796	-530.7329	-557.0153	26.28242	1.990877	3.57892	1.118278	0.0468609	0.953139	1.923243
11802	-528.2156	-554.7889	26.57329	2.289817	3.57892	2.088423	0.330935	0.669065	0.9072313
11808	-534.292	-559.8547	25.56272	2.309337	5.16573	2.33264	0.330935	0.669065	1.243932
11814	-532.1484	-558.4796	26.33127	1.675541	2.928727	0.5682514	0.504524	0.495476	2.669405
11820	-533.5747	-560.6921	27.11744	1.364077	2.928727	0.4721286	0.609782	0.390218	2.470815
11826	-529.2847	-556.1164	26.83168	1.170569	2.928573	0.4721286	0.253249	0.746751	2.767108
11832	-525.1086	-550.7689	25.66029	0.9300317	2.391361	0.4721286	0.245116	0.754884	3.751185
11838	-525.2928	-550.6463	25.35348	1.014829	2.209413	0.5224746	0.564544	0.435456	3.885825
11844	-528.1877	-553.5778	25.39002	1.135521	3.324275	0.5224746	0.53849	0.46151	3.499709
11850	-537.2649	-560.6888	23.42383	1.392834	2.917716	0.5224746	0.362358	0.637642	4.571473
11856	-543.3282	-563.2686	19.94044	1.428086	2.917716	0.5224746	0.564173	0.435827	6.469145
11862	-540.2379	-565.1893	24.95139	2.665142	1.922905	0.5942838	0.386847	0.613153	3.190096
11868	-539.8295	-567.4694	27.63987	2.176449	1.922905	0.5942838	0.0271026	0.972897	1.805633
11874	-530.2792	-557.0287	26.7495	1.58346	11.98439	0.07085018	0.0876537	0.912346	1.955961
11880	-533.9132	-559.7973	25.88407	1.675225	17.34156	0.2126093	0.46142	0.53858	1.704775
11886	-536.6126	-561.8995	25.28688	2.119671	17.34156	0.3914314	0.328362	0.671638	1.510228
11892	-527.1515	-555.1173	27.96582	1.188014	6.241168	0.1341445	0.571225	0.428775	1.899674
11898	-528.5779	-557.8153	29.23743	1.582548	3.218253	0.1341445	0.324955	0.675045	1.351847
11904	-528.5677	-557.3304	28.76264	2.130022	3.498426	0.1341445	0.123469	0.876531	1.202672
11910	-526.5219	-553.911	27.38904	1.904302	7.195011	0.1341445	0.129833	0.870167	1.656507
11916	-520.3411	-548.5222	28.1811	1.512673	7.195011	0.1341445	0.644887	0.355113	1.356325
11922	-524.5538	-552.4489	27.89513	1.429683	7.195011	0.1129399	0.373395	0.626605	1.692492
11928	-521.9981	-549.4688	27.47072	1.643517	7.195011	0.1129399	0.377044	0.622956	1.839394
11934	-531.6126	-559.2553	27.64277	2.965503	6.237726	0.1129399	0.288507	0.711493	0.7474382
11940	-530.7846	-558.9303	28.14566	2.271095	1.843807	1.246602	0.245105	0.754895	0.6979896
11946	-529.1953	-556.4732	27.27783	2.11346	2.897055	1.246602	0.175625	0.824375	1.214357
11952	-520.6137	-548.711	28.09731	1.571958	6.397613	0.1398721	0.4748	0.5252	1.492862
11958	-531.6862	-558.7737	27.08749	1.746887	3.096171	0.7756917	0.0538552	0.946145	1.914222
11964	-528.1555	-556.6897	28.53425	1.855783	3.096171	0.3829219	0.264987	0.735013	1.203943
11970	-525.535	-551.3751	25.84017	1.60602	23.91391	0.1761025	0.343288	0.656712	1.456364
11976	-523.6065	-548.8432	25.23671	1.056463	23.91391	0.1406353	0.465697	0.534303	2.327834
11982	-525.6856	-550.8924	25.20688	1.475799	14.49226	0.2933818	0.364394	0.635606	2.350197
11988	-524.2464	-550.6262	26.37975	0.9207991	9.802768	0.09617194	0.3574	0.6426	2.744309
11994	-523.7776	-550.1433	26.36567	1.089063	16.63576	0.1060079	0.681062	0.318938	2.073447
12000	-526.8684	-552.5162	25.6478	1.188849	11.99805	0.1060079	0.543691	0.456309	2.805202
12006	-528.7432	-555.6718	26.92855	1.525	11.99805	0.1060079	0.496144	0.503856	1.765125
12012	-528.7869	-555.62	26.83308	1.21011	11.99805	0.2522183	0.508426	0.491574	1.720233
12018	-532.8369	-561.9008	29.06394	1.787974	2.225936	0.2730243	0.52181	0.47819	1.360236
12024	-540.2388	-568.629	28.3902	1.596543	3.682043	0.2096891	0.451807	0.548193	1.659091
12030	-538.2811	-561.1479	22.86689	1.47357	3.682043	1.179466	0.158204	0.841796	4.238411
12036	-538.1671	-562.8556	24.68845	0.9485518	3.682043	0.372198	0.0188873	0.981113	4.089622
12042	-533.0613	-557.9224	24.86112	0.7734486	6.83923	0.3923623	0.0554308	0.944569	3.568138
12048	-531.082	-556.9498	25.8678	1.12514	7.331981	0.2520444	0.103946	0.896054	2.888839
12054	-546.6508	-568.0781	21.42721	3.404163	2.144551	23.26433	0.169355	0.830645	1.795371
12060	-532.2006	-554.9516	22.75101	0.5276266	4.928678	0.2291581	0.358262	0.641738	5.374684
12066	-532.6215	-555.1867	22.56521	0.5293266	5.613475	0.2291581	0.519238	0.480762	5.374684
12072	-529.2078	-552.08	22.87226	0.6252505	5.613475	0.2291581	0.351149	0.648851	5.152045
12078	-529.4542	-556.5245	27.07037	1.000967	6.970692	0.2291581	0.48682	0.51318	2.3051
12084	-527.5751	-553.5721	25.99696	1.212782	9.817455	0.08931536	0.193704	0.806296	2.816513
12090	-525.7442	-550.1979	24.45365	1.159088	6.601888	0.0903859	0.440365	0.559635	4.102559
12096	-522.111	-548.2572	26.14616	1.261901	8.725556	0.2208572	0.627572	0.372428	2.523678
12102	-527.5488	-553.8166	26.26777	1.02665	3.825996	0.2127724	0.486875	0.513125	3.3225
12108	-524.9558	-549.3359	24.38001	1.018734	6.649944	0.09418705	0.358711	0.641289	4.208661
12114	-535.3518	-561.4824	26.13064	1.324219	7.707822	0.664217	0.034301	0.965699	2.079708
12120	-531.4924	-556.072	24.57958	1.540899	7.707822	0.436889	0.108201	0.891799	3.128062
12126	-531.3156	-558.4754	27.15982	1.732648	4.664491	0.3522388	0.309231	0.690769	1.952483
12132	-527.2721	-555.8048	28.53279	1.890209	4.664491	0.2997277	0.152708	0.847292	0.7976653
12138	-522.9832	-551.3483	28.36508	1.610001	4.679252	0.2997277	0.0966503	0.90335	1.240043
12144	-531.8248	-559.5836	27.75887	2.146551	7.099684	0.2997277	0.302912	0.697088	0.6591844
12150	-531.9904	-561.0321	29.04175	2.141036	3.662784	0.18401	0.525723	0.474277	0.4425436
12156	-530.727	-558.2704	27.54347	2.054826	3.662784	0.8682484	0.356897	0.643103	1.085532
12162	-532.2709	-561.0719	28.80105	1.545725	3.662784	0.2671307	0.230715	0.769285	1.272445
12168	-530.7116	-558.2238	27.51219	1.912521	3.662784	0.6527318	0.221784	0.778216	1.449388
12174	-531.1356	-558.285	27.14937	2.056348	2.414559	0.6288374	0.465433	0.534567	2.002114
12180	-530.5991	-555.9246	25.32549	3.075342	8.011158	0.8909949	0.556091	0.443909	0.1610219
12186	-533.1159	-558.3738	25.25788	3.075342	8.011158	1.132742	0.330297	0.669703	0.2118688
12192	-537.936	-564.332	26.396	3.062134	2.967014	1.449369	0.170924	0.829076	0.2118688
12198	-539.4779	-565.8739	26.396	3.062134	2.967014	1.449369	0.393535	0.606465	0.2118688
12204	-522.8176	-549.3281	26.51053	2.892104	3.04154	1.824459	0.00961723	0.990383	0.3604979
12210	-527.9882	-555.2625	27.27431	2.892104	1.767026	1.698654	0.561611	0.438389	0.4000749
12216	-532.1446	-559.4144	27.26978	2.873544	1.767026	1.698654	0.0765146	0.923485	0.3630078
12222	-536.8621	-563.8141	26.95192	1.29638	6.410277	0.2556327	0.375611	0.624389	2.2256
12228	-534.0486	-558.7175	24.66891	0.6137579	5.281599	0.1102906	0.449589	0.550411	4.424242
12234	-533.0244	-554.9282	21.90385	3.456212	35.15072	1.63108	0.515012	0.484988	0.1918771
12240	-528.3265	-554.8825	26.55598	2.997804	1.449284	3.390607	0.115773	0.884227	0.4187705
12246	-531.4194	-557.8744	26.45505	2.997804	2.989285	1.83062	0.184904	0.815096	0.4154977
12252	-530.8277	-557.6122	26.78454	3.005896	2.141137	1.84338	0.218162	0.781838	0.7301762
12258	-532.939	-559.8993	26.96031	3.179278	2.014526	1.539953	0.201848	0.798152	0.5655843
12264	-536.9295	-564.76	27.83056	3.288708	2.014526	0.2485099	0.157198	0.842802	1.290852
12270	-536.3686	-561.1314	24.76276	3.641892	3.974944	2.136215	0.178673	0.821327	0.1486137
12276	-540.499	-564.2091	23.7101	3.390549	12.68359	1.967033	0.14849	0.85151	0.2552226
12282	-535.1266	-562.968	27.84138	1.853683	2.661405	0.8148889	0.382978	0.617022	1.399729
12288	-534.1607	-561.2597	27.09898	2.004568	4.038825	0.9904274	0.1455	0.8545	1.288826
12294	-530.1416	-558.1069	27.96538	1.840177	6.572762	0.2193276	0.311462	0.688538	1.145526
12300	-523.4824	-550.1454	26.66302	1.494596	6.572762	0.4316753	0.311462	0.688538	2.012444
12306	-523.8981	-551.3726	27.47445	1.348113	3.679657	0.5726074	0.0506174	0.949383	1.954291
12312	-524.2272	-550.636	26.40879	2.269971	3.277982	0.5499854	0.155809	0.844191	2.172041
12318	-529.2314	-557.6915	28.46007	2.580459	3.277982	0.2544914	0.0988625	0.901138	0.7502543
12324	-528.9333	-555.4929	26.55961	1.708709	3.277982	0.7985796	0.389839	0.610161	2.221145
12330	-524.6138	-551.9222	27.30838	1.708709	3.277982	0.7985796	0.212771	0.787229	1.718464
12336	-523.223	-551.0359	27.81293	1.814945	2.690024	0.2524856	0.192759	0.807241	2.099412
12342	-529.8985	-557.5504	27.65194	1.588034	2.690024	0.4317701	0.0999225	0.900077	2.099412
12348	-528.4838	-554.9591	26.47535	1.171322	4.123752	0.3337403	0.338144	0.661856	2.872563
12354	-524.069	-550.5777	26.50867	0.8392381	4.123752	0.3208933	0.0538058	0.946194	3.0692
12360	-528.3129	-553.5332	25.22028	1.103276	6.258016	0.5602751	0.452891	0.547109	3.0692
12366	-536.5798	-564.3885	27.80871	1.939083	1.99848	0.5602751	0.163264	0.836736	1.856752
12372	-519.9289	-546.8761	26.94712	3.273659	2.715473	0.4625001	0.490881	0.509119	0.1125149
12378	-523.339	-550.8394	27.50038	3.338641	2.715473	0.1498639	0.385812	0.614188	0.09517422
12384	-522.275	-549.9568	27.68178	3.338641	2.715473	0.1498639	0.440032	0.559968	0.119885
12390	-523.7833	-550.6432	26.85995	3.214262	2.689178	0.5923662	0.324848	0.675152	0.119885
12396	-528.8249	-555.4841	26.65919	3.310475	2.689178	0.6667422	0.317504	0.682496	0.119885
12402	-540.8766	-565.2615	24.38497	2.876755	5.12221	4.876981	0.0119759	0.988024	0.9273743
12408	-533.4239	-561.233	27.80917	2.038589	5.694628	0.386195	0.0113482	0.988652	0.9273743
12414	-534.9165	-561.5536	26.63708	2.038589	4.933163	0.7577552	0.0659184	0.934082	1.603737
12420	-537.1559	-563.9333	26.77734	1.709571	11.38969	0.1272689	0.409822	0.590178	1.741516
12426	-530.5905	-557.2327	26.64222	1.923714	11.38969	0.1272689	0.526907	0.473093	1.685724
12432	-533.5841	-560.3382	26.75408	1.860083	3.85127	0.4160174	0.0197155	0.980285	2.223841
12438	-527.1774	-555.8839	28.70649	1.814079	2.672423	0.3720396	0.410327	0.589673	1.268874
12444	-530.0956	-556.8029	26.70727	1.468371	3.150795	0.8264977	0.0252435	0.974756	2.292584
12450	-529.2341	-557.6149	28.38084	1.927416	4.767471	0.1449205	0.33701	0.66299	1.308097
12456	-536.1756	-565.0895	28.91387	2.168392	2.499117	0.2385315	0.54784	0.45216	1.12374
12462	-531.1401	-558.1265	26.98638	2.046139	4.025592	0.799694	0.264354	0.735646	1.509375
12468	-527.4548	-555.0332	27.57846	2.446626	2.281608	0.5028787	0.189697	0.810303	1.615044
12474	-529.611	-557.5176	27.90662	1.68599	2.281608	0.2288312	0.126729	0.873271	2.294039
12480	-531.3948	-557.5346	26.13976	1.911001	4.532799	0.5533595	0.414227	0.585773	2.294039
12486	-531.6715	-558.1665	26.49494	1.644397	16.32526	0.2258541	0.232546	0.767454	1.319378
12492	-527.5054	-551.9078	24.4024	1.684645	8.183344	0.3994346	0.116298	0.883702	3.135577
12498	-532.3631	-556.5665	24.20346	1.065484	18.67534	0.05967352	0.504502	0.495498	3.423188
12504	-529.6571	-555.5887	25.93154	1.419074	9.946651	0.176744	0.0245831	0.975417	2.514864
12510	-528.9951	-555.2537	26.25859	1.891896	23.65408	0.176744	0.613049	0.386951	0.834611
12516	-526.9768	-551.3007	24.3239	1.462561	23.65408	0.2405301	0.586055	0.413945	2.464823
12522	-528.626	-555.7475	27.12144	2.801045	3.378992	0.8853883	0.277528	0.722472	0.2684966
12528	-524.5447	-551.4282	26.88352	2.883255	2.68121	1.576637	0.318751	0.681249	0.4379129
12534	-531.3688	-556.6676	25.29879	1.561931	17.55279	0.2455445	0.0144918	0.985508	2.103283
12540	-525.9726	-551.5384	25.56585	2.184912	9.594806	0.385486	0.14811	0.85189	1.959254
12546	-527.5819	-554.4782	26.8963	2.84226	3.953667	0.6389151	0.142411	0.857589	1.123808
12552	-524.5453	-552.3047	27.7594	1.578246	8.708741	0.07459846	0.245432	0.754568	1.595175
12558	-526.7821	-553.1846	26.40254	1.263556	5.242088	0.3732403	0.564114	0.435886	2.606889
12564	-526.4836	-552.9218	26.43827	1.231378	2.517904	0.4316548	0.44095	0.55905	3.124453
12570	-526.5817	-551.5829	25.00126	1.124394	2.517904	0.4316548	0.562772	0.437228	4.022811
12576	-523.9845	-550.6531	26.66858	1.37299	2.517904	0.4316548	0.156537	0.843463	2.901469
12582	-524.3818	-552.7322	28.3504	1.722691	1.614384	0.593482	0.292962	0.707038	1.766785
12588	-523.7307	-551.443	27.71235	1.82223	2.437671	0.8427318	0.322937	0.677063	1.578102
12594	-523.6981	-551.566	27.86793	1.965004	5.929108	0.3839647	0.105015	0.894985	0.8839786
12600	-525.0959	-552.2037	27.10782	2.305012	5.376861	0.3839647	0.360935	0.639065	1.390598
12606	-516.8635	-544.7488	27.88526	1.884983	6.108631	0.3839647	0.40231	0.59769	0.9060429
12612	-521.1838	-547.5196	26.3358	1.422972	6.108631	0.4273773	0.41588	0.58412	2.346011
12618	-528.0331	-552.5118	24.47875	0.9826209	2.759482	0.8176799	0.416094	0.583906	4.019832
12624	-532.2485	-560.2935	28.045	1.378326	6.48841	0.1173103	0.0776891	0.922311	1.718714
12630	-526.8106	-551.9642	25.15368	0.7798217	2.759482	0.3556932	0.541869	0.458131	4.151879
12636	-531.636	-558.4516	26.81557	0.9880225	6.08923	0.1659792	0.476942	0.523058	2.715538
12642	-529.4614	-555.3777	25.91632	1.370045	4.05497	0.2599796	0.476942	0.523058	3.205669
12648	-530.0716	-557.2715	27.19997	1.414681	4.05497	0.5190339	0.349328	0.650672	2.061694
12654	-526.0462	-552.0128	25.96654	1.50306	10.16403	0.3313945	0.253842	0.746158	2.15928
12660	-527.5276	-554.2175	26.68985	1.918441	13.3802	0.1938352	0.581942	0.418058	1.28449
12666	-525.4514	-552.3251	26.87369	1.453071	13.62766	0.2220439	0.415612	0.584388	1.418544
12672	-532.2297	-557.0985	24.86879	1.531916	7.205923	0.2296724	0.280145	0.719855	3.293383
12678	-527.5654	-553.6581	26.09271	1.410437	11.20387	0.2383797	0.0553443	0.944656	2.182871
12684	-528.9933	-553.5071	24.51381	1.277074	29.84304	0.2383797	0.0877084	0.912292	2.196342
12690	-523.3487	-550.0731	26.72438	1.163755	9.250907	0.2383797	0.144037	0.855963	2.129266
12696	-525.0837	-551.9366	26.85289	1.247205	8.078522	0.1853991	0.476649	0.523351	2.226607
12702	-529.1035	-557.3128	28.20925	1.329371	2.728387	0.2074638	0.363092	0.636908	2.226607
12708	-528.3125	-555.6015	27.28897	1.373715	3.434827	0.2074638	0.175687	0.824313	2.593509
12714	-528.494	-555.5781	27.08411	1.37405	5.263252	0.5358703	0.186612	0.813388	1.907324
12720	-523.3048	-551.5113	28.20653	2.156995	5.263252	0.1488216	0.166622	0.833378	1.131756
12726	-530.7283	-558.5403	27.81195	2.001768	4.01398	0.6657676	0.108419	0.891581	0.9985925
12732	-532.9115	-560.951	28.03951	2.301541	7.864866	0.05785518	0.344104	0.655896	0.9558891
12738	-526.1184	-553.7623	27.64393	2.204792	8.141862	0.2549167	0.692793	0.307207	0.5333428
12744	-523.4432	-552.0974	28.65418	1.961596	6.26778	0.1237414	0.378681	0.621319	0.6458423
12750	-526.6663	-555.036	28.36968	1.961596	6.734335	0.174554	0.54584	0.45416	0.6458423
12756	-530.7427	-558.2947	27.55202	1.847889	15.12093	0.07778171	0.779762	0.220238	0.7020681
12762	-526.0928	-552.3444	26.25151	0.9087721	15.60397	0.1014084	0.375862	0.624138	2.346369
12768	-528.8782	-553.3623	24.48407	1.149968	15.60397	0.1014084	0.539786	0.460214	3.276436
12774	-527.5895	-552.7577	25.16815	0.8344584	10.63579	0.1716028	0.762348	0.237652	3.276436
12780	-523.2374	-551.9223	28.68487	1.782999	3.451099	0.2642135	0.11951	0.88049	1.243108
12786	-523.6155	-550.0919	26.4764	1.136086	4.521378	0.4795325	0.0507572	0.949243	2.646007
12792	-523.206	-550.4161	27.21009	0.9901635	4.521378	0.1748661	0.454521	0.545479	2.71268
12798	-521.4105	-547.2197	25.80926	1.160762	7.922621	0.2124746	0.226238	0.773762	2.897545
12804	-528.4705	-553.684	25.21346	0.9879269	7.247147	0.2782831	0.00741206	0.992588	3.331545
12810	-532.6233	-562.4437	29.8204	2.270838	1.250941	0.1329912	0.824636	0.175364	1.223007
12816	-533.3079	-562.4052	29.09724	2.359401	1.717837	0.2182451	0.620473	0.379527	1.232224
12822	-530.9873	-557.5837	26.59641	1.340018	6.689263	0.1613978	0.818814	0.181186	2.55817
12828	-531.0142	-557.3458	26.3316	1.433718	14.36247	0.1613978	0.59393	0.40607	1.893119
12834	-528.3793	-554.5828	26.20351	1.843777	8.930332	0.4902313	0.608843	0.391157	1.701017
12840	-529.399	-556.2762	26.87727	2.871463	4.42834	0.5034675	0.363673	0.636327	1.159705
12846	-532.4955	-558.4585	25.96298	2.706001	7.219542	0.6273116	0.253937	0.746063	1.319947
12852	-526.8604	-551.6928	24.83245	0.8267931	6.886995	0.1750912	0.224723	0.775277	3.858102
12858	-527.8739	-553.2523	25.37838	0.6681603	6.886995	0.1205592	0.169588	0.830412	3.746357
12864	-526.3649	-555.5206	29.15569	2.560159	3.667429	0.04654651	0.466623	0.533377	0.630502
12870	-525.4514	-550.8361	25.38473	0.7731191	12.70596	0.1038384	0.702978	0.297022	3.162362
12876	-528.8436	-554.3685	25.52486	1.066962	11.50442	0.06903027	0.571568	0.428432	3.093049
12882	-531.7897	-557.9305	26.1408	1.224782	6.19185	0.3989056	0.298927	0.701073	2.613631
12888	-538.4373	-565.0034	26.56608	1.413078	6.19185	0.3989056	0.303312	0.696688	2.226744
12894	-535.8025	-561.7337	25.93118	1.632711	6.19185	0.4616635	0.160282	0.839718	2.417961
12900	-526.5138	-554.8136	28.29981	1.523322	2.610867	0.1679117	0.484728	0.515272	2.157347
12906	-526.4725	-552.9631	26.49062	1.241168	4.203719	0.5166416	0.209876	0.790124	2.595852
12912	-535.1312	-560.6806	25.54944	1.731297	3.680154	0.6871066	0.136664	0.863336	2.829661
12918	-532.0785	-559.7102	27.63172	1.827592	3.680154	0.3032238	0.0951313	0.904869	1.859177
12924	-539.4365	-562.6944	23.25787	1.836	9.882632	1.96096	0.0232074	0.976793	2.626083
12930	-534.1303	-562.4415	28.31118	2.130019	3.068138	0.3414595	0.517061	0.482939	1.242804
12936	-540.0888	-565.0043	24.91554	2.550446	4.3129	3.367329	0.517061	0.482939	1.400668
12942	-533.8429	-560.8667	27.0238	1.973366	4.495014	1.241154	0.320941	0.679059	1.051735
12948	-521.0349	-548.3113	27.27639	1.973366	4.495014	0.9498903	0.161326	0.838674	1.070991
12954	-521.5703	-548.4725	26.90225	1.231544	9.784332	0.1776809	0.588462	0.411538	2.026842
12960	-523.9475	-550.7634	26.81588	0.8711761	8.398781	0.1776809	0.528332	0.471668	2.466865
12966	-519.3839	-545.9626	26.57872	1.205498	7.144017	0.1776809	0.521427	0.478573	2.558917
12972	-529.8134	-555.4609	25.64755	0.5920469	10.50444	0.2399733	0.429576	0.570424	3.027488
12978	-523.2158	-549.776	26.56016	1.04019	4.168881	0.2399733	0.210798	0.789202	3.027488
12984	-522.8167	-551.5436	28.72687	1.558958	3.448611	0.158532	0.269487	0.730513	1.621609
12990	-518.1605	-544.4817	26.32118	1.044295	6.35443	0.158532	0.448594	0.551406	2.95899
12996	-524.0752	-550.0583	25.98311	0.9174216	6.35443	0.330999	0.449979	0.550021	2.95899
13002	-525.4795	-551.5334	26.05397	1.208565	6.815789	0.2743298	0.306085	0.693915	2.756779
13008	-520.571	-547.3717	26.80069	1.208693	8.896724	0.06696403	0.429104	0.570896	2.482103
13014	-521.8246	-546.6582	24.8336	1.282682	22.19341	0.1593872	0.482249	0.517751	2.482103
13020	-521.519	-546.4174	24.89846	1.174199	22.19341	0.1593872	0.0556941	0.944306	2.50938
13026	-520.8997	-546.3258	25.42612	1.616771	11.27894	0.2005327	0.186551	0.813449	2.536245
13032	-523.8589	-551.0869	27.22799	1.530878	12.2472	0.1794483	0.510038	0.489962	1.316208
13038	-527.0616	-553.2414	26.17978	1.362783	9.409772	0.2440076	0.430414	0.569586	2.325306
13044	-533.5234	-560.6302	27.10679	1.101324	7.663608	0.2440076	0.675388	0.324612	2.098811
13050	-527.2316	-555.5241	28.29252	2.028212	4.269983	0.2440076	0.594978	0.405022	1.170448
13056	-527.7102	-553.656	25.94583	1.854529	4.277985	1.487139	0.331308	0.668692	1.876063
13062	-535.5276	-560.9588	25.43119	1.960537	4.362903	1.653913	0.149081	0.850919	2.05286
13068	-531.1601	-557.3682	26.20811	1.396723	4.126239	0.300402	0.241419	0.758581	2.942618
13074	-534.0312	-562.2093	28.17806	1.535561	4.126239	0.2813822	0.233408	0.766592	1.608973
13080	-540.9755	-569.3821	28.40659	1.59659	5.478797	0.2404447	0.18252	0.81748	1.152491
13086	-524.4692	-552.7634	28.29418	1.916565	3.53358	0.529261	0.0671456	0.932854	0.9703898
13092	-521.4057	-549.3567	27.95105	1.421529	3.706379	0.3558743	0.249393	0.750607	1.83296
13098	-524.757	-551.2978	26.54077	1.52927	3.706379	1.199662	0.353579	0.646421	1.979792
13104	-527.3532	-552.8545	25.50139	1.260357	16.67072	0.447684	0.528713	0.471287	1.938683
13110	-532.7307	-561.0132	28.28249	2.5707	3.423156	0.08421231	0.0426191	0.957381	1.423157
13116	-531.0007	-559.4137	28.41292	1.609436	3.423156	0.1014327	0.106392	0.893608	1.961293
13122	-538.1124	-564.6095	26.49717	1.80901	3.463417	0.6653735	0.111685	0.888315	2.258773
13128	-546.7773	-575.1632	28.3859	2.169401	3.463417	0.265945	0.192447	0.807553	1.160492
13134	-535.0804	-561.0975	26.0171	2.365737	11.42438	0.8149018	0.537075	0.462925	0.5431061
13140	-533.6141	-558.8693	25.25524	2.199758	13.29728	1.336346	0.204699	0.795301	0.8678852
13146	-531.668	-558.443	26.77504	2.583729	2.786474	0.8693041	0.148922	0.851078	1.563595
13152	-527.4761	-555.8699	28.39374	2.134007	2.786474	0.6564634	0.526053	0.473947	0.7262353
13158	-522.2155	-550.4935	28.27806	1.920502	5.368106	0.3531579	0.326586	0.673414	0.6500118
13164	-529.7943	-555.2202	25.42582	1.652838	16.18149	0.9613702	0.473385	0.526615	1.24038
13170	-535.309	-559.495	24.18591	2.178914	14.25157	2.688476	0.0314049	0.968595	1.041286
13176	-531.4993	-556.4768	24.97753	2.178914	6.633824	2.688476	0.134291	0.865709	1.389456
13182	-534.4712	-560.9825	26.51134	3.037424	3.893342	0.9292474	0.178769	0.821231	0.2062622
13188	-528.5799	-555.1171	26.53716	3.000463	3.893342	0.9398352	0.0377473	0.962253	0.2062622
13194	-528.8353	-556.2991	27.4638	2.912984	2.198028	0.9398352	0.420383	0.579617	0.254686
13200	-533.7811	-560.7658	26.9847	1.938133	2.081179	0.5679815	0.528037	0.471963	2.359252
13206	-531.4425	-556.6539	25.21137	1.244854	3.736744	0.07025741	0.781141	0.218859	4.128918
13212	-531.6989	-558.4631	26.76427	1.954106	6.457693	0.9398352	0.0597315	0.940269	1.096082
13218	-531.6311	-557.7336	26.10249	1.458879	14.08109	0.7414723	0.476158	0.523842	1.239879
13224	-536.5143	-564.2165	27.70218	1.155124	2.273485	0.2326522	0.642105	0.357895	2.749071
13230	-534.7026	-562.5364	27.83382	2.141765	5.550366	0.3207636	0.492764	0.507236	0.9759326
13236	-537.2767	-563.6201	26.34342	2.141765	5.550366	0.8511152	0.186706	0.813294	1.540691
13242	-524.048	-552.88	28.83201	2.038443	3.310372	0.3382705	0.449734	0.550266	0.684053
13248	-521.3342	-547.5853	26.25112	1.856092	10.36891	0.812058	0.319827	0.680173	1.12336
13254	-530.3773	-557.0529	26.67563	2.386952	7.144801	0.8202695	0.184655	0.815345	0.6657171
13260	-525.5521	-551.7178	26.16578	2.249182	11.16237	0.8202695	0.161277	0.838723	0.5355259
13266	-521.7718	-549.1878	27.41607	2.221813	7.006095	0.4636881	0.403524	0.596476	0.5169112
13272	-520.7947	-547.2319	26.43715	1.636402	7.006095	0.4636881	0.421442	0.578558	1.967367
13278	-524.7443	-551.6481	26.90381	1.763885	4.216702	0.4636881	0.421442	0.578558	2.052871
13284	-528.3503	-554.7545	26.40414	1.142969	5.258435	0.2830529	0.210083	0.789917	2.79921
13290	-531.4667	-558.8119	27.34519	2.582348	1.14064	2.965866	0.47299	0.52701	0.7078118
13296	-530.2888	-557.1583	26.86942	2.799691	1.494432	2.9598	0.374389	0.625611	0.656995
13302	-531.5294	-559.7285	28.19903	2.990743	2.291587	0.3576126	0.441482	0.558518	0.8327959
13308	-533.7116	-560.0608	26.34919	2.885125	4.146108	1.471866	0.136628	0.863372	0.6747165
13314	-524.2404	-550.2257	25.98533	0.9145542	5.864244	0.251919	0.365493	0.634507	3.141678
13320	-533.3114	-561.0441	27.73271	2.056558	1.792521	0.3124317	0.712788	0.287212	2.215889
13326	-529.584	-556.5223	26.93834	1.694544	1.792521	1.17238	0.492578	0.507422	2.215889
13332	-524.8655	-551.7872	26.9217	1.719449	3.25769	0.4761446	0.439286	0.560714	2.278894
13338	-528.5033	-555.6794	27.17612	1.343714	3.25769	0.1374505	0.533027	0.466973	2.863177
13344	-526.8353	-551.4426	24.60725	0.6666929	9.412341	0.09750844	0.441732	0.558268	3.971346
13350	-527.5396	-553.3786	25.83902	1.064435	7.116647	0.2174874	0.0679332	0.932067	3.026023
13356	-529.978	-557.7427	27.7647	1.009744	2.298883	0.2174874	0.475127	0.524873	2.817164
13362	-525.9183	-551.6568	25.73841	0.9661406	3.072672	0.2174874	0.475127	0.524873	3.824442
13368	-528.3275	-555.4962	27.16871	1.062421	4.097227	0.2174874	0.640203	0.359797	2.697097
13374	-530.1196	-557.8238	27.7042	1.380449	2.090577	0.2174874	0.620746	0.379254	2.697097
13380	-528.1075	-554.8777	26.77018	1.768517	7.594907	0.1104868	0.300166	0.699834	2.17546
13386	-531.1888	-556.234	25.04524	1.375442	20.78539	0.1550932	0.436538	0.563462	2.372577
13392	-531.9123	-561.1061	29.19381	2.173685	1.923183	0.2149684	0.738339	0.261661	1.205694
13398	-527.5574	-556.308	28.7506	2.128619	5.132816	0.131539	0.782408	0.217592	0.6304746
13404	-520.9414	-548.3195	27.37808	2.191026	4.388171	0.5288596	0.36675	0.63325	1.287498
13410	-519.0067	-547.9808	28.9741	1.869936	4.388171	0.1864527	0.577057	0.422943	0.7504909
13416	-523.9459	-550.8708	26.9249	1.771052	7.852271	0.2304976	0.190054	0.809946	1.769361
13422	-526.6197	-553.5043	26.88462	2.591554	5.881161	0.1348258	0.401264	0.598736	1.734987
13428	-521.0996	-549.6686	28.56907	1.981279	5.881161	0.0681805	0.194941	0.805059	1.120259
13434	-529.8937	-556.3756	26.48186	1.669983	5.881161	0.445735	0.280806	0.719194	2.106408
13440	-524.7638	-550.9524	26.18856	1.385511	3.422805	0.3254229	0.0238577	0.976142	3.076203
13446	-523.6912	-550.0258	26.33456	1.011368	3.422805	0.3254229	0.244747	0.755253	3.211853
13452	-526.9589	-553.0948	26.13587	1.0381	3.422805	0.4095194	0.346583	0.653417	3.211853
13458	-526.9105	-553.5004	26.58986	1.602959	3.422805	0.2699177	0.33027	0.66973	2.781563
13464	-529.2042	-556.7072	27.50299	1.3758	4.166904	0.6405886	0.292019	0.707981	1.733891
13470	-526.4926	-551.2514	24.75882	1.016897	4.166904	0.6405886	0.383316	0.616684	3.65881
13476	-528.9226	-553.7184	24.79585	0.7701294	4.166904	0.4121927	0.0143641	0.985636	3.990869
13482	-533.0132	-557.7507	24.73748	0.9150763	3.813169	0.4298142	0.776719	0.223281	3.990869
13488	-529.1038	-551.6124	22.50858	0.5955302	3.813169	0.3835305	0.184471	0.815529	5.46654
13494	-526.5896	-552.2012	25.61165	1.420516	4.485385	0.1065104	0.454405	0.545595	3.563028
13500	-525.4195	-551.2834	25.86389	1.282643	14.89193	0.07003108	0.62026	0.37974	2.493553
13506	-525.0925	-552.4194	27.32693	1.44542	4.913575	0.08685816	0.546268	0.453732	2.493553
13512	-534.0018	-563.2812	29.27939	1.983723	2.650083	0.295564	0.720817	0.279183	0.6571416
13518	-535.1945	-564.5558	29.36129	1.709472	2.990116	0.3097883	0.532246	0.467754	0.6721433
13524	-523.9754	-549.2814	25.30595	1.696361	12.12599	0.05874077	0.622994	0.377006	2.825088
13530	-518.2922	-544.3539	26.06172	1.10709	15.75388	0.06478617	0.473366	0.526634	2.43611
13536	-517.5963	-544.4301	26.83378	1.566503	15.75388	0.09390133	0.679569	0.320431	1.515984
13542	-525.3411	-552.7522	27.41112	1.7422	8.544827	0.03456539	0.493664	0.506336	1.882935
13548	-527.266	-554.2707	27.00471	1.597545	8.544827	0.03456539	0.534193	0.465807	2.246809
13554	-534.914	-560.0749	25.16092	1.318614	21.19685	0.03456539	0.636317	0.363683	2.639151
13560	-536.6801	-562.2289	25.54882	1.576033	9.988481	0.04988853	0.241633	0.758367	2.965247
13566	-536.0495	-560.3278	24.27831	0.8205471	22.71452	0.03313566	0.845463	0.154537	3.397798
13572	-528.602	-555.7082	27.10623	1.601252	12.21594	0.0960005	0.391164	0.608836	1.593582
13578	-524.7847	-550.5461	25.76135	1.644697	26.03064	0.0960005	0.63358	0.36642	1.593582
13584	-517.2243	-544.2915	27.06717	1.682871	8.659806	0.0960005	0.386678	0.613322	1.943925
13590	-519.5556	-546.891	27.33546	1.331516	4.505078	0.1693156	0.235565	0.764435	2.437321
13596	-524.3643	-549.1497	24.78548	1.252102	10.85704	0.1751966	0.265655	0.734345	3.22951
13602	-526.044	-551.1636	25.11964	1.311854	10.85704	0.07395359	0.184125	0.815875	3.22951
13608	-526.1799	-552.7987	26.61874	1.762355	13.45245	0.06153106	0.490927	0.509073	1.825493
13614	-532.3231	-560.5302	28.20711	1.701859	5.636677	0.08909985	0.787344	0.212656	1.601814
13620	-531.7171	-558.1644	26.44725	1.08024	5.636677	0.274346	0.107314	0.892686	2.763852
13626	-531.0292	-556.6803	25.65104	1.138239	5.636677	0.274346	0.431145	0.568855	3.207372
13632	-528.4696	-555.7185	27.24886	1.167702	4.482769	0.131495	0.328511	0.671489	2.679613
13638	-530.4625	-556.9357	26.47319	1.331304	10.19414	0.1758946	0.43241	0.56759	2.203915
13644	-529.129	-557.7253	28.59634	2.032551	6.36913	0.1105521	0.288678	0.711322	0.6779599
13650	-529.4572	-556.4657	27.0085	2.688907	2.982823	0.7490744	0.108449	0.891551	1.347153
13656	-538.8762	-565.149	26.27286	3.366607	2.982823	0.8323217	0.186021	0.813979	1.314142
13662	-539.3875	-564.7136	25.32617	2.2173	3.181865	0.2587236	0.142082	0.857918	3.244778
13668	-540.7367	-568.85	28.11334	1.997056	2.519965	0.4207468	0.489466	0.510534	1.569343
13674	-541.6895	-565.7928	24.1033	1.635243	2.449155	0.7345952	0.383625	0.616375	4.003238
13680	-532.6365	-560.6025	27.96606	2.098389	2.449155	0.6369028	0.171656	0.828344	1.367972
13686	-531.6089	-559.5321	27.92325	2.47787	3.903916	0.4130389	0.181376	0.818624	0.8332431
13692	-541.8357	-563.962	22.12629	2.940799	4.674293	15.87555	0.0539227	0.946077	1.374342
13698	-542.9579	-564.7885	21.83061	2.940799	5.980835	15.87555	0.0539227	0.946077	1.33197
13704	-531.8073	-559.4731	27.66578	2.05028	3.039386	0.3790965	0.26656	0.73344	1.741027
13710	-532.8849	-557.769	24.88407	1.568789	5.740008	0.2652864	0.27504	0.72496	3.403518
13716	-524.9981	-552.1868	27.18874	2.105526	5.740008	0.3677168	0.432202	0.567798	1.435364
13722	-534.9484	-563.6967	28.74835	1.905349	4.359997	0.2499658	0.513415	0.486585	0.77708
13728	-533.7036	-560.9128	27.20921	1.784239	6.582094	0.3477098	0.421763	0.578237	1.543275
13734	-533.1625	-559.6208	26.45831	1.350177	4.542428	0.4777846	0.3831	0.6169	2.522369
13740	-526.4503	-553.503	27.05275	1.767723	3.838787	0.4344168	0.448808	0.551192	2.070001
13746	-530.4063	-554.1154	23.7091	1.90508	38.35508	0.3368886	0.413942	0.586058	1.842517
13752	-530.5664	-555.5304	24.96407	0.7754475	7.088134	0.1676357	0.378268	0.621732	3.801322
13758	-529.7024	-552.6638	22.9614	0.8058336	5.917438	0.1534559	0.405433	0.594567	5.089794
13764	-537.1753	-559.7704	22.59513	1.210303	7.559738	0.1215742	0.428751	0.571249	4.932875
13770	-525.4717	-550.8857	25.414	1.267243	7.559738	0.1704619	0.547611	0.452389	3.189896
13776	-527.7341	-553.7318	25.99762	0.8950741	11.11083	0.1704619	0.367139	0.632861	2.701992
13782	-524.998	-551.8501	26.85208	1.460046	6.822488	0.08354789	0.297487	0.702513	2.495327
13788	-526.4294	-551.2752	24.84579	1.256507	17.02187	0.08354789	0.497059	0.502941	2.956141
13794	-522.7151	-547.6945	24.97938	0.9008082	6.23356	0.3019184	0.145246	0.854754	3.616215
13800	-526.0963	-551.0697	24.97344	1.203993	10.0967	0.09628364	0.534184	0.465816	3.387681
13806	-532.664	-557.7914	25.1274	1.483642	24.90719	0.04325573	0.583037	0.416963	2.350731
13812	-526.2005	-552.5509	26.35041	1.638228	9.875682	0.1740831	0.243548	0.756452	2.120484
13818	-530.3856	-558.9198	28.5342	1.583253	5.010009	0.1740831	0.015019	0.984981	1.326219
13824	-521.4501	-548.7403	27.2902	1.368786	5.010009	0.1740831	0.356342	0.643658	2.339192
13830	-530.0874	-554.5199	24.4325	3.058825	6.732622	3.432511	0.311631	0.688369	0.3184977
13836	-530.0556	-553.2325	23.17693	3.14151	12.29575	4.105108	0.207602	0.792398	0.3184977
13842	-527.7322	-551.4233	23.69107	3.14151	9.373549	4.105108	0.484362	0.515638	0.4462286
13848	-528.8948	-552.1781	23.28331	2.937277	13.71791	4.105108	0.42802	0.57198	0.4462286
13854	-526.8726	-554.3823	27.5097	1.689899	12.47008	0.1266928	0.73321	0.26679	1.068763
13860	-522.9164	-550.7307	27.81434	1.237835	5.290894	0.2365128	0.42486	0.57514	1.910903
13866	-524.326	-550.1756	25.84955	1.793102	5.501912	0.06567268	0.504873	0.495127	3.14395
13872	-525.6406	-553.1728	27.53213	1.831738	5.501912	0.3538167	0.32923	0.67077	1.450483
13878	-529.4663	-555.2064	25.74005	2.266755	6.315642	2.497136	0.0991838	0.900816	0.7110973
13884	-536.7378	-562.8622	26.12435	2.291848	12.69511	0.2784214	0.45006	0.54994	1.323751
13890	-535.8777	-564.9962	29.1185	1.611582	2.630549	0.1963327	0.0941267	0.905873	1.458709
13896	-531.3779	-559.9552	28.57727	1.725413	3.550744	0.4162169	0.353037	0.646963	1.065316
13902	-531.3073	-557.6259	26.31859	1.174488	3.37797	0.3552105	0.374993	0.625007	3.096642
13908	-534.0297	-558.4643	24.43462	1.182894	2.81722	0.3552105	0.0880919	0.911908	4.316851
13914	-532.3522	-560.8906	28.53841	1.58586	5.607423	0.1380197	0.593367	0.406633	1.29184
13920	-529.6029	-554.964	25.36107	1.436214	5.607423	0.41047	0.105153	0.894847	3.032616
13926	-520.6454	-548.2506	27.60519	1.137012	5.294651	0.2618907	0.520162	0.479838	2.072802
13932	-520.5333	-547.9744	27.44108	1.301123	5.294651	0.2618907	0.520162	0.479838	2.072802
13938	-529.3138	-555.5378	26.22402	1.819224	5.685674	0.1030727	0.662403	0.337597	2.772678
13944	-523.9218	-552.2489	28.32707	1.88137	5.400704	0.3357511	0.460544	0.539456	0.6869238
13950	-530.9364	-555.8884	24.95202	2.328174	7.26604	3.393241	0.0957526	0.904247	0.8870786
13956	-533.766	-561.3959	27.62988	2.423447	5.847031	0.3783338	0.363179	0.636821	0.435647
13962	-530.1231	-556.8164	26.69324	2.423447	4.231986	1.592349	0.29124	0.70876	0.6799236
13968	-528.0627	-555.9684	27.90578	2.212952	4.238542	0.5112105	0.114297	0.885703	0.8326352
13974	-541.1838	-566.6956	25.51185	1.381737	8.40621	0.2853805	0.402843	0.597157	2.772756
13980	-525.6117	-551.6737	26.06199	1.370296	4.238542	0.5397477	0.0664437	0.933556	2.750548
13986	-527.7445	-553.9137	26.16918	1.206053	6.376472	0.7962504	0.238628	0.761372	2.206692
13992	-523.4375	-550.4854	27.04781	1.661494	4.335811	0.7962504	0.258618	0.741382	1.67456
13998	-528.1693	-555.4148	27.24554	1.457067	4.335811	0.8046256	0.0339867	0.966013	1.672287
14004	-526.3132	-554.7715	28.45838	2.579337	5.524556	0.07435091	0.128876	0.871124	0.5605803
14010	-535.2231	-556.4534	21.23031	3.881414	4.53058	23.52692	0.128378	0.871622	0.6780092
14016	-537.6312	-559.7728	22.14163	3.999205	2.131769	22.0901	0.128378	0.871622	0.7613888
14022	-533.8885	-560.9408	27.05235	1.942028	3.695268	0.2038834	0.33198	0.66802	2.331532
14028	-533.5775	-560.5646	26.98714	1.670536	9.371684	0.2983881	0.156953	0.843047	1.476004
14034	-528.0132	-551.7471	23.7339	1.136892	9.371684	0.08737416	0.332091	0.667909	4.230034
14040	-527.9635	-557.0983	29.13476	2.078126	3.035773	0.2510818	0.43054	0.56946	0.3872954
14046	-532.781	-557.6341	24.85308	2.180223	40.38762	0.2650404	0.58002	0.41998	0.3872954
14052	-528.931	-556.9613	28.03029	2.180223	9.159291	0.08539377	0.278762	0.721238	0.3880805
14058	-527.0669	-555.3051	28.23819	2.262996	8.381895	0.05325813	0.626939	0.373061	0.3880805
14064	-535.0128	-560.7237	25.71086	2.009179	11.84931	1.229223	0.413692	0.586308	0.8817799
14070	-536.0845	-562.5073	26.42274	1.356489	12.84164	0.3829741	0.50381	0.49619	1.618563
14076	-531.3169	-554.9355	23.61853	1.938817	13.9361	0.5221016	0.0882519	0.911748	2.815046
14082	-523.5313	-548.8988	25.36745	1.233746	9.955067	0.1688437	0.392905	0.607095	2.987913
14088	-525.6178	-552.1399	26.52216	1.722385	9.955067	0.1688437	0.367155	0.632845	1.953856
14094	-522.424	-548.664	26.23999	1.182713	6.633054	0.2409874	0.395715	0.604285	2.735713
14100	-526.4205	-551.4132	24.99265	1.221003	6.633054	0.1600706	0.230652	0.769348	3.598653
14106	-527.9581	-554.1112	26.1531	1.321444	6.633054	0.8025441	0.232558	0.767442	2.099449
14112	-522.5871	-549.4423	26.85523	0.9641456	6.633054	0.2625918	0.295656	0.704344	2.455163
14118	-525.139	-551.3939	26.25484	1.150454	6.633054	0.3955507	0.295656	0.704344	2.530453
14124	-535.8203	-562.7472	26.92684	1.13433	3.433895	0.3194954	0.295656	0.704344	2.787934
14130	-540.5436	-567.1852	26.64156	2.014997	3.451063	1.862292	0.345069	0.654931	1.269383
14136	-531.1912	-558.0174	26.82622	1.831283	5.04997	1.161469	0.0437184	0.956282	1.269383
14142	-531.0184	-558.1853	27.16691	2.028955	3.394369	1.161469	0.264697	0.735303	1.269383
14148	-530.8633	-557.0108	26.14747	1.680533	6.72656	1.161469	0.0297732	0.970227	1.590331
14154	-530.4357	-554.9251	24.48937	2.013785	3.554985	2.328789	0.0788735	0.921126	2.541433
14160	-525.2804	-551.7854	26.50505	0.9431286	3.754653	0.3433903	0.0788735	0.921126	3.055173
14166	-522.9117	-546.7157	23.80394	1.079342	5.963952	0.2205854	0.124964	0.875036	4.34201
14172	-541.6254	-561.5925	19.96717	0.6334464	1.633807	0.4171897	0.444557	0.555443	7.354899
14178	-538.9699	-561.6801	22.71023	0.4952452	1.633807	0.4171897	0.559381	0.440619	5.946161
14184	-534.402	-560.6617	26.25975	2.002389	3.105786	0.9772073	0.206442	0.793558	2.143433
14190	-528.6078	-557.0475	28.43969	2.01752	1.876728	0.709371	0.253496	0.746504	1.22728
14196	-527.9588	-556.8102	28.85139	2.025517	2.594807	0.4368878	0.0644507	0.935549	0.8416692
14202	-532.306	-558.8332	26.52722	1.427934	5.500091	0.1712114	0.328787	0.671213	2.701826
14208	-530.6386	-558.9348	28.29615	2.319383	3.881964	0.1508647	0.082148	0.917852	1.26901
14214	-537.6267	-563.3607	25.73404	1.795688	4.566006	0.6154132	0.366808	0.633192	2.557986
14220	-533.4675	-558.3858	24.91832	1.172583	4.566006	0.2947472	0.110025	0.889975	3.759472
14226	-531.1553	-555.8123	24.65695	1.253219	4.566006	0.3781031	0.418396	0.581604	3.759472
14232	-526.9996	-552.8119	25.81221	1.741974	9.752297	0.3781031	0.22549	0.77451	2.082666
14238	-529.1231	-554.3335	25.21041	1.423175	5.352272	0.4573656	0.166644	0.833356	3.118902
14244	-524.2007	-551.3386	27.13793	1.681551	6.088562	0.4046454	0.188042	0.811958	1.669196
14250	-523.5611	-549.571	26.00991	1.009766	5.702059	0.1093116	0.450986	0.549014	3.366521
14256	-520.907	-546.8679	25.96084	0.9688341	8.061456	0.1023389	0.560472	0.439528	3.134253
14262	-526.7897	-553.759	26.96937	1.70324	8.061456	0.1023389	0.330994	0.669006	2.050671
14268	-529.9031	-555.73	25.82694	1.209217	25.49745	0.04999738	0.812629	0.187371	2.025753
14274	-530.8194	-558.0207	27.20128	1.077166	4.860975	0.05830712	0.705519	0.294481	2.88929
14280	-531.7585	-557.2908	25.53227	1.413741	14.17872	0.1107299	0.473841	0.526159	2.557507
14286	-537.3837	-563.6431	26.25942	1.716017	14.17872	0.1107299	0.387018	0.612982	1.892127
14292	-538.0543	-562.3387	24.28446	1.543267	1.928433	1.085796	0.517101	0.482899	3.898211
14298	-528.7018	-554.7304	26.02857	1.765679	2.245735	0.2373977	0.478657	0.521343	3.385699
14304	-528.3129	-556.6333	28.32033	1.97256	2.245735	0.0895542	0.478657	0.521343	2.165798
14310	-530.4404	-557.5004	27.06006	1.84864	2.970957	0.4915224	0.815004	0.184996	2.165798
14316	-527.231	-556.7551	29.52415	1.981307	1.769378	0.1115307	0.430256	0.569744	1.453229
14322	-527.9522	-557.3187	29.36645	2.499635	1.821205	0.08853645	0.343086	0.656914	1.216108
14328	-530.7397	-558.3301	27.59034	2.296411	1.920104	1.752575	0.129796	0.870204	0.8525663
14334	-531.6319	-558.3682	26.73635	2.262537	1.920104	2.429771	0.614038	0.385962	1.32342
14340	-530.8367	-557.691	26.85425	2.090729	1.859318	2.429771	0.707669	0.292331	1.395554
14346	-534.4488	-561.4567	27.00783	2.193334	1.745019	2.429771	0.343024	0.656976	1.247959
14352	-531.9925	-558.1869	26.19442	2.484085	3.55258	2.429771	0.446698	0.553302	0.9207103
14358	-532.5328	-560.0734	27.54062	1.676	3.12282	0.1537312	0.29891	0.70109	2.431317
14364	-528.3683	-555.7811	27.41284	1.819808	3.12282	0.386167	0.29891	0.70109	2.036822
14370	-526.3464	-554.1689	27.82257	1.985141	1.847759	0.7978412	0.741519	0.258481	1.656339
14376	-526.1352	-551.9644	25.82918	1.554713	3.274188	0.7978412	0.582769	0.417231	2.77605
14382	-538.4443	-567.5647	29.12036	1.850333	1.414809	0.1541229	0.382034	0.617966	1.899602
14388	-529.1015	-557.2498	28.14828	2.006756	1.717051	0.0736251	0.456512	0.543488	2.499739
14394	-530.5049	-558.5147	28.00982	2.062447	1.717051	0.6292526	0.439441	0.560559	1.682274
14400	-533.535	-561.7323	28.19731	1.960054	3.057792	0.6292526	0.0706927	0.929307	1.060818
14406	-530.1866	-558.3925	28.20584	1.979469	2.96099	0.6292526	0.501949	0.498051	1.073126
14412	-521.9205	-549.2974	27.37695	1.543162	6.590499	0.09551556	0.568825	0.431175	2.105382
14418	-521.2953	-546.4453	25.15	0.912586	6.590499	0.09551556	0.427306	0.572694	3.833827
14424	-524.9226	-550.0784	25.15582	0.8308527	6.937925	0.09551556	0.5434	0.4566	3.833827
14430	-526.0684	-552.9543	26.88592	1.429451	6.937925	0.1026772	0.475619	0.524381	2.425259
14436	-527.1341	-553.5108	26.37669	1.358727	3.789092	0.7211103	0.225733	0.774267	2.498707
14442	-520.2455	-546.1752	25.92975	1.524608	3.789092	0.9011982	0.092526	0.907474	2.542454
14448	-528.6903	-556.3573	27.66696	1.146615	4.60027	0.1311648	0.294257	0.705743	2.411096
14454	-531.2988	-552.9798	21.68107	3.788393	18.65733	3.354315	0.561726	0.438274	0.1498095
14460	-525.5413	-549.7577	24.21644	0.949797	9.698332	0.1926324	0.317815	0.682185	3.809728
14466	-528.3175	-556.789	28.47151	1.315979	3.638225	0.1865902	0.356014	0.643986	1.857967
14472	-532.7483	-561.2448	28.49651	1.227531	3.062613	0.3916891	0.406851	0.593149	1.711035
14478	-532.9941	-562.0953	29.10115	1.872748	3.062613	0.09231456	0.465754	0.534246	1.413266
14484	-532.6272	-560.3271	27.69997	1.730466	2.518813	1.012952	0.492555	0.507445	1.491804
14490	-539.3758	-561.8303	22.45449	2.846425	9.62066	5.702514	0.127561	0.872439	1.601578
14496	-538.8991	-562.3827	23.48367	2.846425	4.541477	9.823835	0.250268	0.749732	0.9904086
14502	-529.8833	-556.1939	26.3106	2.277646	3.235008	1.057211	0.244805	0.755195	1.837649
14508	-530.4164	-556.536	26.11966	2.480562	3.235008	2.88112	0.159422	0.840578	0.9082184
14514	-527.6118	-557.0817	29.46983	1.929442	3.115907	0.17821	0.300085	0.699915	0.6065813
14520	-532.3175	-559.538	27.22052	1.163905	10.01345	0.17821	0.70675	0.29325	1.831917
14526	-525.0613	-550.9489	25.88757	0.9341259	3.762062	0.17821	0.475729	0.524271	3.672557
14532	-531.9065	-555.2587	23.35215	3.352918	22.97602	0.5638941	0.345404	0.654596	0.09765122
14538	-523.5336	-546.581	23.04739	3.352918	26.96864	0.5638941	0.709178	0.290822	0.09576013
14544	-521.4736	-544.7732	23.29961	3.471446	17.21888	0.7628521	0.590437	0.409563	0.07965084
14550	-525.2661	-551.567	26.30092	1.012806	7.168358	0.3010254	0.472385	0.527615	2.640135
14556	-525.9902	-553.0611	27.07094	1.129507	5.363842	0.1394735	0.423008	0.576992	2.640135
14562	-527.5579	-552.0054	24.44753	0.7426868	5.363842	0.1771988	0.561383	0.438617	4.328064
14568	-529.3334	-555.9836	26.65022	1.416742	5.363842	0.3138587	0.626683	0.373317	2.415475
14574	-526.6775	-553.7842	27.10662	1.45461	2.652699	0.520548	0.663318	0.336682	2.448308
14580	-527.4061	-552.7239	25.31778	2.919042	6.91669	1.859674	0.174814	0.825186	0.3490712
14586	-529.3242	-553.796	24.47183	3.096386	10.07506	1.859674	0.0640941	0.935906	0.2734338
14592	-526.6783	-550.2288	23.55057	2.941063	22.82276	1.42728	0.83778	0.16222	0.2734338
14598	-531.4313	-555.0208	23.58957	2.855242	22.82276	1.42728	0.543315	0.456685	0.2479704
14604	-533.3832	-557.5016	24.11838	2.855242	22.82276	0.8325595	0.757871	0.242129	0.2376651
14610	-533.1877	-560.7978	27.61013	2.400638	2.966517	1.093743	0.33244	0.66756	0.627059
14616	-530.4113	-559.1488	28.73743	2.078106	2.966517	0.4679633	0.578674	0.421326	0.5205243
14622	-534.3714	-561.3032	26.9318	1.348012	2.966517	0.4679633	0.649106	0.350894	2.590833
14628	-539.1905	-562.1339	22.94333	1.387172	1.596691	0.4078437	0.738227	0.261773	5.352771
14634	-531.4585	-554.4923	23.03374	1.306963	5.525716	0.5455058	0.220753	0.779247	4.334368
14640	-538.393	-565.1516	26.75863	1.0461	2.37885	0.2875811	0.534841	0.465159	3.263554
14646	-536.5823	-562.9719	26.38959	1.127513	2.37885	0.2875811	0.33094	0.66906	3.43262
14652	-539.348	-562.2899	22.94189	1.104444	5.357877	0.2875811	0.306658	0.693342	4.800574
14658	-534.2623	-557.0724	22.81013	1.33952	4.235986	0.3515128	0.00205899	0.997941	4.845254
14664	-527.6286	-554.7292	27.10061	1.075771	5.941464	0.06324125	0.547885	0.452115	2.763314
14670	-525.6743	-550.8874	25.21303	1.285492	16.50829	0.2308127	0.436711	0.563289	2.428527
14676	-525.4239	-552.0901	26.66626	1.285492	9.766127	0.2308127	0.39816	0.60184	2.045262
14682	-534.001	-558.6513	24.65026	1.938938	19.69863	0.2308127	0.340266	0.659734	2.176092
14688	-530.3031	-555.2059	24.90284	1.665165	19.69863	0.4884437	0.448375	0.551625	1.826603
14694	-526.3804	-554.8761	28.49574	2.278445	5.616334	0.1231585	0.517284	0.482716	0.6511756
14700	-527.5092	-554.4549	26.94567	2.055173	5.255296	0.348108	0.338002	0.661998	1.770157
14706	-530.2969	-557.3679	27.07094	1.288312	5.683754	0.2517913	0.212879	0.787121	2.272759
14712	-531.1367	-558.2624	27.12567	2.085932	6.818783	0.5093446	0.0458241	0.954176	1.080162
14718	-537.8344	-563.1625	25.32812	2.225444	6.172576	0.499002	0.281156	0.718844	2.387256
14724	-547.9339	-571.8524	23.91851	1.919626	5.437036	1.089685	0.183835	0.816165	3.107296
14730	-539.6867	-563.284	23.59732	1.625466	2.808765	0.3050784	0.297273	0.702727	4.603151
14736	-537.1684	-564.1731	27.00467	1.596298	2.808765	0.6736621	0.371607	0.628393	2.235088
14742	-534.3249	-560.0619	25.73704	1.357336	1.61599	1.445782	0.414683	0.585317	3.100029
14748	-531.048	-557.4144	26.3664	1.218832	1.796096	0.2440259	0.707113	0.292887	3.650122
14754	-549.1477	-575.849	26.70131	1.152479	1.750274	0.2440259	0.620692	0.379308	3.511221
14760	-538.6778	-566.2818	27.60402	1.308467	1.561745	0.4953611	0.342963	0.657037	2.6436
14766	-538.1429	-565.246	27.10309	1.786237	1.561745	1.184496	0.342963	0.657037	2.143479
14772	-538.4793	-564.3893	25.91006	2.268145	1.779103	1.903842	0.657284	0.342716	2.170409
14778	-542.6607	-567.8882	25.22755	1.729777	2.145465	1.903842	0.51035	0.48965	2.798663
14784	-532.9958	-558.052	25.05612	1.091067	5.512979	0.2486289	0.139027	0.860973	3.640277
14790	-524.4482	-549.6861	25.23794	0.7125806	6.317462	0.2486289	0.344773	0.655227	3.640277
14796	-527.0143	-551.8277	24.81346	0.9714612	6.317462	0.3169192	0.246436	0.753564	3.640277
14802	-529.1096	-556.3545	27.24494	1.618611	3.312898	0.20784	0.194273	0.805727	2.497163
14808	-532.2287	-558.4449	26.21622	1.623822	6.064139	0.3795585	0.0558244	0.944176	2.359362
14814	-531.3444	-558.024	26.67956	0.3411754	4.359779	0.2486625	0.571758	0.428242	3.321636
14820	-520.2472	-546.3609	26.11369	0.7661156	4.359779	0.2486625	0.432826	0.567174	3.404408
14826	-524.1854	-549.6288	25.44341	0.5758398	3.806313	0.255492	0.385675	0.614325	3.997865
14832	-519.5796	-547.2077	27.62804	0.9946584	3.806313	0.2206077	0.43127	0.56873	2.510523
14838	-521.8862	-548.8663	26.98006	1.002124	6.11275	0.2137374	0.473529	0.526471	2.510523
14844	-523.816	-550.1866	26.37064	1.683299	11.58663	0.2137374	0.508463	0.491537	1.825258
14850	-520.8637	-548.2946	27.43091	1.814124	11.58663	0.07903779	0.260998	0.739002	1.306019
14856	-526.9543	-555.0262	28.07192	2.201293	7.786046	0.07903779	0.626314	0.373686	0.9359633
14862	-523.561	-548.9599	25.39882	0.9771686	15.36793	0.1620847	0.163065	0.836935	2.70918
14868	-524.5205	-546.967	22.44653	0.679118	9.647273	0.1868898	0.334114	0.665886	4.976597
14874	-524.0378	-550.6862	26.64846	1.989856	12.45523	0.1868898	0.476692	0.523308	1.371733
14880	-527.2031	-554.6457	27.44256	1.14215	6.27794	0.147733	0.320482	0.679518	2.237106
14886	-529.1237	-555.0271	25.90342	1.602408	4.846953	0.6579577	0.45073	0.54927	2.484255
14892	-527.1182	-554.8497	27.73148	1.602408	6.19211	0.0921912	0.372421	0.627579	1.900054
14898	-525.9736	-551.9973	26.02375	1.761715	4.947504	0.5659501	0.361152	0.638848	2.373252
14904	-531.6541	-556.0074	24.3533	1.857459	34.7229	0.6748682	0.477241	0.522759	1.095829
14910	-523.9847	-551.4473	27.46258	1.478434	3.703122	0.5582578	0.199111	0.800889	1.883201
14916	-525.1682	-552.7306	27.5624	1.64069	3.703122	0.5582578	0.0735119	0.926488	1.701406
14922	-536.5215	-560.5865	24.06495	1.177687	5.475658	0.2802642	0.144027	0.855973	4.119255
14928	-535.0569	-560.2816	25.2247	1.196778	1.599072	0.2802642	0.624865	0.375135	4.33808
14934	-526.179	-552.7409	26.56193	1.356297	1.700907	0.2690869	0.448487	0.551513	3.454934
14940	-527.0225	-552.8573	25.83486	2.46355	2.634364	0.4518129	0.554737	0.445263	2.68889
14946	-529.657	-559.2215	29.56443	1.819655	2.071275	0.1336576	0.722226	0.277774	1.338217
14952	-527.7272	-555.4802	27.75296	1.675033	2.071275	0.7540724	0.799	0.201	1.865364
14958	-523.5395	-552.7802	29.24077	1.947997	2.071275	0.09709036	0.832417	0.167583	1.597433
14964	-524.7817	-554.0239	29.24226	2.145464	2.071275	0.0519959	0.787089	0.212911	1.60665
14970	-547.9781	-571.3381	23.35994	1.355982	4.836518	0.380448	0.266324	0.733676	4.392105
14976	-539.0764	-564.4651	25.38866	0.9651737	4.836518	0.380448	0.115321	0.884679	3.452842
14982	-532.4915	-557.4768	24.98529	0.660544	4.836518	0.380448	0.0904132	0.909587	3.862965
14988	-530.5407	-556.0697	25.52896	0.7787178	4.836518	0.3943212	0.551062	0.448938	3.463853
14994	-528.6147	-552.4331	23.81843	0.9612022	12.23993	0.09255105	0.722205	0.277795	4.02691
15000	-539.5894	-562.5394	22.95004	1.738733	3.269729	0.8615369	0.0788817	0.921118	4.307558
15006	-535.4943	-563.9569	28.46259	1.815487	3.269729	0.332337	0.0788817	0.921118	1.325402
15012	-535.9542	-562.2603	26.30612	2.320857	2.935503	0.5376001	0.163715	0.836285	2.308934
15018	-533.6786	-560.5401	26.86156	1.42467	2.935503	0.7550045	0.0751704	0.92483	2.334048
15024	-532.6544	-559.058	26.40364	1.591819	2.935503	0.7550045	0.322641	0.677359	2.517211
15030	-533.9541	-561.7623	27.80815	2.119571	2.935503	0.3472186	0.111412	0.888588	1.669003
15036	-536.8245	-564.6547	27.83019	2.089074	2.344624	0.8794877	0.0664639	0.933536	1.286936
15042	-533.2854	-558.123	24.83759	1.077587	2.111587	0.6319936	0.194566	0.805434	4.082057
15048	-532.2773	-558.295	26.01765	1.38241	2.111587	0.6737962	0.383934	0.616066	3.187295
15054	-537.2936	-564.3255	27.03185	1.712887	1.686551	0.4885362	0.402566	0.597434	2.700785
15060	-536.5025	-563.4786	26.97607	1.213373	2.424645	0.2769187	0.281787	0.718213	3.036419
15066	-535.4817	-560.8394	25.35773	1.28442	2.424645	0.4561069	0.392286	0.607714	3.727645
15072	-530.3285	-557.0692	26.74069	1.381249	2.425003	0.4561069	0.406314	0.593686	2.854161
15078	-529.7066	-556.1939	26.48728	1.527535	3.840365	0.4561069	0.428916	0.571084	2.559192
15084	-532.7817	-557.8169	25.03519	1.250293	3.211086	0.3138035	0.291882	0.708118	3.892683
15090	-522.7237	-550.6165	27.89287	1.727078	3.511362	0.4828734	0.0631671	0.936833	1.53837
15096	-527.875	-555.5184	27.64345	1.834593	2.885373	0.1728873	0.530057	0.469943	2.288698
15102	-527.3809	-554.4748	27.09385	1.517	5.304437	0.1888878	0.542938	0.457062	2.288698
15108	-526.3265	-554.463	28.13653	2.132795	3.689457	0.1670542	0.277238	0.722762	1.547782
15114	-529.8754	-557.3077	27.43232	1.362528	2.871337	0.1583722	0.633253	0.366747	2.749162
15120	-531.4848	-557.4749	25.99012	0.6071668	2.871337	0.2350551	0.554135	0.445865	3.907523
15126	-533.2197	-561.2548	28.0351	0.8489909	2.894569	0.2350551	0.497032	0.502968	2.54455
15132	-532.755	-560.2423	27.48724	1.340991	3.576073	0.1005985	0.474034	0.525966	2.689257
15138	-533.2582	-560.3428	27.08459	1.191142	3.576073	0.1626957	0.344029	0.655971	2.883587
15144	-534.3306	-562.0223	27.69163	1.767498	2.142805	0.5059345	0.605858	0.394142	2.053118
15150	-529.5917	-557.448	27.85638	2.433033	2.482597	1.061793	0.428154	0.571846	0.4707678
15156	-532.6847	-560.7096	28.0249	2.78765	1.978377	0.5696674	0.21771	0.78229	1.027149
15162	-528.5385	-556.1253	27.58671	1.234016	5.537882	0.2496649	0.272737	0.727263	1.999306
15168	-525.1593	-551.8457	26.68634	1.57597	6.279493	0.1815646	0.374362	0.625638	2.370648
15174	-529.4801	-554.9724	25.49225	1.334735	6.803167	0.2540993	0.408017	0.591983	3.052413
15180	-531.2523	-559.0667	27.81432	2.460605	3.012785	0.2304858	0.650084	0.349916	1.597034
15186	-532.6961	-561.5223	28.82618	1.463066	3.012785	0.2304858	0.648054	0.351946	1.586595
15192	-533.3617	-559.826	26.4643	1.880659	3.135592	1.085527	0.124618	0.875382	2.011063
15198	-532.1317	-560.3041	28.1724	2.125233	2.155767	0.9724951	0.12396	0.87604	0.9440368
15204	-537.0751	-562.3729	25.29784	1.012134	6.105603	0.1839725	0.211207	0.788793	3.567871
15210	-535.2387	-557.2693	22.03068	1.02163	3.588984	0.1839725	0.0603073	0.939693	5.808571
15216	-534.8353	-558.3983	23.56296	1.233498	3.588984	0.1839725	0.199127	0.800873	4.845894
15222	-530.6924	-558.4051	27.71277	1.452912	11.67308	0.08394403	0.105774	0.894226	1.342082
15228	-522.4743	-549.5961	27.12176	1.493748	14.59878	0.231979	0.5229	0.4771	1.05531
15234	-523.8024	-551.8292	28.02676	1.941695	6.932003	0.06308181	0.067706	0.932294	1.422853
15240	-527.9239	-553.16	25.23619	1.729697	15.34497	0.418776	0.352936	0.647064	1.931226
15246	-527.2685	-553.724	26.45554	2.008549	15.34497	0.418776	0.564132	0.435868	0.5848358
15252	-525.4315	-552.5617	27.13018	2.036213	6.295016	0.3022031	0.0305051	0.969495	1.538227
15258	-526.1325	-551.8458	25.71333	1.258822	3.250652	0.7088356	0.0305051	0.969495	3.096072
15264	-536.2413	-563.0505	26.8092	1.783351	2.822955	1.441135	0.262151	0.737849	1.728906
15270	-531.3821	-554.3408	22.95866	0.7493236	2.712364	0.1351452	0.595575	0.404425	5.737431
15276	-534.4266	-557.99	23.56339	0.694161	4.037332	0.1703743	0.595575	0.404425	5.082427
15282	-538.5398	-560.5777	22.03783	0.506857	2.502411	0.1703743	0.634848	0.365152	6.359224
15288	-536.464	-560.8835	24.41952	0.5261206	4.506374	0.1296992	0.595413	0.404587	4.695279
15294	-533.9704	-560.1236	26.15327	0.8041217	3.353577	0.142477	0.462353	0.537647	3.751546
15300	-541.4259	-568.6165	27.19063	2.116149	3.156546	1.408824	0.199768	0.800232	1.075808
15306	-536.5444	-563.5876	27.04314	2.338665	2.52875	1.408824	0.199768	0.800232	1.254988
15312	-530.7557	-558.5361	27.7804	2.280752	2.177359	1.408824	0.267006	0.732994	0.7459783
15318	-534.2296	-559.3933	25.16365	1.425535	7.011699	1.1003	0.176864	0.823136	2.415933
15324	-527.519	-554.2687	26.74974	1.552379	10.7044	0.2119573	0.263826	0.736174	1.744589
15330	-532.5498	-559.1439	26.59406	1.751751	11.95525	0.2119573	0.60017	0.39983	1.586464
15336	-536.549	-564.7935	28.24448	1.983208	2.714797	0.2581639	0.446408	0.553592	1.672917
15342	-531.3875	-557.1288	25.74132	1.455819	5.274805	0.1002215	0.534547	0.465453	3.34972
15348	-528.4262	-555.9771	27.55089	1.252566	5.274805	0.08695521	0.478654	0.521346	2.411059
15354	-525.9563	-554.7066	28.75028	1.547789	3.066233	0.191796	0.548597	0.451403	1.645116
15360	-525.7399	-554.6463	28.90643	1.38512	2.761783	0.2404053	0.658121	0.341879	1.645116
15366	-531.8669	-560.279	28.41207	1.192965	2.761783	0.3293658	0.317899	0.682101	1.971296
15372	-529.6427	-557.8749	28.23219	2.356214	2.428619	0.5294048	0.042319	0.957681	1.066575
15378	-533.4891	-561.6033	28.11424	1.986932	1.676999	0.9917799	0.315482	0.684518	1.361223
15384	-527.5762	-554.2041	26.62792	1.633733	4.911517	0.5725565	0.0699524	0.930048	2.06594
15390	-522.6144	-550.419	27.80464	1.531972	4.423847	0.1214422	0.359335	0.640665	2.134045
15396	-526.8259	-553.1118	26.28594	1.464652	3.054735	0.6370727	0.0316062	0.968394	2.732451
15402	-521.5567	-547.844	26.2873	1.319496	3.176622	0.451872	0.442336	0.557664	2.965094
15408	-524.6711	-551.5959	26.92483	1.431686	7.011629	0.451872	0.639769	0.360231	1.787837
15414	-529.3495	-557.2995	27.95004	1.738926	3.630968	0.3822062	0.662721	0.337279	1.590721
15420	-528.6062	-557.5295	28.92326	2.40032	3.630968	0.1469406	0.157232	0.842768	0.5263786
15426	-524.8675	-553.6448	28.77725	2.41622	3.055935	0.2625175	0.466961	0.533039	0.4277836
15432	-527.7454	-556.1171	28.37173	2.322555	5.742696	0.1281605	0.768564	0.231436	0.3385856
15438	-525.6442	-553.9424	28.29816	2.509076	5.083081	0.1281605	0.630434	0.369566	0.2880874
15444	-530.8221	-557.8351	27.013	2.509076	5.083081	0.7961706	0.223372	0.776628	0.3027066
15450	-530.3487	-558.1449	27.79623	2.44028	3.217087	0.7628764	0.151062	0.848938	0.3579665
15456	-535.5486	-561.7251	26.17646	2.479017	5.000855	2.02838	0.0152102	0.98479	0.5545974
15462	-533.2534	-560.6055	27.35212	2.475846	5.000855	0.2396274	0.271131	0.728869	1.404644
15468	-525.4195	-552.6147	27.19521	1.410708	5.872063	0.2517943	0.0939884	0.906012	2.082197
15474	-532.8446	-560.8261	27.98142	2.635899	4.194524	0.2277235	0.406331	0.593669	0.9542222
15480	-526.4572	-554.5205	28.06335	2.362201	4.953832	0.2521668	0.416884	0.583116	0.8371494
15486	-526.0829	-552.7793	26.69645	2.016847	4.953832	0.2521668	0.548394	0.451606	2.169369
15492	-527.4466	-553.5022	26.05557	1.159143	13.28373	0.1009516	0.559587	0.440413	2.482478
15498	-524.3296	-550.53	26.20039	1.0506	8.343986	0.1009516	0.383492	0.616508	2.913757
15504	-522.2853	-547.4562	25.1709	0.9448037	8.343986	0.1009516	0.41665	0.58335	3.58507
15510	-538.4918	-564.1279	25.63615	2.758075	2.078481	3.888493	0.50189	0.49811	1.249356
15516	-532.6647	-559.1757	26.51102	1.959733	1.558976	1.007159	0.653884	0.346116	2.516938
15522	-526.763	-555.5204	28.75738	1.559818	2.172786	0.1187755	0.474328	0.525672	2.096052
15528	-532.039	-561.2775	29.23853	2.24054	2.974713	0.1246769	0.56327	0.43673	0.8706408
15534	-528.5317	-557.3082	28.77648	1.277227	3.033663	0.1246769	0.56327	0.43673	1.98217
15540	-542.4783	-571.2068	28.72857	3.323497	2.489783	0.08409677	0.347796	0.652204	0.5547085
15546	-541.3001	-570.4493	29.14919	2.678124	1.440911	0.147879	0.403751	0.596249	1.271528
15552	-531.7412	-556.1604	24.41918	1.093697	10.22628	0.05515884	0.761733	0.238267	3.872991
15558	-532.7028	-558.2041	25.50125	1.111148	13.05156	0.115716	0.701333	0.298667	2.834072
15564	-531.4074	-555.9871	24.57978	1.364523	23.8308	0.03636671	0.750631	0.249369	2.834072
15570	-538.0905	-562.4924	24.40191	0.8087046	35.48737	0.03636671	0.865554	0.134446	2.834072
15576	-535.4895	-560.6886	25.19911	1.465069	35.48737	0.04065173	0.786439	0.213561	1.895973
15582	-536.2765	-559.1202	22.84374	1.225978	35.48737	0.04065173	0.786439	0.213561	3.49967
15588	-534.8858	-557.2375	22.35173	1.338107	12.87333	0.04065173	0.798588	0.201412	4.736024
15594	-534.6501	-561.6876	27.03749	2.004699	7.08522	0.04065173	0.528132	0.471868	2.126496
15600	-530.1779	-553.3599	23.18198	3.680662	4.700651	8.079564	0.200623	0.799377	0.4076855
15606	-532.8604	-556.0879	23.22745	3.680662	4.430331	8.079564	0.0331132	0.966887	0.3511175
15612	-531.2074	-554.4252	23.21774	3.729949	4.430331	8.079564	0.138657	0.861343	0.4154624
15618	-532.6947	-556.6659	23.97121	3.729949	2.49496	8.079564	0.20633	0.79367	0.5714497
15624	-539.488	-566.9924	27.50436	3.665099	2.469575	0.2799221	0.00928874	0.990711	0.9510975
15630	-532.7916	-556.5813	23.78975	3.686793	2.795073	8.230501	0.446815	0.553185	0.3411703
15636	-528.4818	-551.9063	23.42452	3.522095	4.391779	8.230501	0.349509	0.650491	0.5225219
15642	-534.6254	-561.6798	27.05434	2.163408	4.073075	0.3479452	0.166111	0.833889	1.863888
15648	-529.9256	-555.2037	25.27808	2.8142	4.073075	3.375897	0.201307	0.798693	0.9079776
15654	-538.5379	-563.5282	24.99035	3.594683	4.410687	1.844929	0.393646	0.606354	1.052395
15660	-540.444	-569.5064	29.06241	2.657419	1.201075	0.1995934	0.499379	0.500621	1.379306
15666	-532.361	-560.5463	28.18535	2.281273	2.195741	0.1995934	0.639423	0.360577	1.801102
15672	-532.158	-560.3755	28.2175	1.803134	2.195741	0.1995934	0.681971	0.318029	2.101135
15678	-533.1157	-559.1231	26.00739	1.440832	2.195741	0.1995934	0.44026	0.55974	3.665601
15684	-540.0816	-564.5162	24.43458	1.075442	2.195741	0.1995934	0.87799	0.12201	4.765953
15690	-536.5632	-553.7857	17.22252	4.268392	29.84281	33.03862	0.591381	0.408619	0.5699179
15696	-539.1116	-556.5831	17.47152	4.27213	25.71765	33.03862	0.77611	0.22389	0.6290828
15702	-541.2499	-567.8967	26.64683	3.021313	3.334283	0.5542753	0.110862	0.889138	1.466626
15708	-538.3703	-567.2254	28.85512	2.618218	2.269468	0.2956157	0.229991	0.770009	0.4055521
15714	-544.3842	-570.4792	26.09505	3.31576	7.533202	0.5131426	0.418977	0.581023	0.3775921
15720	-539.585	-566.9661	27.38108	2.361021	6.157609	0.4111676	0.146738	0.853262	0.8645418
15726	-535.1807	-562.0502	26.86953	1.955288	6.157609	0.4111676	0.298517	0.701483	1.644758
15732	-533.7326	-561.3783	27.64576	2.582405	6.157609	0.1077075	0.0400937	0.959906	1.190136
15738	-531.3026	-558.3481	27.04545	1.821952	6.466449	0.1685334	0.235425	0.764575	1.976805
15744	-536.5032	-563.5806	27.07747	2.112958	4.018535	0.2568792	0.408027	0.591973	2.036965
15750	-530.1328	-557.7823	27.64948	1.512995	7.950509	0.03646374	0.758279	0.241721	1.945271
15756	-525.6368	-553.3976	27.76086	2.038546	7.950509	0.03646374	0.280572	0.719428	1.495252
15762	-528.5385	-556.063	27.52456	1.911956	7.950509	0.03407134	0.540037	0.459963	1.765251
15768	-534.9814	-561.5881	26.60667	1.747955	7.950509	0.2648235	0.540037	0.459963	1.928506
15774	-528.9513	-554.9894	26.03815	1.405858	5.394579	0.154545	0.540037	0.459963	3.061659
15780	-532.3975	-557.292	24.89455	0.9607427	4.566885	0.3200051	0.147385	0.852615	3.861565
15786	-530.8507	-556.2466	25.39589	0.6900529	4.566885	0.24479	0.366126	0.633874	3.833977
15792	-535.1101	-560.4999	25.38983	0.7221242	2.86337	0.2087508	0.387552	0.612448	4.228378
15798	-528.6535	-553.9216	25.26817	0.8451824	2.860214	0.2087508	0.537047	0.462953	4.228378
15804	-533.7104	-559.8525	26.14218	1.434803	2.401015	0.5227495	0.674211	0.325789	3.121505
15810	-529.0946	-553.6399	24.54529	0.8432747	5.415395	0.4390979	0.552852	0.447148	3.855363
15816	-525.2001	-553.5473	28.34717	1.236992	3.387635	0.5050163	0.552852	0.447148	1.57214
15822	-525.5696	-551.4509	25.88131	1.078121	7.970193	0.3832426	0.355808	0.644192	2.651453
15828	-523.1361	-547.4958	24.35974	0.9996367	6.128627	0.2229512	0.219635	0.780365	4.045531
15834	-520.8142	-545.6072	24.79303	0.93259	6.128627	0.09013831	0.29555	0.70445	4.100852
15840	-523.0114	-548.9128	25.90145	0.9000432	6.128627	0.09013831	0.621131	0.378869	3.480979
15846	-522.3825	-549.8497	27.46714	1.101315	6.128627	0.3447618	0.547295	0.452705	1.920403
15852	-526.2475	-552.9941	26.74659	1.355858	5.626291	0.2326983	0.428781	0.571219	2.476893
15858	-526.8723	-554.5804	27.70813	1.160044	7.77089	0.1640395	0.520257	0.479743	1.800225
15864	-522.5261	-550.7651	28.23905	1.590543	3.006757	0.3359744	0.576783	0.423217	1.733934
15870	-523.9206	-549.2778	25.35718	1.271816	4.484864	0.3359744	0.662944	0.337056	3.407015
15876	-526.9618	-554.284	27.32215	1.829068	4.484864	0.3359744	0.48709	0.51291	1.837076
15882	-524.8674	-551.9073	27.03987	2.149166	4.484864	0.318798	0.198515	0.801485	1.837076
15888	-520.798	-548.5359	27.73788	1.602816	4.382624	0.5820731	0.169009	0.830991	1.405558
15894	-522.8306	-549.4171	26.58651	1.301452	3.971586	0.5820731	0.169009	0.830991	2.483335
15900	-531.4197	-559.3232	27.9035	2.940744	3.642516	0.3150924	0.665147	0.334853	0.44463
15906	-536.516	-563.0225	26.50643	3.782912	3.642516	0.6361317	0.610153	0.389847	0.508273
15912	-522.6739	-549.786	27.11208	1.764326	9.378019	0.3793357	0.380508	0.619492	1.157047
15918	-524.9857	-552.7287	27.743	1.330141	7.384212	0.1981111	0.207211	0.792789	1.633701
15924	-522.6336	-549.687	27.05345	1.265799	7.384212	0.2991537	0.344516	0.655484	1.971291
15930	-526.749	-555.1671	28.41805	1.717932	5.162493	0.137336	0.477615	0.522385	1.378381
15936	-525.5903	-553.8494	28.25908	1.937128	5.162493	0.3852311	0.128845	0.871155	0.6327176
15942	-536.895	-565.2793	28.38433	1.48312	3.786868	0.1790703	0.426838	0.573162	1.782497
15948	-537.5655	-563.276	25.71058	1.943236	3.634724	0.9497135	0.426838	0.573162	2.419936
15954	-535.3899	-564.024	28.63411	2.274393	2.913353	0.355357	0.310726	0.689274	0.8187782
15960	-537.5219	-562.9309	25.40893	1.276328	4.618562	0.4555906	0.111993	0.888007	3.212721
15966	-537.3162	-562.8866	25.57034	1.136524	4.408998	0.2576086	0.445548	0.554452	3.483001
15972	-529.8572	-555.2663	25.4091	1.08026	12.31956	0.1401278	0.524885	0.475115	2.909518
15978	-533.8383	-560.031	26.19268	1.528653	10.26834	0.3580992	0.644894	0.355106	1.944541
15984	-532.3878	-560.2988	27.91096	2.010933	4.152331	0.4677134	0.390344	0.609656	1.137531
15990	-530.7529	-556.3085	25.55566	1.321377	3.858977	0.3160546	0.0156129	0.984387	3.406913
15996	-528.5078	-556.0368	27.52897	1.608798	3.858977	0.3160546	0.407796	0.592204	2.013608
16002	-522.1268	-548.2807	26.15392	1.517038	13.43885	0.3160546	0.60359	0.39641	1.743076
16008	-530.8251	-558.9152	28.09011	1.842999	6.723488	0.07659643	0.471913	0.528087	1.435033
16014	-536.2048	-564.4079	28.2031	1.929789	2.868259	0.4736188	0.684144	0.315856	1.357662
16020	-531.5184	-556.4808	24.96242	1.046381	28.8088	0.05081073	0.657822	0.342178	2.538863
16026	-530.2467	-555.3441	25.09743	1.163145	23.0166	0.05081073	0.775231	0.224769	2.634926
16032	-536.4913	-564.4557	27.96432	1.858528	2.551018	0.4289073	0.233816	0.766184	1.753491
16038	-532.0185	-561.247	29.22856	1.858528	2.551018	0.3536784	0.292441	0.707559	0.8071311
16044	-528.5002	-556.8437	28.34346	1.591205	2.551018	0.5487456	0.268324	0.731676	1.527765
16050	-525.6682	-552.9947	27.32654	1.70793	3.924285	0.3592223	0.145221	0.854779	2.005356
16056	-527.2605	-555.407	28.14658	1.863513	3.924285	0.1791763	0.024549	0.975451	1.647922
16062	-526.8002	-554.985	28.18485	1.69384	3.924285	0.3914812	0.29116	0.70884	1.354655
16068	-530.8219	-559.1542	28.33226	1.529976	5.388702	0.2123089	0.54016	0.45984	1.354655
16074	-529.8515	-557.0986	27.24712	1.073646	5.386543	0.1570105	0.472921	0.527079	2.523437
16080	-529.5467	-556.3316	26.78493	1.112036	4.734517	0.1570105	0.302485	0.697515	2.894578
16086	-532.5486	-557.8625	25.31396	1.112036	6.38279	0.451499	0.623919	0.376081	3.097538
16092	-537.1607	-564.6981	27.53744	2.683554	1.588179	1.761927	0.860683	0.139317	0.6701732
16098	-530.8309	-559.3152	28.48423	2.259226	1.588179	0.4900663	0.739569	0.260431	1.40832
16104	-529.7183	-554.8973	25.17899	1.267571	7.993	0.1853171	0.312948	0.687052	3.25081
16110	-523.5657	-549.6221	26.05635	1.229096	7.907125	0.1853171	0.799483	0.200517	2.757232
16116	-530.2219	-556.3289	26.107	1.087083	6.015281	0.1149314	0.751391	0.248609	3.204798
16122	-531.0536	-557.1567	26.10315	0.9634651	3.87848	0.1149314	0.639468	0.360532	3.637709
16128	-530.4992	-557.1664	26.6672	1.456071	3.87848	0.2406505	0.529818	0.470182	2.769191
16134	-522.6506	-549.1265	26.4759	1.178587	5.445707	0.2406505	0.0830736	0.916926	2.769191
16140	-535.3933	-563.8827	28.48938	2.44877	6.683952	0.03976451	0.690561	0.309439	0.5092236
16146	-530.8197	-559.3135	28.49385	2.44877	6.520331	0.03976451	0.303496	0.696504	0.6377728
16152	-534.1823	-560.9189	26.73666	2.367617	8.650017	0.05926936	0.533994	0.466006	1.820097
16158	-529.5632	-557.1723	27.60919	1.453448	7.60406	0.1241018	0.247185	0.752815	1.787393
16164	-528.7146	-554.4742	25.75951	1.206841	7.60406	0.1241018	0.0866399	0.91336	3.112942
16170	-524.2141	-552.6049	28.39076	1.666299	7.659319	0.1392485	0.419731	0.580269	0.9293268
16176	-525.1958	-551.6926	26.49685	1.39166	7.659319	0.07247048	0.669371	0.330629	2.682579
16182	-522.8674	-549.8504	26.98305	1.207938	7.659319	0.138033	0.532753	0.467247	2.322563
16188	-523.8644	-549.7808	25.91632	1.137792	7.659319	0.3123205	0.233373	0.766627	2.722645
16194	-524.4361	-551.9825	27.54634	1.558427	7.659319	0.1912874	0.627793	0.372207	1.585877
16200	-522.8492	-548.8575	26.00825	0.8488673	7.659319	0.1912874	0.555147	0.444853	3.034085
16206	-520.0342	-547.2702	27.23598	1.311571	7.659319	0.1526612	0.555147	0.444853	2.057666
16212	-522.8038	-548.9389	26.13516	1.240279	2.74602	0.4810475	0.188834	0.811166	3.183557
16218	-522.2113	-548.1587	25.94737	0.9471878	2.74602	0.3963375	0.248277	0.751723	3.556118
16224	-523.4585	-549.1414	25.68294	1.211616	2.74602	0.3963375	0.573954	0.426046	3.556118
16230	-522.7859	-548.3481	25.56214	1.49818	3.314339	0.1813735	0.213321	0.786679	3.625047
16236	-523.7427	-551.9236	28.18089	1.913885	3.314339	0.08538538	0.533939	0.466061	1.987863
16242	-528.7814	-555.303	26.52164	2.010835	7.700772	0.1867822	0.533939	0.466061	1.987863
16248	-526.2735	-552.1712	25.89766	1.549594	16.30783	0.624482	0.43815	0.56185	1.258825
16254	-538.386	-565.9932	27.60724	1.627038	3.400368	0.2786599	0.507199	0.492801	2.118104
16260	-527.408	-553.9886	26.58064	1.134318	3.911776	0.3882656	0.338208	0.661792	2.805901
16266	-518.4989	-545.6789	27.17994	1.163255	4.611638	0.1295533	0.652544	0.347456	2.705151
16272	-521.8816	-549.2143	27.33272	1.021791	4.611638	0.1982391	0.660095	0.339905	2.555755
16278	-522.9616	-548.0513	25.08972	1.114723	9.73783	0.1669296	0.542507	0.457493	3.248615
16284	-527.9134	-554.4088	26.49537	1.18858	4.33229	0.1145894	0.255954	0.744046	3.189073
16290	-526.2053	-552.8197	26.61449	1.049981	4.394424	0.1145894	0.621841	0.378159	3.189073
16296	-528.114	-553.7552	25.64126	1.675408	5.65606	0.518965	0.278548	0.721452	2.594035
16302	-525.0422	-552.8429	27.80073	1.9931	4.043555	0.2901678	0.241163	0.758837	1.554901
16308	-529.8412	-555.8823	26.04106	1.652324	8.56698	0.0851478	0.363271	0.636729	2.661591
16314	-538.6776	-562.6141	23.9365	1.576551	4.057764	0.1835396	0.281852	0.718148	4.352677
16320	-531.3703	-557.678	26.30768	1.261054	4.316883	0.2178149	0.596162	0.403838	3.054576
16326	-531.2242	-558.1108	26.88661	0.9060815	4.316883	0.1920091	0.596162	0.403838	2.9659
16332	-531.7831	-557.477	25.69393	1.515655	15.07857	0.2295766	0.423192	0.576808	2.071782
16338	-525.0314	-551.9044	26.87302	1.588724	6.559273	0.2295766	0.569685	0.430315	2.110068
16344	-522.3098	-548.7848	26.47503	1.32569	7.871428	0.2295766	0.539492	0.460508	2.360527
16350	-526.0352	-551.5905	25.55534	1.558995	7.051458	0.5047271	0.16203	0.83797	2.534029
16356	-522.0633	-549.1145	27.05117	0.9593194	6.902162	0.1381464	0.39429	0.60571	2.534029
16362	-526.1209	-551.1507	25.02986	1.873371	13.96591	0.1381464	0.108835	0.891165	2.534029
16368	-526.4496	-552.1914	25.74176	1.363063	5.089685	0.5832206	0.0340156	0.965984	2.755398
16374	-529.3734	-557.6351	28.26173	1.237173	3.868408	0.1730785	0.172493	0.827507	2.026257
16380	-533.1987	-559.8665	26.66774	1.891285	7.499598	0.29224	0.110898	0.889102	1.803374
16386	-533.5123	-559.2677	25.75544	1.464564	7.499598	0.5642302	0.0958361	0.904164	2.350553
16392	-529.2073	-555.8247	26.61735	1.507629	3.640908	0.3874925	0.0935799	0.90642	2.614029
16398	-531.025	-557.5015	26.47647	1.123341	3.640908	0.3874925	0.332934	0.667066	2.934423
16404	-535.8779	-564.6706	28.79272	2.109054	2.447005	0.3143884	0.313132	0.686868	1.141292
16410	-528.6007	-555.814	27.21327	1.961296	2.593145	0.6858669	0.250716	0.749284	1.911945
16416	-524.366	-552.5895	28.22349	1.850637	2.796938	0.09051	0.303224	0.696776	2.129709
16422	-526.9744	-554.6838	27.70938	1.473779	4.692887	0.4147118	0.297579	0.702421	1.659692
16428	-527.9626	-556.3617	28.39914	1.607112	4.692887	0.4147118	0.487005	0.512995	0.9895998
16434	-530.8142	-560.0426	29.22833	1.964844	2.416686	0.09216925	0.435251	0.564749	1.472563
16440	-538.3377	-564.0981	25.76034	1.608382	3.910164	0.2495788	0.11248	0.88752	3.201781
16446	-533.3521	-558.6771	25.32504	1.163313	3.342179	0.2495788	0.248625	0.751375	3.836021
16452	-531.788	-554.5679	22.77989	0.8729898	2.318035	0.4567571	0.0468455	0.953154	5.437841
16458	-530.2855	-557.5789	27.29338	1.410062	3.237105	0.4567571	0.228062	0.771938	2.265787
16464	-531.599	-558.7432	27.14425	1.521402	3.163258	0.4962716	0.384173	0.615827	2.265787
16470	-528.0238	-555.2371	27.21328	2.207951	3.639198	1.186074	0.429247	0.570753	0.960752
16476	-531.0259	-558.0664	27.04047	2.178644	3.027711	1.186074	0.0957624	0.904238	1.352299
16482	-529.9858	-556.0853	26.09946	2.352516	5.953118	1.416649	0.181948	0.818052	1.058605
16488	-529.5816	-557.4089	27.82737	2.574429	4.357321	0.1888779	0.307127	0.692873	1.212562
16494	-526.8667	-556.1468	29.28009	2.920214	2.290332	0.07175331	0.353813	0.646187	0.4149538
16500	-530.6073	-556.231	25.62366	1.548895	5.885505	0.1427398	0.235051	0.764949	3.173787
16506	-531.433	-557.585	26.152	1.096455	5.885505	0.1427398	0.617408	0.382592	3.12868
16512	-524.5652	-548.5322	23.96694	0.9108678	4.07929	0.2931416	0.429685	0.570315	4.539102
16518	-522.4537	-548.0975	25.64377	0.9591301	4.74302	0.1817962	0.42947	0.57053	3.610104
16524	-518.859	-545.3296	26.47064	0.9469619	6.596138	0.1969958	0.538673	0.461327	2.819923
16530	-524.8451	-551.2108	26.36572	1.418869	1.499102	0.2746408	0.600877	0.399123	3.606927
16536	-522.292	-549.8362	27.54418	1.762624	4.727276	0.29345	0.631529	0.368471	1.74538
16542	-527.492	-557.1111	29.61913	2.040942	1.510487	0.29345	0.47061	0.52939	1.001784
16548	-523.8168	-552.9536	29.13679	1.501052	1.510487	0.518314	0.609121	0.390879	1.49589
16554	-529.7119	-558.6158	28.9039	1.949295	2.430749	0.2264666	0.33382	0.66618	1.371304
16560	-534.4176	-562.8856	28.46803	3.587161	1.597677	0.2264666	0.580873	0.419127	0.6137585
16566	-535.3493	-564.9482	29.59888	2.736992	1.597677	0.1388617	0.666232	0.333768	0.6051841
16572	-537.5106	-564.9339	27.42325	1.980334	3.567343	1.116198	0.0780437	0.921956	1.06627
16578	-531.3595	-558.3858	27.0264	2.093274	2.258015	1.116198	0.438813	0.561187	1.741944
16584	-529.7101	-555.2209	25.5108	0.9470289	16.53141	0.1118175	0.560912	0.439088	2.69679
16590	-524.2504	-548.8968	24.64639	1.127748	11.19282	0.1093099	0.192932	0.807068	3.495708
16596	-522.9369	-547.8461	24.90915	0.8313986	7.653669	0.1093099	0.489986	0.510014	3.857517
16602	-522.4125	-548.9097	26.49722	1.580831	10.02046	0.1105027	0.528075	0.471925	2.197078
16608	-528.3153	-553.575	25.25974	0.7694632	16.32094	0.1105027	0.283322	0.716678	2.973496
16614	-529.2091	-553.0948	23.88565	0.5419001	9.54072	0.1105027	0.483942	0.516058	4.409114
16620	-532.4591	-560.862	28.40292	1.745996	3.650795	0.3320804	0.122974	0.877026	1.313582
16626	-538.3959	-565.265	26.86913	1.89436	3.405594	0.3320804	0.103766	0.896234	2.3409
16632	-540.2502	-567.0558	26.8056	1.698256	7.999555	0.2123487	0.46292	0.53708	1.916895
16638	-536.1181	-564.6119	28.4938	1.915118	4.082089	0.3921613	0.770131	0.229869	0.7972824
16644	-540.2257	-565.9628	25.73711	0.6896236	6.664775	0.08343191	0.48952	0.51048	3.645031
16650	-530.3015	-557.6907	27.3892	1.291239	7.963448	0.08343191	0.550048	0.449952	2.112142
16656	-529.4635	-552.6209	23.15734	1.170345	11.08424	0.08343191	0.033501	0.966499	4.397233
16662	-525.6156	-552.086	26.47047	1.184445	11.08424	0.1236926	0.391723	0.608277	2.332218
16668	-530.1078	-553.284	23.17617	0.4726059	9.386279	0.1236926	0.293966	0.706034	4.830786
16674	-525.28	-552.5641	27.28414	1.465268	2.507614	0.8598331	0.100708	0.899292	2.08234
16680	-526.7975	-555.9674	29.16996	1.475684	2.507614	0.3207019	0.210715	0.789285	1.319996
16686	-523.5751	-551.1078	27.53265	1.621448	4.575738	0.3207019	0.0906102	0.90939	1.839171
16692	-524.985	-552.8447	27.85973	1.425218	4.56839	0.2029728	0.0176069	0.982393	1.956353
16698	-529.8033	-554.5107	24.70743	1.820059	9.264934	0.02848897	0.209284	0.790716	3.448915
16704	-520.0246	-544.8131	24.78848	0.5912263	8.30006	0.116956	0.288327	0.711673	3.976116
16710	-529.9252	-557.3675	27.4423	1.284536	4.984772	0.06425395	0.744317	0.255683	2.575353
16716	-530.2758	-555.0407	24.76493	0.8043529	6.913707	0.06425395	0.744317	0.255683	4.157681
16722	-524.5915	-549.5174	24.9259	1.015243	5.956085	0.3311183	0.196732	0.803268	3.581027
16728	-526.0019	-552.2526	26.25071	0.9903782	4.042713	0.2599536	0.282558	0.717442	3.234924
16734	-522.0191	-549.7715	27.75241	1.593395	4.042713	0.7758391	0.382844	0.617156	1.28277
16740	-521.7736	-549.9308	28.15721	1.682652	4.874706	0.2037416	0.29299	0.70701	1.499869
16746	-519.2684	-547.5564	28.28798	1.76039	4.234223	0.2992918	0.38317	0.61683	1.293715
16752	-523.0763	-550.6784	27.60212	1.326213	5.55998	0.2059419	0.75539	0.24461	2.004508
16758	-519.8587	-546.3795	26.52087	0.9586531	6.234224	0.2059419	0.352348	0.647652	2.816337
16764	-519.9663	-545.7915	25.82512	1.040941	9.598999	0.1929484	0.36795	0.63205	2.816337
16770	-522.1486	-550.7909	28.64225	1.321409	2.829451	0.1045871	0.398766	0.601234	2.152916
16776	-524.1198	-549.2531	25.13334	0.7434728	5.182545	0.1045871	0.521446	0.478554	4.116206
16782	-522.558	-550.0279	27.46992	1.518761	4.268848	0.1045871	0.666789	0.333211	2.431593
16788	-523.8747	-550.3352	26.46052	1.429382	3.735122	0.4218587	0.666789	0.333211	2.697471
16794	-524.1984	-549.5602	25.36177	1.040216	3.735122	0.4469375	0.127383	0.872617	3.556854
16800	-525.9615	-553.4974	27.53591	2.63668	4.807975	0.4469375	0.0728805	0.927119	0.6495729
16806	-524.37	-551.5038	27.13379	2.124285	5.654142	0.8875506	0.196309	0.803691	0.7811765
16812	-526.2981	-553.8516	27.55356	2.869063	6.1929	0.1960702	0.567551	0.432449	0.4930353
16818	-526.8416	-555.731	28.88943	2.290516	3.139778	0.1960702	0.150568	0.849432	0.8555824
16824	-532.052	-559.6618	27.60978	1.932863	3.910216	0.5056234	0.529873	0.470127	1.460771
16830	-531.6694	-559.4065	27.73714	2.370667	4.771836	0.5056234	0.180226	0.819774	0.4256862
16836	-529.6555	-557.4049	27.74939	2.370667	4.771836	0.5056234	0.553914	0.446086	0.5038262
16842	-528.4218	-555.9847	27.56284	2.554846	4.771836	0.5056234	0.0628211	0.937179	0.5354462
16848	-523.6915	-551.4448	27.75335	2.04653	6.463994	0.3434569	0.300028	0.699972	0.8730329
16854	-520.791	-547.5928	26.80179	1.80535	15.67579	0.1155104	0.712853	0.287147	1.291701
16860	-521.6528	-548.1723	26.51949	1.264664	4.609932	0.1155104	0.453869	0.546131	3.076476
16866	-528.2849	-553.77	25.48516	1.000975	4.609932	0.2550198	0.0395285	0.960471	3.579718
16872	-532.7142	-560.2885	27.57429	1.74853	3.360146	0.1339609	0.259446	0.740554	2.349043
16878	-528.8209	-557.6935	28.87255	1.39815	2.459433	0.1339609	0.600104	0.399896	1.989176
16884	-543.2929	-569.034	25.7411	1.742029	8.433084	0.4849407	0.299755	0.700245	2.148418
16890	-527.0716	-552.9067	25.83516	0.9796425	10.29882	0.1740818	0.199911	0.800089	2.816176
16896	-535.0515	-561.1613	26.10984	0.659427	11.49532	0.2234933	0.623893	0.376107	2.645751
16902	-531.572	-555.3196	23.74762	1.070359	2.295577	0.5303044	0.432877	0.567123	4.730034
16908	-541.6508	-568.2554	26.60465	0.8732765	2.295577	0.5303044	0.526107	0.473893	3.205535
16914	-535.0443	-562.771	27.7267	1.848402	11.48374	0.07531836	0.734143	0.265857	1.045672
16920	-533.7329	-561.8664	28.13357	1.576827	3.155447	0.2092111	0.271752	0.728248	1.989625
16926	-529.7145	-558.0453	28.33078	2.088306	3.155447	0.3112582	0.271752	0.728248	1.286424
16932	-532.0769	-557.4636	25.38673	2.015877	5.486958	1.076994	0.469367	0.530633	2.137461
16938	-529.11	-557.3139	28.20394	1.600974	2.321914	0.6555715	0.405733	0.594267	1.593714
16944	-530.5677	-558.17	27.60231	1.913668	3.109218	0.7463492	0.336108	0.663892	1.449723
16950	-531.1186	-553.6251	22.50647	0.6214843	8.566391	0.0812179	0.62767	0.37233	5.297447
16956	-535.9086	-558.23	22.32138	0.9542386	6.44498	0.0812179	0.577464	0.422536	5.451559
16962	-528.8123	-556.2002	27.38784	1.975608	4.068033	0.5619144	0.527802	0.472198	1.488748
16968	-525.7467	-553.4973	27.75053	1.975608	2.84617	0.8857324	0.266566	0.733434	1.242633
16974	-529.5841	-558.3485	28.76435	2.314877	2.84617	0.1741761	0.356692	0.643308	1.150966
16980	-530.233	-558.9722	28.73912	2.15434	2.84617	0.173051	0.297798	0.702202	1.310619
16986	-524.6622	-551.3233	26.66114	2.500519	2.84617	0.646742	0.142924	0.857076	1.877513
16992	-525.3176	-552.5423	27.22469	1.826829	2.84617	0.1371533	0.214851	0.785149	2.644466
16998	-527.8692	-555.8147	27.94547	2.078726	2.16644	0.6134665	0.190376	0.809624	1.537026
17004	-529.0017	-554.9704	25.96879	0.9445951	7.08916	0.170408	0.47009	0.52991	3.109239
17010	-522.77	-549.4582	26.68821	0.6398807	5.409231	0.170408	0.256792	0.743208	3.096747
17016	-521.7994	-547.074	25.27451	0.6564033	5.409231	0.170408	0.3022	0.6978	3.912205
17022	-525.8652	-551.6941	25.82884	0.8532621	4.477195	0.4675308	0.0659439	0.934056	3.227605
17028	-528.5479	-555.8276	27.27966	1.406922	4.615312	0.116017	0.204919	0.795081	2.524594
17034	-525.3092	-551.136	25.82678	1.331512	9.054442	0.116017	0.345308	0.654692	2.856319
17040	-531.3142	-558.777	27.46278	0.5486385	4.517906	0.1735796	0.678448	0.321552	2.831064
17046	-526.2991	-553.3199	27.02079	0.959867	4.61977	0.1735796	0.471183	0.528817	2.831064
17052	-533.3619	-563.6496	30.28766	1.848335	1.056778	0.1636266	0.663764	0.336236	1.241249
17058	-537.1913	-566.1056	28.91438	2.014405	1.878293	0.1636266	0.653858	0.346142	1.685661
17064	-527.5286	-554.9339	27.40539	1.443268	6.49439	0.09581342	0.7767	0.2233	2.165286
17070	-527.7837	-551.835	24.05136	0.6865539	3.944292	0.1492635	0.308986	0.691014	4.872647
17076	-522.867	-549.5109	26.64383	0.9516479	4.40006	0.1343446	0.308986	0.691014	3.183832
17082	-524.0816	-550.5306	26.44901	0.9516479	4.40006	0.1923248	0.381679	0.618321	3.183832
17088	-524.3353	-551.3142	26.97887	1.047041	4.40006	0.2657776	0.405749	0.594251	2.684243
17094	-531.6356	-558.0436	26.40796	1.378629	4.992365	0.2833808	0.632204	0.367796	2.697051
17100	-533.6442	-559.1767	25.53252	1.362678	2.228815	0.07691146	0.177153	0.822847	4.232994
17106	-529.5983	-557.5689	27.97055	2.253877	4.249895	0.281281	0.177153	0.822847	1.177573
17112	-532.6744	-559.8333	27.15892	2.192124	9.476222	0.2339351	0.599951	0.400049	1.014256
17118	-533.3377	-560.7705	27.43277	1.987545	4.100954	0.2339351	0.707403	0.292597	1.905218
17124	-528.7006	-554.858	26.15742	1.328904	6.165984	0.451535	0.228513	0.771487	2.481723
17130	-527.1831	-552.8748	25.69166	0.8143496	4.252609	0.4034735	0.337677	0.662323	3.441218
17136	-535.2922	-561.6881	26.39584	2.559524	4.252609	0.6129264	0.385208	0.614792	1.687779
17142	-533.1803	-559.6471	26.46676	1.978434	6.824703	0.201227	0.428398	0.571602	2.13569
17148	-528.9295	-555.6453	26.71588	1.316367	3.532665	0.2036769	0.428398	0.571602	2.96236
17154	-531.5367	-559.3328	27.79614	1.858312	7.605386	0.2036769	0.428398	0.571602	1.126863
17160	-532.18	-559.2771	27.09715	1.82513	4.234721	1.09608	0.260407	0.739593	1.300799
17166	-536.8665	-562.8371	25.97062	2.27697	7.213207	1.09608	0.402396	0.597604	1.230081
17172	-527.3425	-553.9236	26.58106	1.684474	5.659912	0.07339884	0.401424	0.598576	2.721615
17178	-528.9056	-555.6436	26.73798	1.038446	5.659912	0.07295084	0.703013	0.296987	3.019095
17184	-531.7115	-555.6248	23.91335	0.3345904	8.098112	0.1239807	0.703013	0.296987	4.622365
17190	-530.9933	-558.3318	27.33849	1.986929	8.29373	0.1465198	0.331769	0.668231	1.440938
17196	-536.2312	-560.6773	24.44615	1.406595	8.689173	0.835735	0.698001	0.301999	2.838474
17202	-525.3482	-552.733	27.38487	1.28063	5.634689	0.3424565	0.182535	0.817465	1.940044
17208	-527.9152	-553.8293	25.91406	1.371287	1.689953	0.3424565	0.478276	0.521724	3.728508
17214	-526.3248	-552.8012	26.47636	1.416077	2.252528	0.1601627	0.12541	0.87459	3.462331
17220	-526.6806	-552.6929	26.01228	1.643219	2.388866	0.5605834	0.259346	0.740654	3.04303
17226	-530.6393	-556.7775	26.13825	1.169098	3.262752	0.5325013	0.242016	0.757984	3.04303
17232	-534.4576	-560.7477	26.29015	2.329513	2.060145	0.6629281	0.582853	0.417147	2.472414
17238	-528.3816	-556.2302	27.84855	1.46233	5.043632	0.3596753	0.0255881	0.974412	1.572958
17244	-528.7982	-556.8308	28.03259	1.337682	3.620272	0.2307605	0.284097	0.715903	2.056026
17250	-529.6084	-556.3573	26.74889	1.540227	3.124242	1.077776	0.24888	0.75112	2.056026
17256	-530.9231	-558.6317	27.70869	0.9832368	5.254562	0.1693082	0.411156	0.588844	2.285268
17262	-525.6151	-550.7824	25.16725	0.9165025	5.640319	0.1754063	0.569867	0.430133	3.780732
17268	-529.8407	-554.6791	24.8384	1.469035	18.94124	0.1754063	0.639072	0.360928	2.503375
17274	-524.0072	-552.2826	28.27544	1.478227	3.790555	0.09740646	0.706551	0.293449	2.061912
17280	-530.4377	-558.6747	28.237	1.559159	3.032267	0.244576	0.468582	0.531418	1.90021
17286	-526.4837	-555.0627	28.57901	1.496417	3.032267	0.174018	0.468582	0.531418	1.850297
17292	-529.4828	-556.1056	26.6228	2.604896	5.31538	0.792342	0.280196	0.719804	1.035612
17298	-536.1278	-562.2826	26.1548	2.714295	5.31538	1.141957	0.217696	0.782304	1.033355
17304	-531.0756	-555.2592	24.18361	1.795556	27.01027	0.2743377	0.0118738	0.988126	2.132809
17310	-529.0264	-556.2231	27.19668	1.398294	14.32808	0.07960725	0.867531	0.132469	1.537181
17316	-539.0194	-564.5277	25.50832	1.951496	14.32808	0.02668315	0.545976	0.454024	2.467464
17322	-538.3012	-562.1357	23.83451	1.556173	3.159623	1.210958	0.332884	0.667116	3.736493
17328	-533.4647	-559.6822	26.21753	1.033984	3.579921	0.3944094	0.686861	0.313139	3.148105
17334	-529.4465	-556.2002	26.75375	1.799683	10.9849	0.03562512	0.706804	0.293196	2.01821
17340	-537.4552	-565.7567	28.30152	1.749819	5.793051	0.1985782	0.296781	0.703219	1.144103
17346	-532.0745	-559.5435	27.46902	1.536401	10.10303	0.1985782	0.281327	0.718673	1.318421
17352	-526.8414	-554.3968	27.55537	1.398991	6.305978	0.07363827	0.588972	0.411028	2.189714
17358	-528.2794	-554.5571	26.27773	1.336237	13.48163	0.1358008	0.636111	0.363889	2.123889
17364	-519.1802	-546.8678	27.68758	1.022708	4.505073	0.1999954	0.283187	0.716813	2.349231
17370	-524.3137	-550.3272	26.01352	1.521687	5.50915	0.04639889	0.286048	0.713952	3.263266
17376	-529.1809	-556.1857	27.00477	1.034846	8.808053	0.1512521	0.411173	0.588827	2.252715
17382	-533.5018	-554.4669	20.96511	0.7576052	5.043855	0.1603331	0.244374	0.755626	6.322491
17388	-531.1543	-554.6162	23.4619	0.7804643	5.043855	0.104476	0.28278	0.71722	5.055537
17394	-528.7994	-555.6735	26.87404	1.558525	7.14273	0.1512477	0.463914	0.536086	2.204451
17400	-524.3443	-549.0048	24.66053	1.072375	5.249032	0.2973243	0.195022	0.804978	3.849958
17406	-526.3242	-551.3684	25.04424	1.019988	5.249032	0.2127716	0.0531599	0.94684	3.785411
17412	-533.6188	-559.9865	26.36767	0.9476344	4.569694	0.2127716	0.322332	0.677668	3.167609
17418	-524.0363	-550.3232	26.28686	0.963782	10.39092	0.2127716	0.0200014	0.979999	2.465755
17424	-529.049	-555.6246	26.57562	1.177842	9.130981	0.1126341	0.687555	0.312445	2.490445
17430	-531.3736	-556.0192	24.64565	0.7039243	7.241674	0.1948824	0.481469	0.518531	3.957312
17436	-530.1809	-555.1127	24.93176	0.8117132	6.135626	0.1490368	0.472467	0.527533	3.957312
17442	-526.6826	-551.5831	24.9005	0.6613296	6.135626	0.1315297	0.613367	0.386633	4.097285
17448	-529.3475	-553.7219	24.37435	0.6624714	8.712311	0.1315297	0.600578	0.399422	4.097285
17454	-539.165	-564.4365	25.27156	0.9136997	3.703832	0.190896	0.319486	0.680514	4.027407
17460	-532.2291	-560.7538	28.52469	1.874281	3.882515	0.1974123	0.430109	0.569891	1.322408
17466	-525.2449	-550.9484	25.70346	1.193102	6.184524	0.1985671	0.437696	0.562304	3.186308
17472	-529.3216	-555.8394	26.51788	1.710375	14.10716	0.05506173	0.0538415	0.946158	1.898145
17478	-526.406	-553.4653	27.05931	2.139256	7.266118	0.5554064	0.279082	0.720918	0.9259107
17484	-521.0844	-547.5161	26.43172	2.139256	15.68839	0.3309954	0.699955	0.300045	0.6671238
17490	-520.1461	-546.4294	26.28332	2.068131	15.68839	0.3473708	0.329242	0.670758	0.9199381
17496	-522.0863	-547.4109	25.32457	1.023742	9.341353	0.130497	0.0500264	0.949974	3.277889
17502	-534.0766	-553.5541	19.47752	4.473189	4.751885	43.37102	0.0884052	0.911595	0.5525796
17508	-537.4252	-557.1984	19.77315	4.473189	3.828402	43.37102	0.0884052	0.911595	0.5460504
17514	-539.0234	-556.716	17.6926	4.473189	12.91255	49.69099	0.236407	0.763593	0.5719931
17520	-529.2213	-554.4454	25.22406	1.171695	12.79073	0.06070737	0.51717	0.48283	3.131473
17526	-536.3411	-562.49	26.14894	1.632574	6.653221	0.06070737	0.664307	0.335693	2.910313
17532	-528.7627	-558.2353	29.47261	2.54634	2.719907	0.06116287	0.110386	0.889614	0.6504061
17538	-528.4803	-556.8152	28.33484	2.260826	4.928643	0.06116287	0.439088	0.560912	1.323651
17544	-523.0342	-548.1418	25.10766	1.18063	11.66422	0.1206631	0.342221	0.657779	3.127049
17550	-525.5678	-550.2087	24.64089	0.8599703	9.785939	0.1052874	0.409898	0.590102	3.787277
17556	-529.374	-552.8455	23.47151	0.9858733	19.03278	0.1052874	0.601784	0.398216	3.754778
17562	-529.0425	-555.1893	26.14686	1.260952	5.781577	0.1369941	0.318	0.682	3.061413
17568	-525.2434	-551.1503	25.90695	1.289085	9.495306	0.233384	0.35356	0.64644	2.552374
17574	-532.629	-558.9244	26.29537	2.18812	12.01999	0.2900208	0.163219	0.836781	1.318693
17580	-528.5099	-554.866	26.35611	2.200908	3.661551	1.423534	0.412313	0.587687	1.521424
17586	-521.9756	-550.0403	28.06473	2.01589	5.909949	0.232264	0.393993	0.606007	0.9990701
17592	-524.2835	-551.0083	26.72486	1.972475	10.15999	0.232264	0.619822	0.380178	1.476395
17598	-526.9436	-554.4264	27.48283	2.327249	6.029207	0.3133458	0.208069	0.791931	1.038619
17604	-528.7817	-552.6686	23.88687	0.7476757	2.980647	0.1365676	0.452862	0.547138	5.158899
17610	-528.3787	-551.0854	22.70671	0.5786175	5.986821	0.1365676	0.466868	0.533132	5.380191
17616	-527.4224	-551.4898	24.06745	0.6994013	5.770749	0.1899754	0.2737	0.7263	4.485285
17622	-527.5424	-551.6223	24.07987	0.9643332	5.770749	0.1111965	0.104732	0.895268	4.485285
17628	-532.6481	-556.353	23.70495	0.5631259	5.770749	0.1111965	0.495859	0.504141	4.919554
17634	-535.5894	-560.5871	24.99775	0.8493518	2.821859	0.2574841	0.183114	0.816886	4.313398
17640	-530.467	-559.6807	29.21371	2.058936	3.133331	0.2179382	0.665746	0.334254	0.6063843
17646	-531.798	-559.3186	27.5206	1.996876	3.133331	0.1797393	0.300816	0.699184	2.181406
17652	-531.1621	-555.8368	24.67473	1.849998	2.524956	2.137424	0.315706	0.684294	2.858979
17658	-528.8279	-553.1558	24.32787	1.942249	3.091929	2.137424	0.0840311	0.915969	2.858979
17664	-531.6463	-557.696	26.0497	0.6012937	2.979219	0.3619087	0.248046	0.751954	3.677651
17670	-532.7293	-557.6085	24.87924	1.371229	6.312502	0.5880687	0.221712	0.778288	3.080384
17676	-525.6943	-553.5616	27.86723	1.534753	6.312502	0.1067349	0.221712	0.778288	1.791663
17682	-527.9786	-555.5805	27.60186	1.339276	4.014367	0.3404266	0.305318	0.694682	2.07322
17688	-520.9761	-547.5121	26.53602	1.266495	5.589858	0.4352058	0.380108	0.619892	2.390279
17694	-526.6863	-551.335	24.64873	1.791325	3.232489	1.330572	0.0662844	0.933716	3.044837
17700	-526.9978	-551.9379	24.94014	1.527424	6.595983	0.9627164	0.262739	0.737261	2.632061
17706	-525.6333	-551.5492	25.91587	1.723022	2.795205	0.9627164	0.307286	0.692714	2.632061
17712	-521.2362	-549.1112	27.87497	1.456746	2.795205	0.2488585	0.376847	0.623153	2.2665
17718	-517.7081	-545.6785	27.97033	1.406467	4.669739	0.2171718	0.513047	0.486953	1.845466
17724	-521.9794	-548.2932	26.31377	1.557368	4.148204	0.3904638	0.383842	0.616158	2.659256
17730	-532.6354	-557.542	24.90661	1.082536	10.36724	0.1793311	0.581203	0.418797	3.29365
17736	-535.1238	-560.9098	25.78598	1.364235	5.828204	0.2614456	0.447279	0.552721	2.982752
17742	-533.6031	-560.003	26.39986	2.762008	1.517615	4.046657	0.492052	0.507948	0.7883277
17748	-535.7924	-562.1695	26.37715	2.762008	1.517615	4.115222	0.541368	0.458632	0.7883277
17754	-528.5196	-557.0786	28.55894	2.022464	2.772936	0.1545366	0.46951	0.53049	1.619969
17760	-525.8428	-555.4382	29.59533	2.022464	2.354984	0.225868	0.492571	0.507429	0.5714583
17766	-528.1765	-557.4751	29.29852	2.328648	2.354984	0.2168281	0.280837	0.719163	0.6213178
17772	-526.6629	-555.8091	29.14621	2.328648	2.213302	0.3126554	0.228712	0.771288	0.5729048
17778	-524.4274	-553.8068	29.37942	2.0838	2.48535	0.2274478	0.822688	0.177312	0.7488106
17784	-524.8873	-554.9047	30.0174	2.0838	1.632129	0.1401808	0.77957	0.22043	0.9147189
17790	-526.9102	-554.797	27.88682	2.012036	3.022578	0.3190862	0.737982	0.262018	1.706598
17796	-524.9045	-553.0306	28.12604	2.213622	1.406573	0.138358	0.737982	0.262018	2.353395
17802	-527.4328	-556.1226	28.68983	1.731806	1.871637	0.09269099	0.670199	0.329801	2.212694
17808	-528.6472	-555.6882	27.04104	1.27585	3.511638	0.5146353	0.855015	0.144985	2.382184
17814	-522.9366	-551.0656	28.12901	1.524305	2.04716	0.515476	0.331473	0.668527	1.949378
17820	-527.0925	-554.4394	27.34689	1.338123	3.928777	0.515476	0.222421	0.777579	2.047111
17826	-526.5355	-551.7285	25.19306	2.474604	3.928777	1.274982	0.100036	0.899964	2.151652
17832	-541.4544	-567.9064	26.452	1.360364	10.6947	0.3087873	0.344745	0.655255	1.91198
17838	-532.2652	-558.8086	26.54343	1.772433	10.6947	0.07628526	0.407872	0.592128	2.071937
17844	-541.2898	-566.4501	25.16034	1.937287	3.359781	1.024473	0.161787	0.838213	2.781536
17850	-528.8629	-555.4404	26.57754	1.287532	3.420602	0.1515212	0.524001	0.475999	3.18727
17856	-529.7154	-556.6495	26.93418	0.9308988	3.420602	0.1515212	0.362403	0.637597	3.18727
17862	-527.9614	-552.5268	24.56543	0.6602859	2.398371	0.1515212	0.534898	0.465102	4.951418
17868	-530.2214	-553.6146	23.3932	0.812618	5.207093	0.1515212	0.529317	0.470683	4.951418
17874	-527.6092	-555.6982	28.08897	1.766033	2.652865	0.223799	0.476698	0.523302	2.011857
17880	-528.5397	-555.5098	26.97013	1.483688	2.653185	0.5510277	0.212841	0.787159	2.485414
17886	-525.8931	-553.504	27.61086	1.677545	2.653185	0.5510277	0.01363	0.98637	1.945716
17892	-533.8967	-559.8605	25.96381	2.15948	2.653185	2.804141	0.0779681	0.922032	1.560025
17898	-543.628	-565.6676	22.03963	2.789619	3.046581	3.642707	0.00907474	0.990925	3.330211
17904	-527.0469	-552.5809	25.53408	0.5747393	4.39418	0.1729008	0.479662	0.520338	3.971823
17910	-525.1764	-551.983	26.80657	0.6980297	4.39418	0.1729008	0.690593	0.309407	3.159533
17916	-526.222	-553.3353	27.11331	0.7351824	4.39418	0.1729008	0.383504	0.616496	2.95394
17922	-525.6048	-549.8228	24.21803	2.25525	5.975619	1.673901	0.0722789	0.927721	2.351936
17928	-521.937	-548.9047	26.96772	2.157812	3.030375	1.673901	0.25904	0.74096	1.115057
17934	-522.0947	-545.2335	23.13882	0.4982821	6.279041	0.1150033	0.352765	0.647235	5.193312
17940	-524.6621	-551.473	26.81089	0.7446559	4.400051	0.1150033	0.190278	0.809722	3.251529
17946	-526.438	-548.9607	22.52275	0.7339846	15.16236	0.05152923	0.475667	0.524333	4.795943
17952	-533.2666	-559.4409	26.17427	1.317764	7.906997	0.9233475	0.217099	0.782901	1.820668
17958	-529.077	-555.0886	26.01169	1.480607	6.384745	0.9233475	0.134977	0.865023	2.035677
17964	-522.6423	-549.2123	26.57005	1.614754	5.557314	0.6789316	0.179547	0.820453	1.900091
17970	-521.6278	-546.6454	25.01764	0.9692044	5.557314	0.3675447	0.153005	0.846995	3.567672
17976	-520.0381	-544.8132	24.77507	0.7251626	5.557314	0.2696317	0.0570617	0.942938	3.97519
17982	-525.5271	-551.1085	25.5814	1.062359	5.557314	0.1085267	0.3291	0.6709	3.609317
17988	-521.0503	-547.0432	25.99281	0.7910205	4.487422	0.1507669	0.431762	0.568238	3.609317
17994	-526.4409	-552.0651	25.62421	0.7051019	7.381128	0.1507669	0.350886	0.649114	3.457384
18000	-526.8373	-553.2811	26.44385	1.313548	3.899014	0.1507669	0.409301	0.590699	3.149877
18006	-526.4545	-553.5382	27.08369	1.500972	4.739291	0.4282432	0.477133	0.522867	2.043552
18012	-523.3839	-547.6044	24.22051	1.126582	4.739291	0.1865215	0.477133	0.522867	4.32103
18018	-517.3462	-543.1351	25.78894	0.5897474	4.739291	0.1865215	0.265121	0.734879	3.731953
18024	-523.3029	-551.6444	28.34151	1.262202	4.739291	0.1865215	0.265121	0.734879	1.737078
18030	-527.0058	-555.0203	28.01445	1.498393	5.140687	0.293012	0.543933	0.456067	1.512705
18036	-527.6115	-555.8791	28.26765	1.619569	4.248437	0.293012	0.558547	0.441453	1.429179
18042	-531.6698	-559.567	27.89715	1.517859	4.248437	0.5202202	0.406204	0.593796	1.454548
18048	-534.696	-562.2423	27.54632	1.740895	4.248437	0.5202202	0.102335	0.897665	1.550329
18054	-530.9057	-558.9552	28.04949	2.166412	2.803806	0.6562053	0.21324	0.78676	1.074142
18060	-526.7468	-552.4672	25.72042	1.319022	4.079053	0.7332923	0.0173242	0.982676	2.856393
18066	-524.3357	-550.0012	25.66548	1.171213	7.07169	0.1412218	0.516163	0.483837	3.216561
18072	-522.0496	-546.7789	24.72927	1.167531	11.603	0.1930751	0.142581	0.857419	3.216561
18078	-529.6687	-553.9134	24.24469	1.286878	32.96716	0.3257287	0.148176	0.851824	2.106137
18084	-527.5692	-551.6844	24.11519	0.9665404	8.641583	0.3739487	0.365989	0.634011	3.705063
18090	-544.5035	-565.8913	21.38783	2.810504	65.59327	0.5363578	0.740903	0.259097	1.834592
18096	-528.5403	-555.065	26.52463	1.663004	9.568495	0.6031599	0.379673	0.620327	1.387372
18102	-524.0206	-549.031	25.01035	1.387335	7.796113	0.2919178	0.217084	0.782916	3.131033
18108	-521.1709	-548.3462	27.1753	1.387335	7.796113	0.1250196	0.349155	0.650845	2.096567
18114	-525.9944	-553.5652	27.57083	1.32722	8.041849	0.1250196	0.578324	0.421676	1.840062
18120	-522.6945	-550.4898	27.79528	1.390371	3.915324	0.09309815	0.650268	0.349732	2.412001
18126	-521.9092	-547.4516	25.54246	1.175524	11.418	0.1722481	0.475953	0.524047	2.778508
18132	-523.1788	-549.6146	26.43581	1.347067	11.418	0.1722481	0.517033	0.482967	2.107961
18138	-520.8565	-547.647	26.79055	1.056249	2.62165	0.2905925	0.335525	0.664475	3.163669
18144	-527.0291	-553.49	26.46089	0.7759317	2.62165	0.2905925	0.298657	0.701343	3.522361
18150	-537.8547	-565.7399	27.88523	2.199375	2.137927	1.000919	0.353956	0.646044	1.13188
18156	-534.8155	-562.6582	27.8427	2.242266	2.044828	1.173249	0.617586	0.382414	1.029767
18162	-529.5334	-557.1143	27.58091	1.549677	3.829669	0.2659413	0.248545	0.751455	2.103803
18168	-528.2816	-554.7231	26.44153	1.368001	3.180526	0.2659413	0.4444	0.5556	3.076183
18174	-533.4953	-562.6122	29.11687	2.376989	1.620945	0.1555069	0.621481	0.378519	1.412385
18180	-524.9711	-552.0535	27.08232	2.451948	15.73371	0.03317218	0.401778	0.598222	0.3250005
18186	-527.6218	-554.7412	27.11946	2.293879	16.72973	0.04588363	0.545725	0.454275	0.3771902
18192	-535.0695	-560.6838	25.61434	1.426775	5.733113	0.5577932	0.0643343	0.935666	2.714272
18198	-529.2075	-555.8728	26.66521	1.204963	5.873787	0.1632564	0.286985	0.713015	2.71225
18204	-531.9488	-558.4722	26.52339	1.243242	4.231056	0.1632564	0.317605	0.682395	3.05311
18210	-529.1594	-557.4605	28.30104	3.172921	4.101839	0.02422422	0.525825	0.474175	0.9087911
18216	-531.7674	-560.5866	28.81919	1.964711	4.011894	0.0738814	0.525825	0.474175	1.349953
18222	-526.0681	-553.4259	27.35781	1.800815	9.581454	0.0738814	0.525825	0.474175	1.619905
18228	-531.6569	-559.7738	28.1169	1.827524	4.598101	0.1311239	0.270388	0.729612	1.659205
18234	-525.415	-549.831	24.41598	0.8587464	3.099344	0.3467243	0.517847	0.482153	4.451926
18240	-525.1296	-551.3476	26.218	0.8980464	4.145173	0.3467243	0.561147	0.438853	3.169635
18246	-530.1596	-558.3672	28.20761	1.132727	2.296311	0.3131843	0.468607	0.531393	2.315816
18252	-533.1075	-560.7197	27.61227	1.037803	2.296311	0.3131843	0.704278	0.295722	2.746164
18258	-535.5307	-562.9135	27.38286	1.100842	2.630415	0.3131843	0.49251	0.50749	2.746164
18264	-546.0278	-573.1723	27.14447	2.182148	4.245954	0.30142	0.327688	0.672312	1.821224
18270	-532.2761	-559.2756	26.9995	1.220328	6.983853	0.4546338	0.0501986	0.949801	1.882478
18276	-521.8047	-547.8963	26.09158	1.33856	4.803782	0.4546338	0.329971	0.670029	2.732984
18282	-521.1758	-548.8587	27.68293	1.259113	2.868985	0.630481	0.294275	0.705725	2.033487
18288	-520.1976	-548.099	27.90144	1.248844	3.702138	0.1825343	0.65961	0.34039	2.271958
18294	-521.5199	-548.4603	26.94045	1.33246	6.28576	0.2498256	0.449855	0.550145	2.237937
18300	-528.0789	-554.4782	26.39939	1.246186	6.396718	0.1466796	0.526065	0.473935	2.808585
18306	-521.6633	-548.0733	26.41002	1.227159	6.396718	0.2020254	0.366412	0.633588	2.704183
18312	-521.7765	-546.2308	24.45436	1.198318	7.846336	0.1273781	0.0952067	0.904793	3.845471
18318	-521.3621	-548.0976	26.73551	1.321566	2.810496	0.3537851	0.0530563	0.946944	2.901394
18324	-524.8428	-550.3049	25.46205	1.063234	3.755238	0.3537851	0.277241	0.722759	3.585579
18330	-532.2902	-560.3699	28.07974	1.618638	3.755238	0.203595	0.218708	0.781292	1.854918
18336	-524.3663	-552.5957	28.22938	1.480722	3.900074	0.1133598	0.270398	0.729602	2.021684
18342	-535.3537	-558.8926	23.53882	0.7086073	3.160701	0.2006409	0.729562	0.270438	5.214402
18348	-523.3837	-549.4042	26.02047	0.8272446	8.966453	0.2006409	0.404515	0.595485	2.877762
18354	-525.2275	-550.8856	25.65811	0.8857601	10.2604	0.2006409	0.215286	0.784714	2.93384
18360	-520.5378	-546.9416	26.40378	0.876929	6.321876	0.2006409	0.306528	0.693472	2.93384
18366	-520.8543	-546.6137	25.75933	0.9987218	6.321876	0.3095286	0.419649	0.580351	3.077623
18372	-526.2519	-553.4844	27.23252	1.218942	4.179939	0.2753091	0.540292	0.459708	2.448688
18378	-524.4918	-551.668	27.17619	1.417156	5.504693	0.4134851	0.237688	0.762312	1.915126
18384	-526.028	-553.4813	27.45327	1.131293	5.504693	0.179297	0.4814	0.5186	2.29104
18390	-524.709	-550.8498	26.14079	1.545376	4.423098	0.06986601	0.684767	0.315233	3.286989
18396	-527.8149	-552.7898	24.97496	1.158756	8.535296	0.2224245	0.472235	0.527765	3.311444
18402	-532.9863	-561.1934	28.20703	2.123427	5.527131	0.1076797	0.657306	0.342694	1.235628
18408	-533.6033	-561.8278	28.22453	2.087696	8.211748	0.1076797	0.466848	0.533152	0.5051877
18414	-530.0704	-555.7878	25.71746	1.786192	11.87517	0.5742685	0.358275	0.641725	1.672115
18420	-536.9311	-564.424	27.4929	2.095872	2.956531	0.2725695	0.281114	0.718886	2.013009
18426	-544.2551	-569.3205	25.06536	2.620382	4.0348	0.9974311	0.28291	0.71709	2.280138
18432	-531.5397	-557.9444	26.40475	0.7860188	3.294358	0.4864965	0.154483	0.845517	3.149873
18438	-528.7152	-554.8584	26.14319	1.177273	3.294358	0.3175313	0.256719	0.743281	3.266769
18444	-540.999	-565.2298	24.2308	2.104463	11.21297	2.864455	0.294816	0.705184	1.337323
18450	-538.9002	-565.501	26.60072	2.114485	2.307084	0.4803774	0.3872	0.6128	2.500707
18456	-529.8929	-558.0889	28.19603	1.616808	2.307084	0.4803774	0.306165	0.693835	1.782662
18462	-530.1198	-557.5357	27.41593	1.589626	2.142567	0.739691	0.517483	0.482517	2.132316
18468	-532.4988	-558.9015	26.40269	2.278723	4.669309	0.739691	0.139501	0.860499	1.670799
18474	-538.2747	-563.1235	24.8488	0.9351649	13.61032	0.1895101	0.548422	0.451578	3.135402
18480	-535.9071	-562.0407	26.13353	1.184742	5.048222	0.2773844	0.743951	0.256049	2.980697
18486	-532.1451	-558.2367	26.0916	0.974886	6.750856	0.1475674	0.467056	0.532944	3.107507
18492	-541.1164	-566.9257	25.80933	1.025689	2.1391	0.8605289	0.0459317	0.954068	3.377059
18498	-532.3927	-559.5785	27.18577	1.679567	2.787318	0.1691733	0.537446	0.462554	2.706801
18504	-530.3538	-556.3448	25.99096	0.8401799	8.014275	0.324076	0.515549	0.484451	2.800787
18510	-527.7972	-554.2192	26.42193	0.9659767	8.014275	0.1286946	0.627239	0.372761	2.800787
18516	-532.4668	-558.6685	26.20171	1.27683	19.18535	0.1457028	0.647022	0.352978	1.78894
18522	-523.004	-551.8193	28.8153	2.652034	2.969184	0.1528986	0.318581	0.681419	0.3102628
18528	-528.6422	-557.6939	29.05177	2.374666	2.969184	0.1528986	0.445816	0.554184	0.8113637
18534	-529.4596	-558.6546	29.19494	2.707722	2.434031	0.109679	0.467905	0.532095	0.3327566
18540	-524.1944	-552.6485	28.45407	2.569297	2.434031	0.472068	0.342474	0.657526	0.6388307
18546	-524.9312	-550.7788	25.84759	3.238539	2.434031	3.062687	0.1451	0.8549	0.5876329
18552	-523.6653	-549.5034	25.83809	3.04309	2.885281	3.062687	0.305093	0.694907	0.442317
18558	-532.2821	-558.4828	26.20071	2.875375	6.76643	0.5598626	0.548422	0.451578	0.160516
18564	-531.3845	-555.6483	24.26386	1.030907	5.643644	0.1544025	0.502448	0.497552	4.270741
18570	-534.762	-563.0285	28.26644	1.432009	1.702681	0.160083	0.350333	0.649667	2.574814
18576	-529.2514	-555.5688	26.31738	1.894814	4.774433	0.3561289	0.213697	0.786303	2.369091
18582	-526.8072	-552.6787	25.87157	1.165906	9.054859	0.09376121	0.379403	0.620597	2.985042
18588	-540.1509	-565.3725	25.22165	1.567744	9.164862	0.1528438	0.727885	0.272115	2.985042
18594	-539.8496	-563.0265	23.17691	1.001248	16.08815	0.07513434	0.758269	0.241731	4.155973
18600	-534.9521	-558.1606	23.20846	0.9696904	16.08815	0.07513434	0.329886	0.670114	4.155973
18606	-531.1863	-555.0188	23.83247	0.8599069	11.79299	0.07513434	0.373181	0.626819	4.155973
18612	-534.4497	-562.4466	27.9969	1.547199	2.470397	0.4497413	0.0329109	0.967089	1.945819
18618	-539.2253	-566.86	27.63468	1.186385	2.410602	0.4497413	0.206797	0.793203	2.434307
18624	-529.9482	-553.7771	23.82891	0.7954773	13.72829	0.0914439	0.357472	0.642528	4.010831
18630	-526.5905	-553.5906	27.00013	0.6811705	8.322351	0.1662344	0.226115	0.773885	2.502566
18636	-530.213	-557.3327	27.11971	1.203293	3.406531	0.3280865	0.479065	0.520935	2.622046
18642	-521.9792	-549.94	27.96077	2.553391	3.449008	0.4553083	0.637715	0.362285	0.2865436
18648	-524.789	-552.9575	28.16844	1.553638	3.725955	0.4553083	0.495038	0.504962	1.438306
18654	-521.1871	-548.5011	27.31403	1.465925	3.809684	0.4553083	0.20358	0.79642	2.07871
18660	-521.412	-548.358	26.94601	1.346217	3.165452	0.1856769	0.0339985	0.966002	2.924743
18666	-522.246	-547.3322	25.08615	1.732887	15.33347	0.1856769	0.432036	0.567964	2.388325
18672	-520.3107	-547.2672	26.9565	0.9601637	6.24754	0.1173023	0.502303	0.497697	2.731335
18678	-519.9483	-545.9544	26.0062	1.066988	10.50558	0.1173023	0.584929	0.415071	2.763086
18684	-525.5634	-549.1262	23.56279	1.064052	13.51579	0.06203287	0.362837	0.637163	4.102365
18690	-522.8432	-551.3364	28.49315	1.286547	3.502846	0.3304762	0.0697891	0.930211	1.637392
18696	-522.1457	-550.3939	28.24823	1.473689	3.502846	0.3575763	0.553677	0.446323	1.637392
18702	-527.5772	-554.4118	26.83457	2.022771	3.502846	0.7239113	0.375288	0.624712	1.833034
18708	-527.8901	-553.4315	25.54142	2.114512	5.343826	0.6075467	0.31187	0.68813	2.347544
18714	-522.9785	-550.5729	27.59442	2.059743	5.343826	0.1754523	0.376295	0.623705	1.605794
18720	-526.8309	-555.0785	28.24755	1.764506	5.343826	0.2619058	0.450681	0.549319	1.126337
18726	-525.9106	-553.1932	27.28252	1.774689	5.343826	0.1364935	0.527749	0.472251	2.107101
18732	-524.9635	-554.3087	29.34518	2.026074	2.900813	0.1364935	0.318906	0.681094	0.9747956
18738	-527.3795	-557.2705	29.89104	2.318976	2.014446	0.1060519	0.318906	0.681094	0.4428801
18744	-531.7299	-560.5225	28.79256	2.871924	2.014446	0.272153	0.318906	0.681094	0.6273622
18750	-528.6492	-553.6129	24.96364	0.8657368	8.259747	0.2088089	0.305261	0.694739	3.541848
18756	-530.7017	-554.9213	24.21962	1.07849	14.19087	0.2088089	0.298794	0.701206	3.347523
18762	-538.8414	-566.1485	27.30716	2.349716	3.589337	0.1761135	0.245084	0.754916	1.980771
18768	-534.5403	-562.4886	27.94823	2.349716	3.43793	0.5635426	0.192058	0.807942	0.8546623
18774	-530.9923	-559.2669	28.27462	1.798336	4.427202	0.1394742	0.667799	0.332201	1.581648
18780	-532.7374	-556.6094	23.87202	1.069138	3.666411	0.4110643	0.375659	0.624341	4.443889
18786	-530.2236	-556.3247	26.10106	0.7505453	3.666411	0.278125	0.347673	0.652327	3.513609
18792	-528.5142	-553.873	25.35874	0.8554156	3.666411	0.1730689	0.0947285	0.905272	4.050704
18798	-528.42	-553.4425	25.02249	1.396637	11.41578	0.1730689	0.0947285	0.905272	2.958069
18804	-522.483	-548.2708	25.78773	0.7792757	6.329148	0.3103765	0.113583	0.886417	3.189137
18810	-517.9629	-544.897	26.93401	0.9245217	5.968723	0.2540196	0.244281	0.755719	2.540716
18816	-521.22	-546.3254	25.10533	0.7384698	5.968723	0.2540196	0.0864701	0.91353	3.741619
18822	-522.177	-548.1496	25.97255	0.8967806	5.836309	0.3357924	0.202564	0.797436	3.045523
18828	-524.6813	-552.195	27.51364	1.392321	5.836309	0.3880088	0.418193	0.581807	1.674177
18834	-521.5282	-549.7845	28.25628	1.469355	6.800755	0.2514726	0.306953	0.693047	1.093469
18840	-525.8256	-550.5034	24.67777	1.054957	7.029413	0.1264254	0.283706	0.716294	3.896365
18846	-536.0022	-556.5968	20.59459	0.6486481	11.24795	0.1264254	0.20221	0.79779	5.992935
18852	-540.18	-563.38	23.2	3.077379	24.62342	1.647754	0.375054	0.624946	0.3358608
18858	-536.4528	-562.5823	26.12952	2.839582	7.646879	0.8472717	0.315071	0.684929	0.4477895
18864	-526.9308	-551.4591	24.52824	0.720421	11.24795	0.09835287	0.697782	0.302218	3.82202
18870	-530.8168	-558.179	27.36216	1.245625	4.814173	0.2037043	0.200862	0.799138	2.348977
18876	-529.1388	-554.7299	25.59107	0.9567886	4.814173	0.3105728	0.362277	0.637723	3.430139
18882	-525.848	-551.7778	25.92983	1.181648	10.17852	0.3105728	0.691686	0.308314	2.416765
18888	-523.392	-550.6715	27.27952	1.793028	4.037899	0.2396368	0.611033	0.388967	2.139958
18894	-523.7475	-551.1321	27.3846	1.691941	12.29098	0.169219	0.67673	0.32327	1.065205
18900	-522.5992	-549.6638	27.0646	1.483899	12.29098	0.2074959	0.331801	0.668199	1.410248
18906	-521.3489	-547.153	25.80411	1.176183	4.51566	0.2866243	0.432657	0.567343	3.260944
18912	-526.3976	-551.469	25.07141	0.9778887	3.610085	0.4588842	0.0510825	0.948917	3.774934
18918	-527.6618	-552.4604	24.79861	0.7546424	3.057538	0.4588842	0.279587	0.720413	4.182176
18924	-526.2653	-551.9553	25.69004	1.361724	2.944334	0.2520167	0.461045	0.538955	3.601006
18930	-525.9061	-552.0352	26.12909	0.5647343	2.510324	0.2520167	0.398021	0.601979	3.922395
18936	-524.5366	-551.675	27.13849	1.19708	5.004321	0.2520167	0.425305	0.574695	2.402322
18942	-525.5115	-552.9702	27.45872	1.786263	5.004321	0.2433665	0.488605	0.511395	1.820257
18948	-538.0941	-563.4834	25.38921	2.754364	5.004321	0.2916902	0.335554	0.664446	2.461177
18954	-536.8813	-561.0519	24.1706	1.153055	8.130531	0.1914012	0.0503229	0.949677	3.878093
18960	-527.1602	-555.3024	28.14223	2.034285	3.49185	0.4939061	0.404625	0.595375	1.075503
18966	-530.881	-557.2508	26.36978	2.127991	9.796826	0.5085286	0.144544	0.855456	1.223833
18972	-528.6772	-556.892	28.21488	2.382168	4.589166	0.1143182	0.144544	0.855456	1.208205
18978	-530.0678	-558.4421	28.37432	2.452154	4.739439	0.07569074	0.254219	0.745781	1.114632
18984	-528.5128	-556.1033	27.59049	2.269477	5.202419	0.1577255	0.0307036	0.969296	1.52565
18990	-534.5304	-559.8135	25.28302	2.598045	3.945844	4.14617	0.392925	0.607075	0.8861222
18996	-533.1148	-556.9811	23.86636	2.603729	10.34663	4.14617	0.0687168	0.931283	0.8861222
19002	-540.1313	-565.8429	25.71164	2.603729	5.504599	1.86379	0.0628692	0.937131	1.001752
19008	-544.5327	-569.5162	24.98347	2.303408	10.50912	2.266752	0.033151	0.966849	0.8019277
19014	-530.658	-556.9622	26.30427	1.093448	3.739931	0.3560343	0.235092	0.764908	3.072516
19020	-535.2559	-562.7652	27.50929	2.122855	7.483902	0.1536464	0.352652	0.647348	1.30244
19026	-524.8082	-553.4261	28.6179	1.741784	5.706277	0.1822168	0.415419	0.584581	0.9132477
19032	-536.577	-559.4307	22.85366	0.9622089	3.103623	0.397131	0.217423	0.782577	5.207837
19038	-528.7005	-554.3372	25.63665	0.9079309	3.284878	0.397131	0.217423	0.782577	3.625825
19044	-529.0349	-556.0916	27.05673	1.911953	2.726294	1.367131	0.121258	0.878742	1.530273
19050	-529.6685	-556.3853	26.71687	1.125162	3.621722	0.2494206	0.490833	0.509167	2.980543
19056	-531.0051	-557.6689	26.66385	1.050966	6.554876	0.2494206	0.40523	0.59477	2.552588
19062	-530.5386	-558.3006	27.76198	1.857318	5.514366	0.2624771	0.512455	0.487545	1.41302
19068	-526.9383	-553.8816	26.94327	1.928478	10.83481	0.2624771	0.405197	0.594803	1.190945
19074	-525.1464	-549.7834	24.63699	1.126717	19.60968	0.2450079	0.510956	0.489044	2.677297
19080	-525.2135	-551.7649	26.5514	1.056963	5.108842	0.2450079	0.256099	0.743901	2.845195
19086	-519.1357	-546.0136	26.87791	0.9209568	5.108842	0.1792213	0.34425	0.65575	2.845195
19092	-525.16	-551.427	26.26705	1.10451	7.132986	0.1792213	0.531256	0.468744	2.810902
19098	-526.0958	-552.8339	26.73819	1.179414	4.171866	0.6208458	0.00281275	0.997187	2.387456
19104	-531.9903	-558.1794	26.18908	1.46349	8.359264	0.7897376	0.435489	0.564511	1.754606
19110	-528.6368	-553.7125	25.07567	0.8282589	6.46317	0.08085423	0.482173	0.517827	3.978696
19116	-529.4295	-554.8186	25.38913	1.071421	2.939322	0.2287705	0.100451	0.899549	3.978696
19122	-525.4196	-551.2823	25.86263	1.431199	6.672084	0.5189499	0.363869	0.636131	2.458555
19128	-524.0932	-551.54	27.44677	1.550306	6.619576	0.101389	0.363869	0.636131	2.033829
19134	-521.2166	-547.6237	26.4071	1.101995	12.33357	0.223396	0.610533	0.389467	2.104561
19140	-519.8979	-546.6446	26.74676	1.272297	9.542033	0.2059722	0.594195	0.405805	2.0714
19146	-523.0398	-549.9857	26.94591	1.619619	9.96766	0.1270187	0.42272	0.57728	1.834936
19152	-529.2974	-556.0962	26.79875	1.178369	13.36117	0.1701143	0.688995	0.311005	1.810225
19158	-524.3163	-552.0116	27.6953	1.221757	7.572554	0.1568462	0.177497	0.822503	1.810225
19164	-522.0196	-547.4918	25.47212	0.8550939	9.69367	0.1677283	0.570954	0.429046	3.178576
19170	-520.349	-548.4361	28.0871	1.032101	4.208766	0.1677283	0.516315	0.483685	2.211802
19176	-523.4954	-549.2339	25.73856	1.006624	6.764133	0.1677283	0.251527	0.748473	3.255554
19182	-528.1471	-553.4743	25.32719	1.709038	2.670641	1.322163	0.474094	0.525906	2.835769
19188	-529.8727	-556.7448	26.8721	1.868682	3.465663	1.322163	0.35278	0.64722	1.497796
19194	-525.6273	-552.5097	26.88232	1.196937	3.296676	0.2148904	0.526788	0.473212	2.9688
19200	-527.0448	-553.8854	26.84053	1.712595	4.245109	0.1276495	0.497654	0.502346	2.650369
19206	-520.3847	-546.5898	26.2051	1.096213	4.245109	0.2478632	0.611154	0.388846	3.178571
19212	-521.5235	-547.5628	26.03937	1.214266	4.245109	0.2478632	0.390807	0.609193	3.20684
19218	-523.2241	-548.8848	25.66069	1.029865	3.892151	0.2478632	0.359768	0.640232	3.605601
19224	-525.4503	-550.1389	24.68858	0.7699296	6.976151	0.2478632	0.63108	0.36892	3.841077
19230	-522.0521	-547.8345	25.78241	0.5340623	6.089296	0.1212114	0.432718	0.567282	3.693281
19236	-524.417	-548.9066	24.48964	0.7209496	6.089296	0.1821785	0.317451	0.682549	4.204408
19242	-524.5977	-550.849	26.25121	0.9940743	5.311099	0.2179624	0.301746	0.698254	3.075251
19248	-526.725	-553.0189	26.29384	0.9514444	5.311099	0.2179624	0.28399	0.71601	3.075251
19254	-526.9306	-551.2078	24.27724	0.6460827	5.311099	0.2179624	0.637556	0.362444	4.417303
19260	-523.7331	-547.9935	24.26036	0.6629671	5.311099	0.2179624	0.0151221	0.984878	4.417303
19266	-538.1145	-563.8589	25.74435	1.082608	5.311099	0.2048817	0.122059	0.877941	3.345443
19272	-535.2961	-561.2806	25.98452	2.370176	3.211527	1.203804	0.25339	0.74661	1.912113
19278	-540.2616	-566.8603	26.59868	2.469394	3.211527	0.3405073	0.176657	0.823343	2.182587
19284	-530.5315	-559.1851	28.65359	2.126731	1.853278	0.3935496	0.403508	0.596492	1.378802
19290	-534.787	-561.437	26.65003	3.011206	5.468703	0.5101778	0.0253812	0.974619	0.9514456
19296	-531.1011	-559.567	28.46588	1.818143	2.063437	0.2751041	0.29698	0.70302	1.836965
19302	-525.5255	-554.4646	28.93907	1.47172	2.063437	0.2265673	0.605172	0.394828	1.836965
19308	-520.9403	-549.0897	28.14935	1.833569	4.340639	0.3095981	0.333574	0.666426	1.300066
19314	-524.511	-553.6094	29.09845	1.833569	3.871846	0.1938839	0.591248	0.408752	0.8304361
19320	-523.1376	-551.8988	28.7612	1.998477	4.475733	0.1938839	0.389575	0.610425	0.7990078
19326	-523.4655	-550.0932	26.62772	1.656363	10.42097	0.4921218	0.477785	0.522215	1.341331
19332	-524.6291	-552.6466	28.01746	1.533948	7.948192	0.2008556	0.590299	0.409701	1.166515
19338	-521.1148	-549.7801	28.66537	1.748118	5.462432	0.1112109	0.521374	0.478626	1.166515
19344	-529.5256	-554.4773	24.95172	2.400739	15.04936	0.7833142	0.499972	0.500028	1.278622
19350	-522.9166	-549.8522	26.93554	1.882912	9.500389	0.5447245	0.142174	0.857826	0.91121
19356	-527.7765	-554.5128	26.73633	2.033772	10.09298	0.6657528	0.142174	0.857826	0.5140713
19362	-530.2295	-557.3846	27.15512	1.225958	5.319141	0.2900167	0.397597	0.602403	2.258404
19368	-525.6702	-553.3253	27.65507	1.983939	4.894279	0.1736244	0.338189	0.661811	1.709468
19374	-525.9475	-554.1416	28.19414	2.118668	4.894279	0.2695081	0.338189	0.661811	0.9353623
19380	-529.462	-555.395	25.93298	1.413725	10.43688	0.302031	0.318603	0.681397	2.254343
19386	-525.6892	-551.6213	25.9321	1.41461	10.43688	0.302031	0.49958	0.50042	2.254343
19392	-524.9548	-551.9649	27.01015	1.294626	10.43688	0.2833383	0.498389	0.501611	1.637634
19398	-525.4358	-549.8185	24.38263	1.374463	12.10454	0.1888311	0.517872	0.482128	3.266374
19404	-527.3353	-555.5551	28.21978	1.283993	3.589845	0.1497021	0.265153	0.734847	2.140274
19410	-532.894	-558.2969	25.40294	1.232251	4.517676	0.2142012	0.477547	0.522453	3.57383
19416	-527.944	-553.2507	25.30671	0.7299268	7.899888	0.1489576	0.501998	0.498002	3.571976
19422	-528.4267	-553.2128	24.78615	0.7017036	4.86864	0.4754458	0.365162	0.634838	3.847731
19428	-529.1991	-554.4612	25.26215	0.9397861	4.86864	0.5126573	0.491935	0.508065	3.397426
19434	-537.0901	-562.1464	25.05627	1.4047	16.5311	0.07649669	0.573315	0.426685	2.788858
19440	-530.4	-555.7631	25.36304	0.6477623	1.751647	0.3240117	0.349998	0.650002	4.454445
19446	-532.2909	-556.5331	24.24222	0.8031944	3.110698	0.5896649	0.459626	0.540374	4.338507
19452	-535.5312	-564.5599	29.02868	1.92973	1.935999	0.5896649	0.686104	0.313896	0.8675004
19458	-528.1404	-555.3017	27.16129	2.063412	6.281288	0.5896649	0.0677371	0.932263	1.064379
19464	-528.2198	-555.0048	26.78498	2.223314	5.267244	1.119904	0.153691	0.846309	0.9246994
19470	-525.012	-551.9925	26.98056	2.347666	5.267244	0.9717979	0.0105403	0.98946	0.6900711
19476	-534.1093	-560.1361	26.02683	2.347666	5.16059	2.070876	0.453199	0.546801	0.9063283
19482	-523.3448	-551.3717	28.02694	1.407656	6.150164	0.1311017	0.421168	0.578832	1.728425
19488	-527.4861	-554.3135	26.8274	1.672162	5.945728	1.041468	0.525083	0.474917	1.299555
19494	-540.4788	-566.423	25.94422	2.313122	2.511617	2.936268	0.130431	0.869569	1.46713
19500	-525.686	-551.6788	25.99279	1.694781	5.920134	0.5167821	0.175034	0.824966	2.322158
